,f_g_all_caps_wordcount,f_g_sentence_wo_cap_at_start,f_g_sentence_lower_at_start,f_g_a_an_error_count,f_g_cont_punct_count,f_i_quotation_count,f_i_question_count,f_i_exclamation_count,f_o_he_she_ratio,f_d_character_count,f_d_word_count,f_d_sentence_count,f_d_punctuation_count,f_d_digit_count,f_d_uppercase_count,f_d_short_word_count,f_d_alphabet_count,f_d_contraction_count,f_d_word_without_vowels_count,f_d_hapax_legomenon_count,f_c_mean_word_length,f_c_mean_sentence_length,f_c_word_length_standard_deviation,f_c_sentence_length_standard_deviation,f_c_mean_word_frequency,f_c_lexical_diversity_coefficient,f_c_syntactic_complexity_coefficient,f_c_herdans_log_type_token_richness,author
0,0,418,322,0,0,0,3,0,1.0,424,94,424,10,0,6,63,23,0,5,45,3.606,84.0,1.885,26.674,1.492,0.479,0.947,0.838,chesterton
1,0,2285,1785,0,0,0,0,0,2.75,2303,466,2303,80,5,18,316,26,3,24,170,4.052,459.8,2.62,309.439,2.053,0.365,0.989,0.836,austen
2,0,1517,1188,0,0,3,0,0,2.0,1545,321,1545,48,0,28,213,26,1,20,123,3.956,308.2,2.607,397.288,1.803,0.383,0.984,0.834,austen
3,0,301,216,0,0,2,0,1,0.6666666666666666,314,82,314,19,0,13,68,23,0,12,39,3.098,62.0,1.896,53.633,1.491,0.476,0.939,0.831,austen
4,0,295,217,0,0,0,1,1,1.0,317,75,317,19,0,22,53,22,0,10,33,3.44,62.6,1.862,61.002,1.562,0.44,0.933,0.81,shakespeare
5,0,721,558,1,1,0,0,0,0.25,754,159,754,28,0,33,106,25,1,12,70,3.893,150.0,2.356,166.45,1.486,0.44,0.969,0.838,shakespeare
6,0,765,602,0,0,0,0,0,6.0,785,163,785,19,0,20,107,25,0,1,73,3.933,156.2,2.365,50.928,1.614,0.448,0.969,0.842,chesterton
7,0,472,359,0,0,3,3,1,3.0,483,102,483,23,0,11,73,25,1,11,49,3.912,95.8,2.725,86.684,1.437,0.48,0.951,0.841,austen
8,0,396,294,0,0,1,0,0,2.0,405,94,405,21,0,9,68,23,0,10,47,3.479,80.2,2.208,51.804,1.492,0.5,0.947,0.847,austen
9,0,194,134,0,0,4,0,2,1.0,204,49,204,21,0,10,39,22,0,13,26,3.531,40.0,2.716,34.713,1.361,0.531,0.898,0.837,chesterton
10,0,428,322,0,0,2,1,0,2.0,439,102,439,18,0,11,74,23,0,16,55,3.5,87.0,2.219,66.794,1.378,0.539,0.951,0.866,chesterton
11,0,748,585,0,0,1,0,0,3.0,757,156,757,28,0,9,105,25,2,13,80,4.006,150.6,2.701,71.668,1.515,0.513,0.968,0.868,austen
12,0,340,252,0,0,2,0,0,1.0,351,85,351,15,0,11,61,22,0,14,28,3.318,69.4,1.959,39.431,1.809,0.329,0.941,0.75,chesterton
13,0,284,210,0,0,1,1,1,3.0,294,66,294,20,0,10,46,25,1,8,39,3.697,58.0,2.405,26.486,1.222,0.591,0.924,0.874,chesterton
14,0,641,515,0,0,0,0,0,1.0,649,125,649,15,0,8,82,26,0,2,70,4.304,129.0,2.522,53.122,1.488,0.56,0.96,0.88,chesterton
15,0,375,283,0,0,2,0,1,2.0,385,89,385,13,0,10,71,23,0,11,43,3.494,76.2,2.252,50.425,1.413,0.483,0.944,0.838,chesterton
16,0,713,559,0,0,1,2,0,1.6666666666666667,725,143,725,31,0,12,92,25,0,9,75,4.224,144.2,2.615,97.153,1.459,0.524,0.965,0.87,austen
17,0,573,443,0,0,1,0,0,2.0,581,124,581,20,0,8,92,23,1,8,72,3.823,115.4,2.227,57.379,1.378,0.581,0.96,0.887,austen
18,0,257,194,0,0,1,0,0,3.0,266,60,266,16,0,9,40,25,6,12,35,3.7,52.4,2.302,30.171,1.333,0.583,0.917,0.868,chesterton
19,0,801,644,0,0,0,0,0,1.0,814,156,814,18,0,13,101,26,0,2,77,4.327,162.0,2.745,82.52,1.545,0.494,0.968,0.86,chesterton
20,0,293,225,1,0,0,0,0,1.0,314,68,314,11,0,21,48,24,0,5,42,3.779,62.0,2.381,68.4,1.333,0.618,0.926,0.886,shakespeare
21,5,324,240,0,0,0,0,0,1.0,363,79,363,9,4,39,55,24,0,11,38,3.696,71.8,2.306,65.5,1.436,0.481,0.937,0.833,chesterton
22,0,237,165,0,2,2,2,1,1.0,245,66,245,19,0,8,55,23,0,7,43,2.97,48.2,2.023,24.672,1.269,0.652,0.924,0.898,austen
23,0,715,539,0,0,1,0,0,1.0,732,161,732,32,0,17,121,26,1,13,69,3.671,145.6,2.221,116.961,1.578,0.429,0.969,0.833,austen
24,0,83,65,0,0,0,1,0,1.0,89,18,89,4,0,6,11,19,0,1,11,4.167,17.0,3.015,15.748,1.286,0.611,0.722,0.83,shakespeare
25,0,215,162,0,0,0,1,0,1.0,229,53,229,9,0,14,37,22,0,1,25,3.491,45.0,2.35,82.81,1.395,0.472,0.906,0.811,shakespeare
26,0,810,638,0,0,1,0,0,1.0,818,165,818,26,0,8,114,25,3,8,83,4.085,162.8,2.577,122.634,1.557,0.503,0.97,0.865,chesterton
27,0,69,49,0,0,0,0,0,1.0,74,20,74,6,0,5,17,20,0,1,11,3.0,14.0,2.077,9.434,1.25,0.55,0.75,0.8,shakespeare
28,0,334,247,0,0,3,1,1,1.0,343,80,343,16,0,9,59,23,0,11,33,3.487,67.8,1.909,40.419,1.538,0.412,0.938,0.798,chesterton
29,0,676,534,0,0,0,0,0,3.0,691,141,691,16,0,15,91,25,1,10,68,4.007,137.4,2.428,57.051,1.533,0.482,0.965,0.853,chesterton
30,0,428,318,0,1,0,0,0,0.2,437,104,437,20,0,9,79,21,0,8,47,3.356,86.6,2.302,37.899,1.6,0.452,0.952,0.829,austen
31,0,442,341,0,0,1,0,0,0.5,457,96,457,15,0,15,69,25,0,8,55,3.896,90.6,2.395,25.116,1.352,0.573,0.948,0.878,austen
32,0,590,460,0,0,0,0,0,1.2,597,125,597,22,0,7,92,25,0,3,60,3.912,118.6,2.433,99.561,1.524,0.48,0.96,0.848,austen
33,0,336,259,0,0,0,0,0,1.0,350,71,350,19,0,14,45,24,0,9,43,4.127,69.2,3.023,25.014,1.365,0.606,0.93,0.882,austen
34,0,325,244,0,0,3,0,0,3.0,332,76,332,20,0,7,55,24,1,11,24,3.671,65.6,2.67,32.238,1.767,0.316,0.934,0.734,chesterton
35,0,216,166,0,0,0,0,0,1.0,228,50,228,9,0,12,37,21,0,8,32,3.74,44.8,2.431,74.379,1.316,0.64,0.9,0.886,shakespeare
36,0,463,346,0,0,2,1,0,3.0,474,103,474,27,0,11,71,23,1,22,56,3.786,94.0,2.395,60.092,1.373,0.544,0.951,0.869,chesterton
37,0,494,377,0,0,0,0,0,0.16666666666666666,510,114,510,23,0,16,83,26,0,7,47,3.658,101.2,2.387,26.93,1.701,0.412,0.956,0.813,austen
38,0,401,309,0,0,0,5,0,1.0,406,88,406,11,0,5,59,24,4,7,34,3.693,80.4,2.059,13.012,1.571,0.386,0.943,0.788,chesterton
39,0,586,454,0,0,1,0,0,2.0,595,130,595,24,0,9,92,23,0,10,62,3.777,118.2,2.422,73.934,1.548,0.477,0.962,0.848,chesterton
40,0,458,358,0,0,0,0,0,6.0,470,100,470,13,0,12,74,22,1,4,41,3.83,93.2,2.391,27.197,1.613,0.41,0.95,0.806,chesterton
41,0,152,112,0,0,0,1,0,1.0,161,40,161,8,0,9,31,22,1,4,30,3.225,31.4,1.915,35.956,1.176,0.75,0.875,0.922,shakespeare
42,0,536,408,0,0,5,0,0,1.0,546,118,546,33,0,10,78,25,1,16,52,3.924,108.4,2.693,56.354,1.662,0.441,0.958,0.828,chesterton
43,0,686,550,0,0,0,0,0,2.0,692,136,692,15,0,6,89,25,0,0,69,4.199,137.6,2.635,41.15,1.462,0.507,0.963,0.862,chesterton
44,0,660,520,0,0,1,0,0,2.0,665,137,665,24,0,5,90,23,2,5,65,4.022,132.2,2.677,83.076,1.575,0.474,0.964,0.848,chesterton
45,0,575,424,0,0,0,0,0,1.0,604,145,604,34,0,29,108,23,6,14,53,3.359,120.0,2.216,80.978,1.686,0.366,0.966,0.798,shakespeare
46,0,1207,922,0,0,0,0,0,2.6666666666666665,1234,265,1234,59,0,27,191,26,4,22,103,3.808,246.0,2.391,235.587,1.743,0.389,0.981,0.831,austen
47,0,679,546,0,0,0,0,0,1.0,689,131,689,18,0,10,79,23,2,9,65,4.382,137.0,2.733,68.851,1.506,0.496,0.962,0.856,chesterton
48,0,310,236,0,0,0,0,2,0.25,318,72,318,10,0,8,54,24,1,1,28,3.528,62.8,1.884,22.287,1.532,0.389,0.931,0.779,austen
49,0,358,267,0,0,0,0,0,2.0,374,91,374,14,1,16,66,22,0,11,47,3.275,74.0,1.826,88.986,1.492,0.516,0.945,0.854,shakespeare
50,0,381,294,0,0,0,1,0,2.0,395,85,395,15,0,14,56,23,1,6,55,3.8,78.2,2.214,65.618,1.232,0.647,0.941,0.902,shakespeare
51,0,1025,799,0,0,1,1,0,2.0,1045,218,1045,40,0,20,148,26,1,5,94,3.954,208.2,2.536,163.949,1.758,0.431,0.977,0.844,austen
52,0,124,96,0,0,0,0,0,1.0,135,28,135,7,0,11,19,21,0,2,21,4.071,26.2,2.775,26.167,1.167,0.75,0.821,0.914,shakespeare
53,0,192,144,0,0,2,1,1,3.0,197,44,197,10,0,5,31,22,0,6,27,3.727,38.6,2.582,28.192,1.222,0.614,0.886,0.871,chesterton
54,0,716,560,0,0,0,0,1,3.5,731,151,731,28,0,15,103,25,1,7,64,4.0,145.4,2.764,156.987,1.659,0.424,0.967,0.829,austen
55,0,579,454,0,0,2,0,0,2.6666666666666665,591,123,591,21,0,12,83,24,3,7,57,3.992,117.4,2.249,32.501,1.577,0.463,0.959,0.84,chesterton
56,0,373,284,0,0,1,0,2,2.0,384,83,384,16,0,11,57,23,1,10,54,3.771,76.0,2.27,41.249,1.258,0.651,0.94,0.903,austen
57,0,485,380,0,0,2,1,0,3.0,491,102,491,15,0,6,70,24,1,6,51,3.971,97.4,2.318,58.393,1.417,0.5,0.951,0.85,chesterton
58,0,240,177,0,0,3,1,0,2.0,247,58,247,14,0,7,44,22,1,9,33,3.517,48.6,2.079,38.837,1.318,0.569,0.914,0.861,chesterton
59,0,309,233,0,0,0,0,0,2.0,321,75,321,15,0,12,57,23,0,7,43,3.467,63.4,2.177,53.617,1.364,0.573,0.933,0.871,shakespeare
60,0,804,653,0,0,0,0,0,1.0,811,152,811,14,0,7,88,25,0,1,72,4.434,161.4,2.608,79.538,1.551,0.474,0.967,0.851,chesterton
61,0,294,224,0,0,0,0,0,3.0,301,71,301,10,0,7,52,23,0,4,37,3.394,59.4,2.141,26.063,1.449,0.521,0.93,0.847,chesterton
62,0,720,577,0,0,0,0,0,7.0,728,142,728,20,0,8,86,26,0,2,72,4.261,144.8,2.782,105.253,1.527,0.507,0.965,0.863,chesterton
63,1,595,469,0,0,0,0,0,2.0,608,125,608,12,0,13,80,24,0,4,66,3.952,120.8,2.436,63.935,1.437,0.528,0.96,0.868,chesterton
64,0,412,310,0,1,0,0,0,0.5,432,99,432,17,0,20,68,22,1,6,55,3.505,85.6,1.935,111.74,1.394,0.556,0.949,0.872,shakespeare
65,0,804,645,0,0,0,0,0,1.0,812,155,812,21,0,8,100,27,0,7,79,4.348,161.6,2.705,116.82,1.435,0.51,0.968,0.866,austen
66,0,480,376,0,0,0,0,0,6.0,487,105,487,16,0,7,71,24,1,4,48,3.8,96.6,2.647,43.701,1.522,0.457,0.952,0.832,chesterton
67,0,806,626,0,0,3,1,0,2.0,812,170,812,33,0,6,116,27,0,12,88,3.947,161.6,2.443,67.637,1.545,0.518,0.971,0.872,chesterton
68,0,344,275,0,0,0,0,0,0.5,351,69,351,11,0,7,45,23,1,4,42,4.246,69.4,2.897,49.394,1.302,0.609,0.928,0.883,austen
69,0,413,316,0,1,0,0,0,2.0,437,94,437,18,0,24,66,24,0,3,56,3.809,86.6,2.32,83.269,1.306,0.596,0.947,0.886,shakespeare
70,0,612,472,0,0,1,0,0,1.0,622,132,622,26,0,10,88,25,0,9,58,3.871,123.6,2.419,78.271,1.59,0.439,0.962,0.832,austen
71,0,834,664,0,0,0,0,0,0.4,844,171,844,17,0,10,115,26,0,4,84,4.047,168.0,2.303,136.764,1.569,0.491,0.971,0.862,austen
72,0,1015,807,0,0,0,0,0,0.6666666666666666,1026,203,1026,32,0,11,136,26,0,3,82,4.187,204.4,2.929,118.202,1.829,0.404,0.975,0.829,austen
73,0,307,229,0,0,0,1,0,1.0,323,73,323,12,0,16,54,23,0,8,43,3.521,63.8,2.45,113.95,1.304,0.589,0.932,0.877,shakespeare
74,0,765,606,0,0,2,0,1,0.16666666666666666,780,153,780,21,0,15,102,25,2,9,80,4.222,155.2,2.514,165.247,1.43,0.523,0.967,0.871,austen
75,0,560,447,0,0,0,0,0,0.6666666666666666,572,114,572,9,0,12,69,24,0,3,60,4.105,113.6,2.183,31.061,1.443,0.526,0.956,0.864,chesterton
76,0,660,515,0,1,0,0,0,4.0,666,141,666,20,0,6,96,24,0,0,65,3.837,132.4,2.386,57.103,1.602,0.461,0.965,0.844,chesterton
77,0,172,134,0,0,0,0,0,1.0,184,39,184,4,0,12,25,22,0,6,29,3.846,36.0,2.289,39.73,1.083,0.744,0.872,0.919,shakespeare
78,0,346,263,0,0,1,0,0,2.0,355,79,355,17,0,9,57,24,0,6,47,3.696,70.2,2.409,30.31,1.295,0.595,0.937,0.881,chesterton
79,0,287,209,0,0,2,1,3,1.0,295,69,295,18,0,8,53,25,0,8,31,3.464,58.2,2.153,40.37,1.408,0.449,0.928,0.811,austen
80,0,294,213,0,0,3,1,0,2.0,300,70,300,23,0,6,48,23,1,11,41,3.543,59.2,2.158,51.046,1.373,0.586,0.929,0.874,chesterton
81,0,85,58,0,0,0,0,0,1.0,94,26,94,6,2,9,20,13,1,3,10,2.885,18.0,2.321,20.149,1.529,0.385,0.808,0.707,shakespeare
82,0,325,239,0,0,2,0,0,3.0,334,75,334,20,0,9,53,24,1,12,40,3.627,66.0,2.235,39.912,1.389,0.533,0.933,0.854,chesterton
83,0,415,310,0,0,3,1,0,1.0,424,97,424,23,0,9,75,24,0,10,49,3.588,84.0,2.423,54.699,1.448,0.505,0.948,0.851,austen
84,0,36,25,0,0,0,0,0,1.0,41,12,41,3,0,5,10,14,1,0,7,2.75,7.4,1.712,5.639,1.333,0.583,0.583,0.783,shakespeare
85,0,456,357,0,0,0,0,0,1.0,463,100,463,11,0,7,66,23,0,6,42,3.75,91.8,2.076,66.702,1.515,0.42,0.95,0.812,chesterton
86,0,259,195,0,0,0,0,0,1.0,279,59,279,14,0,20,36,21,0,3,29,3.881,55.0,2.594,58.907,1.475,0.492,0.915,0.826,shakespeare
87,0,224,168,0,0,0,2,0,2.0,237,55,237,8,0,13,44,23,0,2,32,3.436,46.6,1.73,65.006,1.25,0.582,0.909,0.865,shakespeare
88,0,622,467,0,0,2,0,0,1.0,644,140,644,37,0,22,97,23,1,23,68,3.793,128.0,2.454,57.337,1.505,0.486,0.964,0.854,austen
89,0,951,740,0,0,0,0,0,0.5,971,207,971,27,0,20,149,26,0,5,79,3.802,193.4,2.228,130.781,1.816,0.382,0.976,0.819,austen
90,0,404,308,0,0,0,0,0,6.0,410,96,410,10,0,6,71,23,2,7,48,3.375,81.2,2.089,5.404,1.455,0.5,0.948,0.848,chesterton
91,0,321,234,0,0,4,0,1,3.0,328,77,328,22,0,7,57,23,0,11,41,3.519,64.8,1.847,60.214,1.351,0.532,0.935,0.855,chesterton
92,0,501,394,0,0,0,0,0,1.0,506,106,506,13,0,5,75,25,0,2,55,3.896,100.4,2.313,101.36,1.452,0.519,0.953,0.859,chesterton
93,0,412,326,0,0,0,0,1,1.0,418,80,418,15,0,6,56,24,1,5,51,4.338,82.8,2.989,22.073,1.231,0.637,0.938,0.897,austen
94,0,47,33,0,0,0,1,0,1.0,52,14,52,5,0,5,11,15,1,2,9,3.071,9.6,1.859,7.701,1.273,0.643,0.643,0.833,shakespeare
95,0,882,685,0,0,0,0,0,0.2,889,196,889,28,0,7,138,25,0,3,75,3.679,177.0,2.222,32.97,1.832,0.383,0.974,0.818,austen
96,0,216,166,0,0,1,0,1,0.5,223,48,223,8,0,7,34,23,0,4,37,3.812,43.8,2.34,20.142,1.091,0.771,0.896,0.933,austen
97,0,327,250,0,0,0,0,0,1.0,350,77,350,10,0,23,55,23,0,6,46,3.675,69.2,2.016,76.49,1.242,0.597,0.935,0.881,shakespeare
98,0,186,137,0,0,0,0,4,1.0,193,46,193,11,0,7,31,23,3,7,29,3.391,37.8,1.994,41.106,1.278,0.63,0.891,0.88,chesterton
99,0,1212,978,0,0,3,0,0,2.0,1252,227,1252,30,0,40,126,27,1,14,116,4.643,249.6,3.021,138.789,1.544,0.511,0.978,0.876,chesterton
100,0,348,255,0,0,2,0,1,1.0,360,87,360,21,0,12,71,24,1,10,45,3.368,71.2,1.881,63.251,1.426,0.517,0.943,0.852,austen
101,1,323,254,0,0,0,0,0,1.0,338,68,338,9,0,15,44,24,0,5,41,4.088,66.8,2.526,38.278,1.283,0.603,0.926,0.88,austen
102,0,532,413,0,0,0,0,0,1.0,540,118,540,13,0,8,81,27,0,9,56,3.686,107.2,2.135,80.763,1.494,0.475,0.958,0.844,chesterton
103,0,295,223,0,0,1,0,0,1.5,303,71,303,15,0,8,53,24,2,5,44,3.507,59.8,1.881,42.458,1.268,0.62,0.93,0.888,chesterton
104,0,357,259,0,0,2,1,2,1.0,367,91,367,19,0,10,73,24,1,15,42,3.209,72.6,2.019,56.598,1.517,0.462,0.945,0.829,austen
105,0,215,159,0,0,1,0,0,1.0,221,53,221,10,0,6,42,23,0,8,31,3.358,43.4,2.338,13.465,1.293,0.585,0.906,0.865,austen
106,0,510,397,0,0,0,0,0,3.0,523,107,523,21,0,13,75,26,4,8,54,4.037,103.8,3.084,59.036,1.529,0.505,0.953,0.854,chesterton
107,0,741,591,0,0,2,0,0,1.0,765,143,765,25,0,24,86,25,4,13,77,4.503,152.2,2.904,73.941,1.43,0.538,0.965,0.875,chesterton
108,4,321,246,0,0,1,1,0,2.0,341,73,341,11,0,20,51,25,1,8,53,3.822,67.4,2.434,74.426,1.177,0.726,0.932,0.925,chesterton
109,0,425,326,0,0,2,1,0,1.0,434,95,434,19,0,9,67,24,0,11,59,3.789,86.0,2.492,44.119,1.319,0.621,0.947,0.895,austen
110,0,181,133,0,0,2,0,2,1.0,185,42,185,13,0,4,30,21,0,6,21,3.667,36.2,2.476,19.383,1.312,0.5,0.881,0.815,chesterton
111,0,387,297,0,0,2,0,0,1.0,396,83,396,18,0,9,58,23,0,16,42,3.976,78.4,2.82,27.718,1.509,0.506,0.94,0.846,chesterton
112,0,563,448,0,0,0,0,0,3.0,570,116,570,7,0,7,75,26,0,1,54,3.983,113.2,2.23,82.488,1.526,0.466,0.957,0.839,chesterton
113,0,390,296,0,0,1,0,0,3.0,397,90,397,18,0,7,70,24,1,8,40,3.6,78.6,2.43,29.905,1.475,0.444,0.944,0.82,austen
114,0,542,407,1,0,5,0,0,3.0,553,126,553,32,0,11,93,24,5,16,69,3.651,109.8,2.26,78.229,1.448,0.548,0.96,0.875,chesterton
115,0,324,233,0,0,4,0,0,3.0,334,84,334,23,0,10,68,23,3,12,42,3.262,66.0,1.857,44.221,1.448,0.5,0.94,0.844,chesterton
116,0,586,472,0,0,0,0,0,1.0,598,115,598,10,0,12,71,24,0,2,54,4.296,118.8,2.585,10.159,1.474,0.47,0.957,0.841,chesterton
117,0,292,221,0,0,0,2,0,1.0,304,68,304,15,0,12,52,25,0,3,38,3.647,60.0,2.316,64.969,1.36,0.559,0.926,0.862,shakespeare
118,0,586,447,0,0,5,1,1,1.0,592,130,592,25,0,6,93,23,0,16,58,3.754,117.6,2.472,116.464,1.585,0.446,0.962,0.834,chesterton
119,0,483,377,0,0,1,1,0,1.5,497,100,497,17,0,14,67,25,0,5,62,4.1,98.6,2.389,85.798,1.266,0.62,0.95,0.896,austen
120,0,911,689,0,0,2,1,0,0.75,934,206,934,36,0,23,144,26,1,23,83,3.65,186.0,2.115,231.586,1.675,0.403,0.976,0.829,austen
121,0,449,333,0,0,3,2,0,1.0,461,111,461,23,0,12,85,23,5,16,46,3.378,91.4,1.839,66.203,1.586,0.414,0.955,0.813,chesterton
122,0,771,589,0,0,0,4,0,1.0,815,176,815,35,0,44,117,25,0,14,84,3.795,162.2,2.333,111.251,1.504,0.477,0.972,0.857,shakespeare
123,0,455,350,0,0,1,0,0,1.5,472,105,472,17,0,17,76,24,1,8,50,3.676,93.6,2.513,83.614,1.522,0.476,0.952,0.841,austen
124,1,221,167,0,0,1,0,0,0.5,242,52,242,12,0,21,32,23,1,7,37,3.885,47.6,2.455,50.083,1.209,0.712,0.904,0.914,chesterton
125,0,246,189,0,0,0,0,0,1.0,263,57,263,11,0,17,39,23,0,4,36,3.807,51.8,2.065,65.005,1.267,0.632,0.912,0.886,shakespeare
126,0,456,361,1,0,1,0,0,3.0,468,92,468,15,0,12,54,24,1,6,54,4.239,92.8,2.608,45.301,1.333,0.587,0.946,0.882,chesterton
127,1,847,686,0,0,0,0,0,1.0,864,156,864,16,0,17,87,26,0,6,81,4.609,172.0,2.774,48.888,1.458,0.519,0.968,0.87,chesterton
128,0,387,297,0,0,0,0,0,0.3333333333333333,396,91,396,12,0,9,67,23,0,9,53,3.505,78.4,1.98,39.125,1.319,0.582,0.945,0.88,austen
129,0,516,381,0,0,4,2,0,2.0,527,126,527,27,0,11,94,24,0,13,44,3.397,104.6,2.09,43.992,1.75,0.349,0.96,0.782,chesterton
130,0,1199,956,0,0,0,0,0,0.16666666666666666,1229,244,1229,26,0,30,161,25,2,4,85,4.148,245.0,2.366,214.657,1.891,0.348,0.98,0.808,austen
131,0,448,338,0,0,2,0,0,2.0,457,107,457,19,0,9,84,24,0,7,53,3.458,90.6,2.186,55.071,1.408,0.495,0.953,0.85,austen
132,0,90,65,0,0,0,0,0,1.0,98,26,98,6,2,8,20,20,2,4,14,3.115,18.8,2.487,17.167,1.3,0.538,0.808,0.81,shakespeare
133,0,255,193,0,0,2,1,1,1.0,260,57,260,12,0,5,43,23,0,7,38,3.754,51.2,2.452,44.398,1.188,0.667,0.912,0.9,austen
134,0,227,165,0,0,3,1,1,1.0,235,56,235,20,0,8,44,21,3,14,25,3.571,46.2,2.872,46.768,1.474,0.446,0.911,0.8,chesterton
135,2,516,397,0,0,0,0,1,0.25,537,114,537,20,0,21,82,24,2,10,52,3.851,106.6,2.362,81.91,1.462,0.456,0.956,0.834,austen
136,0,142,100,0,0,0,0,3,1.0,149,36,149,11,0,7,28,22,0,6,25,3.306,29.0,2.573,26.542,1.2,0.694,0.861,0.898,austen
137,0,548,434,0,0,1,0,2,1.0,553,110,553,19,0,5,64,24,0,4,60,4.191,109.8,2.375,71.426,1.41,0.545,0.955,0.871,chesterton
138,0,435,330,0,0,3,2,0,2.0,446,95,446,24,0,11,66,25,1,16,47,3.926,88.4,2.494,64.814,1.357,0.495,0.947,0.845,austen
139,0,280,209,0,0,0,0,0,0.5,300,71,300,12,0,20,54,21,0,8,38,3.394,59.2,2.101,39.468,1.34,0.535,0.93,0.853,shakespeare
140,2,1429,1123,0,0,0,2,0,0.4,1454,293,1454,51,0,25,197,26,0,9,103,4.092,290.0,2.566,257.911,1.94,0.352,0.983,0.816,austen
141,0,91,67,0,0,0,1,0,1.0,96,24,96,5,0,5,17,20,1,5,22,3.208,18.4,1.744,19.832,1.043,0.917,0.792,0.973,shakespeare
142,0,317,241,0,0,0,0,1,0.3333333333333333,329,77,329,11,0,12,60,24,0,2,35,3.429,65.0,2.022,42.113,1.453,0.455,0.935,0.818,austen
143,0,959,771,0,0,0,0,0,7.0,973,184,973,21,0,14,108,24,0,3,93,4.38,193.8,2.462,86.427,1.521,0.505,0.973,0.869,chesterton
144,0,197,143,0,0,0,0,0,1.0,214,52,214,12,0,17,39,23,0,7,34,3.308,42.0,2.034,76.701,1.268,0.654,0.904,0.892,shakespeare
145,0,655,509,0,0,0,0,0,8.0,663,145,663,16,0,8,104,25,1,3,76,3.676,131.8,2.058,69.926,1.436,0.524,0.966,0.87,chesterton
146,0,804,639,0,0,0,0,0,1.25,812,165,812,16,0,8,111,25,0,2,75,4.018,161.6,2.553,131.356,1.557,0.455,0.97,0.846,austen
147,0,212,164,0,0,0,0,1,1.0,217,45,217,9,0,5,29,23,0,6,32,4.0,42.6,2.86,13.831,1.216,0.711,0.889,0.91,austen
148,0,577,456,0,1,0,0,0,6.0,585,119,585,20,0,8,70,24,3,3,60,4.067,116.2,2.497,64.917,1.506,0.504,0.958,0.857,chesterton
149,0,234,170,0,0,3,1,0,3.0,240,56,240,15,0,6,43,25,0,8,29,3.518,47.2,2.199,52.088,1.302,0.518,0.911,0.837,chesterton
150,0,1175,926,0,0,1,0,0,2.0,1187,247,1187,36,0,12,169,27,1,4,111,3.951,236.6,2.519,116.242,1.739,0.449,0.98,0.855,austen
151,0,621,483,0,0,1,0,1,1.0,629,128,629,24,0,8,87,24,0,10,71,4.047,125.0,2.78,77.965,1.391,0.555,0.961,0.879,austen
152,0,134,97,0,0,0,0,0,1.0,145,36,145,7,0,11,29,21,1,2,25,3.194,28.2,2.202,25.183,1.2,0.694,0.861,0.898,shakespeare
153,0,798,626,0,0,1,0,0,1.5,815,169,815,22,0,17,111,24,0,7,84,3.953,162.2,2.246,151.158,1.536,0.497,0.97,0.864,austen
154,0,276,201,0,0,2,1,0,1.0,285,71,285,16,0,9,59,26,0,11,38,3.254,56.2,1.976,38.363,1.365,0.535,0.93,0.853,austen
155,0,610,462,0,0,1,0,1,1.0,630,144,630,25,0,20,107,25,1,14,62,3.542,125.2,2.218,122.404,1.6,0.431,0.965,0.83,austen
156,0,640,500,0,1,1,0,1,0.5,647,136,647,20,0,7,93,24,0,7,73,3.897,128.6,2.483,75.972,1.417,0.537,0.963,0.873,austen
157,0,449,355,0,0,0,0,0,0.8,454,95,454,11,0,5,71,22,0,1,39,3.905,90.0,2.45,65.479,1.638,0.411,0.947,0.804,austen
158,0,412,313,0,0,3,0,3,3.0,423,91,423,22,0,11,62,24,0,10,53,3.879,83.8,2.56,77.477,1.338,0.582,0.945,0.88,austen
159,0,462,349,0,0,3,1,0,4.0,475,106,475,22,0,13,82,24,3,16,57,3.689,94.2,2.29,75.622,1.452,0.538,0.953,0.867,chesterton
160,0,321,236,0,0,0,0,0,1.0,344,80,344,17,1,23,55,24,0,7,39,3.462,68.0,2.181,89.669,1.404,0.487,0.938,0.836,shakespeare
161,0,219,150,0,0,3,0,2,2.0,227,61,227,20,0,8,51,21,0,14,26,3.033,44.6,2.073,50.993,1.564,0.426,0.918,0.793,austen
162,0,417,324,0,0,0,2,0,1.0,436,91,436,17,0,19,59,23,0,9,55,3.956,86.4,2.29,43.873,1.319,0.604,0.945,0.888,shakespeare
163,0,396,296,0,0,0,0,0,2.0,420,99,420,18,0,24,71,23,0,6,49,3.414,83.2,1.895,98.971,1.414,0.495,0.949,0.847,shakespeare
164,0,295,217,0,0,1,0,1,1.0,304,74,304,14,0,9,61,22,0,11,44,3.284,60.0,1.913,36.435,1.345,0.595,0.932,0.879,austen
165,0,544,415,0,0,0,0,3,3.0,556,120,556,25,0,12,82,23,0,11,63,3.775,110.4,2.342,120.979,1.412,0.525,0.958,0.865,austen
166,0,503,393,0,0,0,0,0,2.0,508,111,508,7,0,5,83,23,0,5,50,3.649,100.8,1.92,37.772,1.542,0.45,0.955,0.831,chesterton
167,0,254,193,0,0,0,0,2,0.3333333333333333,262,58,262,11,0,8,42,23,0,7,40,3.672,51.6,2.605,41.04,1.16,0.69,0.914,0.908,austen
168,2,590,471,0,0,0,0,1,1.0,608,116,608,15,0,18,68,25,0,6,55,4.345,120.8,2.823,162.065,1.45,0.474,0.957,0.843,austen
169,0,423,326,0,0,1,0,1,2.0,436,95,436,19,0,13,68,22,0,8,49,3.811,86.4,2.738,65.835,1.418,0.516,0.947,0.855,austen
170,0,665,524,0,0,1,0,0,2.0,674,137,674,18,0,9,93,24,0,5,74,4.036,134.0,2.35,26.618,1.442,0.54,0.964,0.875,chesterton
171,0,252,188,0,0,1,0,0,1.0,259,64,259,11,0,7,51,23,0,4,30,3.25,51.0,1.968,32.008,1.391,0.469,0.922,0.818,austen
172,0,684,544,0,0,0,0,0,7.0,694,141,694,14,0,10,92,23,1,2,73,4.028,138.0,2.481,66.359,1.5,0.518,0.965,0.867,chesterton
173,0,249,184,0,0,2,0,1,4.0,254,57,254,16,0,5,40,24,1,7,34,3.667,50.0,1.835,57.498,1.213,0.596,0.912,0.872,chesterton
174,0,548,427,0,0,2,1,0,1.25,555,118,555,19,0,7,84,24,0,8,60,3.873,110.2,2.409,77.992,1.422,0.508,0.958,0.858,austen
175,0,112,80,0,0,0,3,0,1.0,120,28,120,8,0,8,23,20,0,2,21,3.429,23.2,2.251,26.205,1.12,0.75,0.821,0.914,shakespeare
176,0,962,746,0,0,0,0,0,6.0,1001,212,1001,28,0,39,144,24,0,9,84,3.835,199.4,2.174,83.731,1.631,0.396,0.976,0.827,shakespeare
177,0,152,111,0,0,0,2,0,1.0,166,40,166,7,0,14,31,21,0,5,25,3.3,32.4,2.174,9.889,1.25,0.625,0.875,0.873,shakespeare
178,0,624,467,1,0,5,1,0,2.0,639,144,639,32,0,15,102,24,1,21,79,3.653,127.0,2.213,55.696,1.5,0.549,0.965,0.879,chesterton
179,0,333,243,0,0,0,0,1,1.0,347,76,347,27,0,14,54,25,3,14,40,3.737,68.6,2.473,51.481,1.434,0.526,0.934,0.852,austen
180,0,1604,1280,0,0,0,0,0,6.0,1614,318,1614,38,0,10,211,26,1,5,119,4.176,322.0,2.705,299.566,1.904,0.374,0.984,0.829,austen
181,0,324,243,0,0,0,1,1,3.0,337,75,337,19,0,13,52,22,1,2,45,3.667,66.6,2.451,98.893,1.293,0.6,0.933,0.882,shakespeare
182,0,408,324,0,0,0,2,0,1.5,420,83,420,11,0,12,54,24,0,2,48,4.181,83.2,2.6,79.835,1.317,0.578,0.94,0.876,austen
183,0,627,485,0,0,2,1,0,2.0,639,134,639,25,0,12,95,25,0,11,56,3.933,127.0,2.561,83.039,1.576,0.418,0.963,0.822,austen
184,0,1413,1153,0,0,0,0,0,1.0,1421,258,1421,35,0,8,139,26,1,5,124,4.636,283.4,2.926,131.766,1.665,0.481,0.981,0.868,austen
185,0,1328,1059,0,0,0,0,0,3.0,1337,261,1337,30,0,9,160,26,2,5,119,4.207,266.6,2.5,97.823,1.662,0.456,0.981,0.859,chesterton
186,0,428,338,0,0,0,0,0,7.0,433,90,433,9,0,5,63,23,0,0,45,3.911,85.8,2.462,33.041,1.429,0.5,0.944,0.846,chesterton
187,0,268,197,0,0,2,1,0,2.0,281,66,281,14,0,13,53,24,0,13,33,3.485,55.4,2.186,38.727,1.404,0.5,0.924,0.835,chesterton
188,0,914,743,0,0,0,0,0,6.0,927,171,927,14,0,13,107,24,0,2,85,4.503,184.6,2.688,90.467,1.555,0.497,0.971,0.864,chesterton
189,0,192,142,0,1,0,1,0,2.0,198,49,198,9,0,6,39,22,0,5,28,3.204,38.8,1.607,56.513,1.289,0.571,0.898,0.856,shakespeare
190,0,257,194,0,0,3,2,0,1.0,264,56,264,15,0,7,42,23,2,9,22,3.964,52.0,2.892,53.684,1.514,0.393,0.911,0.768,chesterton
191,0,410,301,0,0,2,0,1,4.0,417,105,417,19,0,7,88,24,0,9,50,3.162,82.6,1.947,53.78,1.479,0.476,0.952,0.841,austen
192,0,231,181,0,0,0,2,0,2.0,238,47,238,7,2,7,30,23,1,4,27,4.191,46.8,3.076,40.567,1.27,0.574,0.894,0.856,austen
193,0,534,416,0,0,2,1,0,3.0,542,112,542,20,0,8,74,26,1,11,62,4.018,107.6,2.266,67.755,1.436,0.554,0.955,0.875,chesterton
194,0,349,267,0,1,2,0,1,0.5,359,79,359,14,0,10,58,24,0,8,52,3.734,71.0,2.448,72.436,1.234,0.658,0.937,0.904,austen
195,0,200,146,0,0,2,0,1,1.0,206,52,206,11,0,6,43,23,0,8,32,3.212,40.4,1.786,31.493,1.209,0.615,0.904,0.877,austen
196,0,829,630,0,0,1,0,0,0.2,852,175,852,40,0,23,126,25,1,19,70,3.977,169.6,2.344,144.984,1.651,0.4,0.971,0.823,austen
197,0,543,437,0,0,1,0,1,7.0,553,103,553,17,0,10,63,24,1,5,56,4.524,109.8,2.967,60.895,1.392,0.544,0.951,0.869,chesterton
198,0,205,154,0,0,0,4,0,2.0,218,48,218,7,0,13,33,23,0,5,23,3.625,42.8,2.209,39.137,1.371,0.479,0.896,0.81,shakespeare
199,0,546,415,0,1,0,0,0,3.0,555,126,555,18,0,9,94,24,1,12,68,3.524,110.2,2.093,77.296,1.37,0.54,0.96,0.872,chesterton
200,0,497,390,0,1,2,0,1,1.0,504,103,504,17,0,7,71,23,0,9,61,4.058,100.0,2.74,46.293,1.338,0.592,0.951,0.887,chesterton
201,0,530,397,0,0,0,1,0,1.0,567,125,567,33,0,37,82,25,0,8,53,3.736,112.6,2.515,107.523,1.689,0.424,0.96,0.822,shakespeare
202,0,269,210,0,0,0,1,1,1.0,279,58,279,8,0,10,38,22,0,3,39,3.931,55.0,2.42,37.142,1.234,0.672,0.914,0.902,chesterton
203,0,507,383,0,0,3,0,0,3.0,520,114,520,23,0,13,84,25,0,11,60,3.728,103.2,2.263,73.598,1.39,0.526,0.956,0.864,chesterton
204,0,250,193,0,0,0,0,0,1.0,259,57,259,12,0,9,41,22,0,2,31,3.754,51.0,2.43,68.833,1.541,0.544,0.912,0.849,shakespeare
205,0,1052,837,0,0,0,0,0,1.25,1066,215,1066,31,0,14,142,24,5,8,83,4.102,212.4,2.539,121.422,1.807,0.386,0.977,0.823,austen
206,4,725,579,0,0,0,0,0,5.0,759,140,759,20,0,34,83,24,2,9,74,4.521,151.0,2.75,144.047,1.414,0.529,0.964,0.871,chesterton
207,0,790,607,0,0,0,0,0,1.0,843,177,843,31,0,53,115,23,0,12,90,3.904,167.8,2.337,91.822,1.451,0.508,0.972,0.869,shakespeare
208,0,144,103,0,1,0,0,0,2.0,150,41,150,12,0,6,35,19,3,4,29,2.951,29.2,1.482,29.978,1.242,0.707,0.878,0.907,shakespeare
209,0,458,362,0,0,0,0,0,1.0,468,97,468,11,0,10,68,24,1,3,55,3.948,92.8,2.667,86.138,1.366,0.567,0.948,0.876,austen
210,0,843,665,0,0,2,0,0,4.0,862,175,862,27,0,19,111,26,3,13,74,4.086,171.6,2.541,119.567,1.606,0.423,0.971,0.833,austen
211,0,498,377,0,0,3,0,0,0.5,517,113,517,22,0,19,78,23,0,16,47,3.752,102.6,2.426,52.885,1.527,0.416,0.956,0.814,austen
212,0,182,137,0,0,0,0,0,1.0,193,46,193,10,0,11,33,21,1,4,32,3.435,37.8,2.316,57.229,1.211,0.696,0.891,0.905,shakespeare
213,0,1027,785,0,0,1,1,2,6.0,1038,232,1038,39,0,11,166,24,0,10,83,3.608,206.8,2.16,146.074,1.902,0.358,0.978,0.811,austen
214,0,254,190,0,0,1,1,1,1.0,266,57,266,16,0,12,37,24,1,8,39,3.877,52.4,2.605,30.163,1.188,0.684,0.912,0.906,austen
215,0,361,263,0,1,2,0,2,0.5,371,87,371,27,0,10,66,25,2,13,57,3.506,73.4,2.42,70.522,1.261,0.655,0.943,0.905,austen
216,0,1208,957,0,0,0,0,0,1.5,1232,251,1232,33,0,24,173,24,3,6,93,4.04,245.6,2.436,247.812,1.846,0.371,0.98,0.82,austen
217,0,179,127,0,0,2,0,3,1.0,188,42,188,17,0,9,31,22,1,9,27,3.738,36.8,3.124,17.908,1.135,0.643,0.881,0.882,austen
218,0,635,478,0,0,3,1,2,0.25,661,138,661,41,0,26,89,26,2,20,50,3.993,131.4,2.412,30.171,1.704,0.362,0.964,0.794,austen
219,0,280,210,0,0,1,1,0,0.3333333333333333,286,67,286,15,0,6,51,24,0,5,41,3.493,56.4,2.048,31.021,1.288,0.612,0.925,0.883,austen
220,0,517,384,0,0,0,0,0,0.4,529,127,529,24,0,12,99,25,1,8,49,3.315,105.0,1.93,57.598,1.587,0.386,0.961,0.803,austen
221,0,237,177,0,0,2,0,0,1.0,246,55,246,19,0,9,36,23,1,4,26,3.8,48.4,2.57,54.962,1.571,0.473,0.909,0.813,chesterton
222,0,495,390,0,0,0,0,0,0.14285714285714285,502,106,502,18,0,7,69,25,2,2,51,3.915,99.6,2.586,80.612,1.606,0.481,0.953,0.843,austen
223,0,280,212,0,0,3,2,0,2.0,286,62,286,16,0,6,45,23,1,7,40,3.871,56.4,2.392,38.331,1.265,0.645,0.919,0.894,chesterton
224,0,272,182,0,0,7,2,0,1.0,283,78,283,28,0,11,63,25,0,17,28,3.026,55.8,2.038,35.394,1.773,0.359,0.936,0.765,chesterton
225,0,873,686,0,0,0,0,0,4.0,883,187,883,24,0,10,133,25,1,3,84,3.85,175.8,2.405,40.518,1.748,0.449,0.973,0.847,chesterton
226,0,325,247,0,0,1,1,2,1.0,343,70,343,19,0,18,47,24,0,9,39,4.1,67.8,2.566,51.804,1.321,0.557,0.929,0.862,austen
227,0,348,272,0,0,1,0,1,1.0,354,74,354,12,0,6,55,24,1,4,49,3.946,70.0,2.51,63.816,1.194,0.662,0.932,0.904,austen
228,0,552,437,0,0,1,0,1,1.0,564,112,564,16,0,12,72,24,0,6,60,4.188,112.0,2.535,95.781,1.436,0.536,0.955,0.868,chesterton
229,0,184,138,0,0,0,0,0,1.0,193,45,193,10,0,9,33,23,3,6,29,3.511,37.8,2.181,27.253,1.286,0.644,0.889,0.885,chesterton
230,0,449,358,0,0,0,0,0,3.0,460,90,460,9,0,11,62,24,0,4,44,4.2,91.2,2.674,41.373,1.452,0.489,0.944,0.841,chesterton
231,0,566,421,0,0,0,0,0,5.0,578,129,578,32,0,12,96,24,0,17,65,3.605,114.8,2.47,102.974,1.5,0.504,0.961,0.859,austen
232,0,741,583,0,0,0,0,0,3.0,753,157,753,18,0,12,104,26,1,3,62,3.904,149.8,2.516,56.14,1.805,0.395,0.968,0.816,chesterton
233,0,221,167,0,0,3,0,1,1.0,228,49,228,16,0,7,32,23,0,8,25,4.02,44.8,2.402,30.785,1.441,0.51,0.898,0.827,chesterton
234,0,398,302,0,0,2,1,0,2.0,405,92,405,17,0,7,70,24,0,6,50,3.598,80.2,2.028,57.491,1.394,0.543,0.946,0.865,chesterton
235,0,435,332,0,0,3,0,0,4.0,442,94,442,24,0,7,65,23,1,13,43,3.947,87.6,2.757,58.607,1.469,0.457,0.947,0.828,chesterton
236,0,1071,857,0,0,0,0,0,3.0,1082,215,1082,18,0,11,147,26,0,1,100,4.121,215.6,2.522,70.974,1.629,0.465,0.977,0.857,chesterton
237,0,696,552,0,0,0,0,0,1.25,706,145,706,16,0,10,100,24,0,1,64,3.986,140.4,2.43,85.064,1.576,0.441,0.966,0.836,austen
238,0,459,352,0,0,2,0,0,1.0,467,103,467,19,0,8,76,25,0,12,56,3.728,92.6,2.583,59.827,1.392,0.544,0.951,0.869,austen
239,0,657,508,0,0,0,0,0,0.25,673,150,673,15,0,16,113,24,0,10,62,3.593,133.8,2.027,141.095,1.648,0.413,0.967,0.824,austen
240,0,411,316,0,0,3,0,0,2.0,418,89,418,19,0,7,60,24,0,9,46,3.921,82.8,2.642,52.652,1.391,0.517,0.944,0.853,chesterton
241,0,885,707,0,0,0,0,0,1.0,892,177,892,17,0,7,110,25,0,2,68,4.13,177.6,2.491,66.157,1.752,0.384,0.972,0.815,chesterton
242,0,213,170,0,0,0,0,0,3.0,218,42,218,10,0,5,24,23,1,3,29,4.405,42.8,3.276,26.93,1.135,0.69,0.881,0.901,austen
243,0,122,89,0,0,0,1,0,1.0,132,33,132,6,0,10,25,21,0,1,24,3.182,25.6,2.053,30.138,1.138,0.727,0.848,0.909,shakespeare
244,0,728,567,0,0,1,0,1,0.6,748,159,748,26,0,20,110,25,0,10,82,3.874,148.8,2.523,144.902,1.459,0.516,0.969,0.869,austen
245,0,390,289,0,0,1,0,0,1.0,404,97,404,23,0,14,71,25,0,10,48,3.392,80.0,2.129,24.729,1.448,0.495,0.948,0.846,austen
246,0,51,38,0,0,0,0,0,2.0,58,14,58,4,0,7,10,16,0,0,9,3.5,10.8,2.175,7.95,1.273,0.643,0.643,0.833,shakespeare
247,0,124,89,0,0,0,2,0,2.0,134,33,134,8,0,10,27,21,0,4,22,3.242,26.0,1.888,36.242,1.179,0.667,0.848,0.884,shakespeare
248,0,510,395,0,0,0,0,0,1.0,517,112,517,16,0,7,82,24,0,5,54,3.741,102.6,2.355,47.747,1.436,0.482,0.955,0.845,austen
249,0,492,391,0,0,1,1,0,1.0,500,99,500,18,0,8,57,25,1,4,58,4.232,99.2,2.498,81.582,1.356,0.586,0.949,0.884,chesterton
250,0,699,557,0,0,0,1,0,2.0,707,141,707,20,0,8,90,25,1,5,65,4.149,140.6,2.64,56.88,1.567,0.461,0.965,0.844,austen
251,0,335,260,0,0,2,2,0,1.0,343,70,343,15,0,8,42,25,1,6,40,4.1,67.8,2.433,57.721,1.346,0.571,0.929,0.868,chesterton
252,0,418,311,0,0,2,0,2,2.0,428,98,428,23,0,10,73,24,0,10,40,3.551,84.8,2.589,125.733,1.581,0.408,0.949,0.805,austen
253,0,275,193,0,0,3,1,0,1.0,284,73,284,22,0,9,57,24,1,13,40,3.164,56.0,2.028,36.249,1.377,0.548,0.932,0.86,chesterton
254,0,671,522,0,0,1,0,1,2.0,681,142,681,24,0,10,92,24,0,6,60,3.93,135.4,2.363,99.173,1.614,0.423,0.965,0.826,austen
255,0,502,394,0,0,1,0,0,1.25,507,101,507,21,0,5,67,23,0,5,54,4.178,100.6,2.688,98.614,1.365,0.535,0.95,0.864,austen
256,0,805,630,0,0,1,0,0,0.4,821,173,821,28,0,16,123,25,0,8,86,3.919,163.4,2.488,96.087,1.587,0.497,0.971,0.864,austen
257,0,734,583,0,0,1,1,0,6.0,739,143,739,22,0,5,93,25,1,6,70,4.287,147.0,2.777,84.832,1.505,0.49,0.965,0.856,chesterton
258,0,277,199,0,0,3,0,1,1.0,285,71,285,20,0,8,58,23,0,12,39,3.282,56.2,2.224,44.246,1.365,0.549,0.93,0.859,austen
259,0,509,389,0,0,0,0,1,2.0,524,113,524,19,0,15,79,25,1,11,72,3.752,104.0,2.144,100.12,1.329,0.637,0.956,0.905,austen
260,0,603,473,0,0,0,0,0,1.0,611,124,611,23,0,8,84,23,1,5,51,4.081,121.4,3.258,63.351,1.632,0.411,0.96,0.816,chesterton
261,0,1800,1408,0,0,1,0,0,0.2222222222222222,1821,371,1821,67,0,21,243,27,5,15,127,4.038,363.4,2.552,281.162,1.984,0.342,0.987,0.819,austen
262,0,231,175,0,0,0,0,0,1.0,243,55,243,13,0,12,38,19,1,1,21,3.636,47.8,2.296,37.164,1.486,0.382,0.909,0.76,shakespeare
263,0,744,555,0,0,2,0,2,1.0,766,174,766,36,0,22,124,25,3,26,67,3.546,152.4,2.534,106.559,1.776,0.385,0.971,0.815,austen
264,0,524,411,0,0,0,0,0,1.0,542,114,542,16,0,18,75,24,2,8,55,3.904,107.6,2.492,26.931,1.443,0.482,0.956,0.846,austen
265,0,76,54,0,0,0,1,0,1.0,84,22,84,8,0,8,15,18,1,2,16,3.182,16.0,2.218,13.379,1.222,0.727,0.773,0.897,shakespeare
266,0,927,667,0,6,0,1,2,1.5,955,233,955,70,0,28,187,24,3,30,83,3.283,190.2,2.169,182.723,1.849,0.356,0.979,0.811,austen
267,0,278,205,0,0,2,1,0,1.0,285,69,285,18,0,7,49,23,2,12,36,3.406,56.2,2.117,37.519,1.38,0.522,0.928,0.846,chesterton
268,0,382,285,0,1,0,1,0,1.0,406,92,406,19,0,24,66,24,2,5,42,3.565,80.4,2.573,143.167,1.484,0.457,0.946,0.827,shakespeare
269,0,309,240,0,0,0,1,0,2.0,315,68,315,9,0,6,47,22,0,4,38,3.779,62.2,2.509,53.737,1.388,0.559,0.926,0.862,chesterton
270,0,452,343,0,0,0,0,0,1.0,462,105,462,18,0,10,79,23,0,8,47,3.533,91.6,2.378,68.259,1.591,0.448,0.952,0.827,austen
271,0,238,178,0,0,0,1,0,1.0,250,57,250,12,0,12,42,20,0,0,26,3.544,49.2,2.3,63.413,1.5,0.456,0.912,0.806,shakespeare
272,0,495,399,0,0,0,0,0,2.0,500,97,500,7,0,5,56,26,0,3,52,4.237,99.2,2.375,29.87,1.426,0.536,0.948,0.864,chesterton
273,0,312,232,0,0,3,0,0,2.0,320,74,320,19,0,8,54,26,2,11,46,3.595,63.2,2.214,42.845,1.298,0.622,0.932,0.89,chesterton
274,0,122,92,0,0,0,1,0,1.0,131,30,131,6,0,9,21,23,0,0,23,3.567,25.4,1.736,14.536,1.154,0.767,0.833,0.922,shakespeare
275,4,594,452,0,0,0,0,0,0.3333333333333333,635,133,635,26,0,41,93,26,1,19,61,3.902,126.2,2.522,106.178,1.478,0.459,0.962,0.841,austen
276,0,646,510,0,0,0,0,0,1.0,654,136,654,15,0,8,97,24,2,8,82,3.934,130.0,2.42,85.472,1.36,0.603,0.963,0.897,chesterton
277,0,315,227,0,0,4,0,0,1.0,326,77,326,25,0,11,60,22,1,17,39,3.532,64.4,2.343,14.673,1.453,0.506,0.935,0.843,austen
278,0,289,223,0,0,0,0,0,1.0,295,64,295,9,0,6,48,22,0,2,29,3.734,58.2,2.01,30.712,1.422,0.453,0.922,0.81,chesterton
279,0,274,200,0,0,4,1,1,1.0,283,67,283,17,0,9,51,24,0,14,28,3.507,55.8,2.17,41.566,1.523,0.418,0.925,0.792,chesterton
280,0,397,298,0,0,3,0,0,1.0,408,92,408,19,0,11,64,24,0,15,35,3.652,80.8,2.369,44.019,1.586,0.38,0.946,0.786,chesterton
281,0,304,226,0,0,0,0,0,1.0,333,77,333,18,0,29,56,23,0,6,40,3.545,65.8,2.192,61.909,1.4,0.519,0.935,0.849,shakespeare
282,0,406,318,0,0,0,0,0,2.0,411,87,411,15,0,5,64,23,0,1,47,3.885,81.4,2.549,22.832,1.359,0.54,0.943,0.862,austen
283,0,59,45,0,0,0,0,0,1.0,65,15,65,3,0,6,10,18,0,1,10,3.6,12.2,1.844,9.497,1.25,0.667,0.667,0.85,shakespeare
284,1,458,367,0,0,0,0,0,1.0,468,91,468,9,0,10,57,24,0,4,62,4.242,92.8,2.373,54.02,1.319,0.681,0.945,0.915,chesterton
285,0,95,73,0,0,0,1,0,1.0,102,22,102,3,0,7,15,22,0,2,16,3.773,19.6,2.468,19.578,1.158,0.727,0.773,0.897,shakespeare
286,0,959,764,0,0,0,0,0,1.5,972,196,972,24,0,13,127,25,1,5,91,4.087,193.6,2.562,146.563,1.704,0.464,0.974,0.855,austen
287,0,476,389,0,0,0,0,0,0.3333333333333333,485,86,485,15,0,9,49,24,1,2,56,4.802,96.2,3.09,37.178,1.303,0.651,0.942,0.904,austen
288,0,209,141,0,1,0,1,2,2.0,218,56,218,26,0,9,40,23,0,9,39,3.161,42.8,1.817,14.22,1.244,0.696,0.911,0.91,austen
289,0,128,93,0,0,0,1,0,1.0,139,33,139,7,0,11,26,21,0,1,21,3.364,27.0,2.133,32.171,1.222,0.636,0.848,0.871,shakespeare
290,0,574,442,0,0,2,1,0,0.3333333333333333,586,126,586,22,0,12,94,24,1,12,69,3.817,116.4,2.717,68.076,1.416,0.548,0.96,0.875,austen
291,0,1312,1039,2,0,0,0,0,0.2,1334,270,1334,41,0,22,183,25,3,9,114,4.081,266.0,2.672,308.402,1.788,0.422,0.981,0.846,austen
292,0,365,279,0,0,0,0,0,7.0,374,87,374,10,0,9,64,24,0,5,44,3.425,74.0,2.106,52.54,1.526,0.506,0.943,0.847,austen
293,0,520,403,0,0,2,0,0,1.0,528,112,528,19,0,8,76,23,1,8,53,3.893,104.8,2.162,43.304,1.534,0.473,0.955,0.841,chesterton
294,0,869,708,0,0,0,0,0,2.0,882,160,882,18,0,13,90,23,0,4,93,4.619,175.6,2.763,100.552,1.404,0.581,0.969,0.893,chesterton
295,0,786,620,0,0,1,0,0,0.5,804,164,804,26,0,18,100,25,0,4,83,4.061,160.0,2.53,42.544,1.547,0.506,0.97,0.866,austen
296,0,455,354,0,0,1,1,0,5.0,462,98,462,13,0,7,67,23,2,4,54,3.837,91.6,2.448,67.987,1.4,0.551,0.949,0.87,chesterton
297,0,234,175,0,0,0,2,0,0.5,246,56,246,8,0,12,43,22,0,6,30,3.482,48.4,2.216,55.094,1.366,0.536,0.911,0.845,austen
298,0,550,416,0,0,4,1,0,1.0,564,127,564,23,0,14,90,25,2,11,67,3.63,112.0,1.799,97.681,1.443,0.528,0.961,0.868,chesterton
299,0,386,285,0,0,1,1,2,1.0,393,93,393,19,0,7,72,24,0,10,43,3.376,77.8,2.395,93.328,1.55,0.462,0.946,0.83,austen
300,2,654,507,0,0,0,0,0,0.16666666666666666,672,139,672,22,0,18,101,25,2,7,67,3.935,133.6,2.399,82.537,1.562,0.482,0.964,0.852,austen
301,0,358,262,0,0,3,1,0,2.0,373,90,373,21,0,15,70,23,5,18,40,3.378,73.8,2.191,57.626,1.552,0.444,0.944,0.82,chesterton
302,0,89,67,0,0,0,1,0,1.0,96,22,96,5,0,7,16,20,0,0,16,3.591,18.4,2.197,16.38,1.158,0.727,0.773,0.897,shakespeare
303,0,727,581,0,0,0,0,0,0.25,744,147,744,18,0,17,99,25,2,8,70,4.197,148.0,2.759,48.13,1.47,0.476,0.966,0.851,austen
304,0,185,129,0,0,0,0,2,1.0,191,47,191,18,0,6,35,23,0,3,27,3.255,37.4,1.847,31.683,1.306,0.574,0.894,0.856,austen
305,0,547,409,0,0,4,0,0,2.0,558,124,558,31,0,11,88,23,2,15,62,3.702,110.8,2.205,55.805,1.459,0.5,0.96,0.856,chesterton
306,0,214,165,0,0,0,0,0,1.0,235,49,235,13,0,21,29,23,0,2,31,4.061,46.2,2.703,53.138,1.361,0.633,0.898,0.882,shakespeare
307,0,662,528,0,0,0,1,1,1.0,673,128,673,18,0,11,80,24,0,4,68,4.359,133.8,2.688,126.47,1.438,0.531,0.961,0.87,austen
308,0,253,194,0,0,0,0,0,1.0,268,60,268,10,0,15,42,23,0,3,36,3.65,52.8,2.53,58.704,1.333,0.6,0.917,0.875,shakespeare
309,0,251,191,0,0,2,0,2,2.0,255,55,255,13,0,4,39,22,0,6,37,3.855,50.2,2.534,48.813,1.222,0.673,0.909,0.901,austen
310,2,700,556,0,0,0,0,0,0.3333333333333333,719,143,719,16,0,19,91,24,4,9,65,4.133,143.0,2.476,195.733,1.538,0.455,0.965,0.841,austen
311,0,685,528,0,0,1,0,0,0.2,692,152,692,30,0,7,107,23,0,4,64,3.73,137.6,2.403,112.195,1.67,0.421,0.967,0.828,austen
312,0,268,195,0,0,2,1,0,2.0,282,69,282,19,0,14,53,22,5,16,27,3.377,55.6,2.224,30.402,1.533,0.391,0.928,0.778,chesterton
313,0,641,488,0,0,1,0,5,0.5,658,140,658,27,0,17,104,25,0,16,67,3.821,130.8,2.418,94.442,1.505,0.479,0.964,0.851,austen
314,0,242,180,0,0,2,0,0,1.0,253,58,253,15,0,11,41,23,0,11,34,3.621,49.8,2.308,15.353,1.349,0.586,0.914,0.868,austen
315,0,312,233,0,0,0,0,4,1.0,320,69,320,20,0,8,49,25,0,5,44,3.783,63.2,2.443,77.863,1.302,0.638,0.928,0.894,austen
316,0,469,350,0,0,0,0,0,1.0,487,108,487,24,0,18,76,25,0,11,54,3.63,96.6,1.965,56.469,1.459,0.5,0.954,0.852,austen
317,0,698,542,0,0,0,0,1,7.0,710,155,710,22,0,12,109,25,1,3,80,3.729,141.2,2.112,97.472,1.49,0.516,0.968,0.869,austen
318,0,699,549,0,0,1,0,1,0.16666666666666666,719,146,719,21,0,20,102,24,2,13,78,4.062,143.0,2.627,126.036,1.404,0.534,0.966,0.874,austen
319,0,538,420,0,0,0,0,0,1.0,547,118,547,21,0,9,86,25,1,1,63,3.814,108.6,2.84,59.446,1.439,0.534,0.958,0.868,austen
320,0,478,365,0,0,0,0,0,3.0,511,111,511,17,0,33,78,25,1,9,59,3.739,101.4,2.214,77.145,1.5,0.532,0.955,0.866,shakespeare
321,0,374,293,0,0,2,0,0,2.0,386,77,386,14,0,12,49,23,0,8,49,4.195,76.4,2.739,38.875,1.262,0.636,0.935,0.896,chesterton
322,0,177,130,0,0,0,1,0,1.0,188,46,188,8,0,11,37,21,1,4,33,3.239,36.8,1.84,41.505,1.122,0.717,0.891,0.913,shakespeare
323,0,738,592,0,0,0,0,1,0.6666666666666666,750,138,750,28,0,12,81,24,3,10,78,4.58,149.2,2.944,94.492,1.408,0.565,0.964,0.884,austen
324,0,1114,876,0,0,3,0,0,0.2,1133,231,1133,36,0,19,156,25,2,15,92,4.061,225.8,2.527,115.662,1.699,0.398,0.978,0.831,austen
325,0,258,192,0,0,0,1,0,5.0,265,62,265,11,0,7,48,22,0,1,37,3.387,52.2,1.841,70.062,1.319,0.597,0.919,0.875,shakespeare
326,0,637,472,0,0,1,0,4,1.0,657,149,657,37,0,20,110,26,0,19,57,3.564,130.6,2.59,58.577,1.693,0.383,0.966,0.808,austen
327,0,249,184,0,0,3,0,1,2.0,257,59,257,19,0,8,45,24,2,11,34,3.712,50.6,2.553,32.277,1.372,0.576,0.915,0.865,chesterton
328,0,490,383,0,0,1,0,1,1.0,497,106,497,17,0,7,76,22,0,5,58,3.858,98.6,2.813,35.711,1.395,0.547,0.953,0.871,austen
329,0,406,285,0,0,6,1,0,1.0,421,107,421,32,0,15,84,24,4,22,44,3.224,83.4,1.987,14.893,1.672,0.411,0.953,0.81,chesterton
330,0,353,260,0,0,4,1,0,2.0,361,82,361,27,0,8,63,24,2,15,37,3.72,71.4,2.843,42.852,1.577,0.451,0.939,0.819,chesterton
331,0,87,59,0,1,0,1,0,3.0,92,27,92,6,0,5,24,16,0,0,16,2.593,17.6,1.217,23.818,1.286,0.593,0.815,0.841,shakespeare
332,0,396,291,0,0,5,1,1,0.5,406,91,406,28,0,10,65,23,4,19,56,3.736,80.4,2.284,57.221,1.4,0.615,0.945,0.892,chesterton
333,0,643,506,0,0,1,0,0,4.0,649,135,649,17,0,6,88,25,1,7,79,3.933,129.0,2.25,94.109,1.392,0.585,0.963,0.891,chesterton
334,0,317,242,0,0,1,0,1,1.0,326,73,326,14,0,9,54,23,0,8,46,3.671,64.4,2.387,72.642,1.304,0.63,0.932,0.892,austen
335,0,282,212,0,0,0,0,0,1.0,287,66,287,14,0,5,51,24,0,4,30,3.53,56.6,2.121,41.669,1.404,0.455,0.924,0.812,austen
336,0,625,482,0,0,1,0,0,0.3333333333333333,648,129,648,28,0,23,80,22,0,12,59,4.147,128.8,2.205,168.753,1.554,0.457,0.961,0.839,austen
337,0,686,551,0,0,0,0,0,1.0,693,135,693,13,0,7,90,24,0,2,60,4.23,137.8,2.723,59.361,1.627,0.444,0.963,0.835,chesterton
338,0,325,253,0,0,0,0,0,3.0,330,71,330,12,0,5,49,24,0,2,41,3.817,65.2,2.219,33.745,1.315,0.577,0.93,0.871,austen
339,0,510,394,0,0,0,1,0,1.0,518,116,518,17,0,8,88,24,0,3,51,3.612,102.8,2.276,86.114,1.589,0.44,0.957,0.827,chesterton
340,0,107,72,0,0,1,1,1,1.0,112,27,112,11,0,5,22,20,0,7,19,3.37,21.6,2.151,13.649,1.174,0.704,0.815,0.893,austen
341,0,770,603,0,0,0,0,0,1.0,783,158,783,34,0,13,102,24,0,9,84,4.114,155.8,2.725,114.738,1.534,0.532,0.968,0.875,austen
342,0,369,281,0,0,0,0,0,1.0,389,87,389,13,0,20,64,22,0,5,56,3.609,77.0,2.153,90.286,1.225,0.644,0.943,0.901,shakespeare
343,0,509,393,0,0,0,0,0,1.0,538,114,538,20,0,29,77,23,0,4,53,3.877,106.8,2.621,170.221,1.5,0.465,0.956,0.838,shakespeare
344,0,573,453,0,0,0,0,0,1.75,582,121,582,12,0,9,87,25,0,0,55,3.917,115.6,2.465,76.69,1.512,0.455,0.959,0.836,austen
345,0,838,672,0,0,1,0,0,1.0,845,163,845,18,0,7,98,25,0,6,84,4.288,168.2,2.633,161.314,1.523,0.515,0.969,0.87,chesterton
346,0,47,36,0,0,0,0,0,1.0,53,12,53,4,0,6,8,14,0,0,9,3.833,9.8,2.855,8.228,1.2,0.75,0.583,0.884,shakespeare
347,0,897,705,0,0,2,0,0,4.0,908,179,908,31,0,11,108,26,2,10,88,4.196,180.8,2.783,48.966,1.543,0.492,0.972,0.863,chesterton
348,0,437,329,0,0,2,1,0,4.0,446,100,446,24,0,9,72,23,1,9,51,3.68,88.4,2.26,45.302,1.449,0.51,0.95,0.854,chesterton
349,0,73,52,0,0,0,0,0,1.0,80,23,80,4,0,7,19,21,0,4,16,2.739,15.2,1.839,10.64,1.211,0.696,0.783,0.884,shakespeare
350,0,192,141,0,0,0,0,0,1.0,200,49,200,11,0,8,38,20,0,5,24,3.265,39.2,2.069,49.373,1.361,0.49,0.898,0.817,shakespeare
351,0,917,728,0,0,0,0,0,5.0,933,188,933,24,0,16,125,26,0,3,87,4.085,185.8,2.508,88.446,1.679,0.463,0.973,0.853,chesterton
352,0,304,229,0,0,3,1,0,1.0,312,67,312,16,0,8,43,23,0,10,44,3.881,61.6,2.192,53.5,1.218,0.657,0.925,0.9,chesterton
353,0,425,333,0,0,0,0,0,2.0,450,92,450,16,0,25,58,23,0,8,59,4.065,89.2,2.558,184.425,1.333,0.641,0.946,0.902,shakespeare
354,0,271,203,0,0,0,0,3,2.0,277,66,277,16,0,6,44,23,1,3,38,3.409,54.6,1.961,51.057,1.375,0.576,0.924,0.868,austen
355,0,197,137,0,0,3,2,0,1.0,203,52,203,16,0,6,42,21,0,10,24,3.212,39.8,1.923,25.054,1.444,0.462,0.904,0.804,chesterton
356,0,413,333,0,0,0,0,0,1.0,418,81,418,7,0,5,49,25,0,2,39,4.272,82.8,2.403,35.337,1.446,0.481,0.938,0.834,chesterton
357,0,291,222,1,0,0,1,2,3.0,297,67,297,6,0,6,51,23,0,2,34,3.493,58.6,1.949,35.246,1.314,0.507,0.925,0.839,austen
358,0,321,240,0,0,3,0,2,2.0,331,74,331,21,0,10,52,24,2,12,37,3.743,65.4,2.472,36.528,1.345,0.5,0.932,0.839,chesterton
359,0,325,249,0,0,0,0,2,2.0,336,73,336,15,0,11,55,25,1,6,42,3.795,66.4,2.489,65.881,1.304,0.575,0.932,0.871,austen
360,0,398,321,0,0,0,0,0,1.0,403,78,403,5,0,5,43,23,0,3,41,4.244,79.8,2.44,8.983,1.393,0.526,0.936,0.852,chesterton
361,0,173,118,0,0,1,1,0,1.0,179,49,179,17,0,6,40,22,1,10,21,2.939,35.0,1.725,13.472,1.361,0.429,0.898,0.782,chesterton
362,0,211,142,0,0,4,1,0,2.0,219,60,219,20,0,8,49,23,2,15,23,2.967,43.0,1.991,29.06,1.622,0.383,0.917,0.766,chesterton
363,0,804,630,0,2,0,0,0,6.0,812,171,812,22,0,8,116,24,0,4,92,3.865,161.6,2.272,99.148,1.462,0.538,0.971,0.879,chesterton
364,0,366,279,0,0,1,0,2,0.5,377,85,377,17,0,11,61,23,0,5,51,3.647,74.6,2.308,60.186,1.349,0.6,0.941,0.885,austen
365,0,662,505,0,0,4,0,0,2.0,674,152,674,29,0,12,106,24,0,19,68,3.645,134.0,2.41,43.272,1.6,0.447,0.967,0.84,chesterton
366,0,117,84,0,0,0,3,0,1.0,127,31,127,7,0,10,26,19,0,3,17,3.258,24.6,1.825,19.165,1.24,0.548,0.839,0.825,shakespeare
367,0,162,123,0,0,0,1,0,1.0,173,37,173,8,0,11,24,22,0,4,28,3.838,33.8,2.5,11.476,1.156,0.757,0.865,0.923,shakespeare
368,0,616,487,0,0,0,0,0,3.0,631,127,631,17,0,15,86,26,1,4,60,4.087,125.4,2.459,47.8,1.549,0.472,0.961,0.845,austen
369,0,281,206,0,0,2,3,0,1.0,295,69,295,16,0,14,51,23,1,9,38,3.478,58.2,2.119,36.231,1.353,0.551,0.928,0.859,austen
370,0,424,313,0,0,0,0,0,6.0,451,108,451,23,0,27,81,23,0,10,47,3.361,89.4,2.142,80.329,1.588,0.435,0.954,0.822,shakespeare
371,2,516,403,0,0,1,0,0,6.0,538,109,538,24,0,22,70,24,0,7,63,4.138,106.8,2.71,113.005,1.38,0.578,0.954,0.883,austen
372,0,695,549,0,0,0,0,3,1.0,708,140,708,23,0,13,94,23,0,5,76,4.186,140.8,2.753,218.747,1.429,0.543,0.964,0.876,austen
373,0,560,421,0,0,1,0,0,0.6666666666666666,573,136,573,21,0,13,112,25,2,13,54,3.36,113.8,2.138,58.798,1.619,0.397,0.963,0.812,austen
374,0,716,548,0,2,0,0,0,0.5,733,164,733,31,0,17,124,24,4,17,73,3.646,145.8,2.349,149.224,1.657,0.445,0.97,0.841,austen
375,0,70,53,0,0,0,1,1,1.0,77,16,77,4,0,7,10,17,0,1,12,4.0,14.6,2.733,17.271,1.143,0.75,0.688,0.896,shakespeare
376,0,484,383,0,0,0,0,0,0.3333333333333333,497,98,497,15,0,13,62,26,0,7,59,4.204,98.6,2.736,22.985,1.342,0.602,0.949,0.889,austen
377,0,747,602,0,0,1,0,0,0.4,753,145,753,18,0,6,90,25,0,3,72,4.331,149.8,2.764,98.358,1.526,0.497,0.966,0.859,austen
378,0,860,670,0,0,0,0,0,0.125,869,190,869,27,0,9,139,25,0,2,75,3.716,173.0,2.299,60.572,1.845,0.395,0.974,0.823,austen
379,0,635,510,0,0,0,0,0,1.0,643,124,643,11,0,8,76,25,0,1,66,4.266,127.8,2.547,33.477,1.476,0.532,0.96,0.869,chesterton
380,0,690,526,1,0,1,0,0,3.0,701,155,701,29,0,11,114,26,0,18,71,3.665,139.4,2.463,132.655,1.582,0.458,0.968,0.845,austen
381,4,327,248,0,0,1,0,0,2.0,355,73,355,15,0,28,49,25,0,9,42,4.041,70.2,2.574,72.144,1.352,0.575,0.932,0.871,chesterton
382,0,588,470,0,0,0,0,2,0.3333333333333333,598,116,598,17,0,10,76,26,1,1,58,4.284,118.8,2.849,119.586,1.506,0.5,0.957,0.854,austen
383,0,691,541,0,0,1,0,2,1.0,707,144,707,21,0,16,96,27,0,10,80,4.028,140.6,2.415,108.866,1.385,0.556,0.965,0.882,austen
384,0,402,300,0,0,1,0,0,2.0,412,100,412,14,0,10,78,25,0,12,48,3.26,81.6,2.013,62.356,1.587,0.48,0.95,0.841,austen
385,0,666,513,0,0,3,0,0,1.0,685,139,685,30,0,19,93,24,3,17,69,4.086,136.2,2.382,59.382,1.495,0.496,0.964,0.858,austen
386,0,1079,787,0,1,1,2,2,0.5,1108,258,1108,60,0,29,201,24,1,40,91,3.411,220.8,2.138,402.329,1.856,0.353,0.981,0.812,austen
387,0,1357,1062,0,0,0,1,0,0.2,1385,285,1385,47,0,28,195,26,0,24,112,3.989,276.2,2.678,203.162,1.851,0.393,0.982,0.835,austen
388,0,95,69,0,0,0,1,0,1.0,101,26,101,5,0,6,21,18,0,1,17,3.077,19.4,1.896,15.143,1.182,0.654,0.808,0.87,shakespeare
389,0,403,295,0,2,0,0,3,0.3333333333333333,410,102,410,23,0,7,88,25,2,12,45,3.196,81.2,1.846,76.972,1.478,0.441,0.951,0.823,austen
390,0,434,335,0,0,1,0,1,2.5,443,94,443,16,0,9,64,24,0,5,51,3.862,87.8,2.491,74.905,1.382,0.543,0.947,0.865,austen
391,0,284,215,0,0,1,0,1,1.0,294,63,294,17,0,10,44,23,1,8,39,3.889,58.0,2.73,46.781,1.189,0.619,0.921,0.884,chesterton
392,0,610,489,0,0,0,0,0,1.0,622,118,622,12,0,12,83,23,0,5,39,4.347,123.6,3.367,57.318,1.873,0.331,0.958,0.768,chesterton
393,0,488,375,0,0,1,0,0,2.0,497,111,497,15,0,9,80,24,0,13,50,3.622,98.6,2.216,30.827,1.632,0.45,0.955,0.831,austen
394,0,696,538,0,0,3,0,0,6.0,705,150,705,29,0,9,102,24,0,10,74,3.887,140.2,2.387,56.707,1.596,0.493,0.967,0.859,chesterton
395,0,471,361,0,0,2,1,0,4.0,483,106,483,16,0,12,77,23,0,7,44,3.717,95.8,2.313,21.335,1.493,0.415,0.953,0.811,chesterton
396,0,453,351,0,0,0,0,0,0.5,462,102,462,15,0,9,75,24,0,5,56,3.686,91.6,2.433,52.41,1.378,0.549,0.951,0.87,austen
397,0,598,453,0,0,2,0,0,0.5,622,138,622,29,0,24,96,24,1,11,60,3.696,123.6,2.298,54.957,1.663,0.435,0.964,0.831,austen
398,0,498,395,0,0,0,0,0,1.5,511,103,511,14,0,13,70,24,1,1,45,4.097,101.4,2.534,53.412,1.493,0.437,0.951,0.821,austen
399,0,568,445,0,1,0,0,1,4.0,581,119,581,16,0,13,79,22,2,7,62,3.992,115.4,2.352,59.222,1.434,0.521,0.958,0.864,chesterton
400,0,552,438,0,0,1,0,0,4.0,558,110,558,14,0,6,71,23,0,2,64,4.182,110.8,2.495,52.964,1.429,0.582,0.955,0.885,chesterton
401,0,322,240,0,0,1,0,2,1.0,331,73,331,20,0,9,49,23,0,10,51,3.726,65.4,2.578,58.256,1.237,0.699,0.932,0.916,austen
402,0,80,56,0,1,0,1,0,1.0,87,23,87,5,0,7,18,20,1,2,19,2.957,16.6,1.894,14.843,1.095,0.826,0.783,0.939,shakespeare
403,0,250,194,0,0,0,0,0,1.0,257,57,257,8,0,7,43,23,0,4,27,3.684,50.6,2.414,42.618,1.39,0.474,0.912,0.815,chesterton
404,0,268,190,0,0,0,2,0,1.0,285,74,285,18,0,17,57,21,0,4,15,3.041,56.2,1.919,28.761,2.056,0.203,0.932,0.629,shakespeare
405,0,269,199,0,0,2,1,2,2.0,273,65,273,13,0,4,48,22,0,5,38,3.385,53.8,1.918,46.235,1.3,0.585,0.923,0.871,chesterton
406,0,704,554,0,0,0,0,0,2.5,713,146,713,23,0,9,100,24,1,5,74,4.021,141.8,2.63,77.603,1.46,0.507,0.966,0.864,austen
407,0,427,322,0,0,2,0,2,1.0,434,102,434,17,0,7,77,24,0,4,44,3.431,86.0,2.056,50.284,1.5,0.431,0.951,0.818,austen
408,0,689,532,0,1,2,1,0,1.0,703,147,703,27,0,14,96,25,1,13,80,3.932,139.8,2.354,86.126,1.413,0.544,0.966,0.878,chesterton
409,0,648,499,0,0,0,0,0,8.0,654,144,654,19,0,6,110,25,0,6,59,3.639,130.0,2.393,50.458,1.618,0.41,0.965,0.82,chesterton
410,0,236,172,0,0,2,1,2,3.0,239,58,239,15,0,3,43,22,2,11,35,3.362,47.0,2.006,36.394,1.318,0.603,0.914,0.876,chesterton
411,0,524,404,0,0,0,2,0,1.0,549,118,549,18,0,25,72,23,0,14,68,3.788,109.0,2.241,141.642,1.311,0.576,0.958,0.884,shakespeare
412,0,396,291,0,0,4,0,0,1.0,406,98,406,24,0,10,78,22,1,15,47,3.398,80.4,2.35,43.776,1.508,0.48,0.949,0.84,austen
413,0,1444,1139,1,0,0,0,0,6.0,1460,295,1460,37,0,16,200,25,2,8,116,4.041,291.2,2.293,135.516,1.799,0.393,0.983,0.836,austen
414,0,507,409,0,0,0,0,0,0.3333333333333333,514,100,514,11,0,7,66,24,0,3,59,4.28,102.0,2.519,91.058,1.333,0.59,0.95,0.885,austen
415,0,943,736,0,0,1,0,0,5.0,952,203,952,25,0,9,143,25,0,10,92,3.808,189.6,2.365,127.194,1.664,0.453,0.975,0.851,austen
416,0,488,381,0,0,0,0,0,1.0,497,108,497,20,0,9,77,24,2,5,53,3.806,98.6,2.504,110.017,1.479,0.491,0.954,0.848,austen
417,0,668,529,0,0,0,0,0,6.0,674,140,674,13,0,6,91,25,0,1,73,3.914,134.0,2.361,51.628,1.489,0.521,0.964,0.868,chesterton
418,0,953,750,2,0,1,0,0,0.14285714285714285,962,195,962,30,0,9,136,26,2,8,83,4.056,191.6,2.458,165.167,1.653,0.426,0.974,0.838,austen
419,0,614,496,0,0,0,1,0,3.0,625,114,625,13,0,11,68,24,0,2,62,4.561,124.2,2.756,28.323,1.39,0.544,0.956,0.871,chesterton
420,0,416,315,0,0,1,3,1,1.0,427,97,427,17,0,11,73,24,0,10,48,3.567,84.6,2.155,81.816,1.47,0.495,0.948,0.846,austen
421,0,815,615,0,0,1,1,0,0.5,826,183,826,39,0,11,130,26,2,19,76,3.65,164.4,2.226,250.087,1.679,0.415,0.973,0.831,austen
422,0,314,245,0,0,0,0,0,5.0,321,70,321,8,0,7,52,24,0,4,37,3.729,63.4,2.542,38.779,1.373,0.529,0.929,0.85,austen
423,0,217,148,0,0,2,2,3,1.0,227,59,227,20,0,10,46,22,0,11,34,3.102,44.6,1.927,46.961,1.311,0.576,0.915,0.865,austen
424,0,151,117,0,0,0,0,0,2.0,163,35,163,6,0,12,22,23,0,3,25,3.857,31.8,2.238,47.124,1.207,0.714,0.857,0.905,shakespeare
425,0,349,268,0,0,0,1,0,1.0,369,79,369,14,0,20,51,22,1,8,44,3.823,73.0,2.235,138.13,1.317,0.557,0.937,0.866,shakespeare
426,0,458,356,0,0,1,0,0,3.0,468,98,468,16,0,10,68,23,0,9,61,3.939,92.8,2.651,67.721,1.324,0.622,0.949,0.897,chesterton
427,0,938,747,1,0,0,0,0,0.16666666666666666,957,190,957,23,0,19,123,26,0,5,83,4.153,190.6,2.48,132.387,1.667,0.437,0.974,0.842,austen
428,0,59,45,0,0,0,0,0,1.0,65,15,65,4,0,6,11,18,0,1,12,3.667,12.2,2.289,9.884,1.154,0.8,0.667,0.918,shakespeare
429,0,211,149,0,0,2,1,1,2.0,216,56,216,14,0,5,45,23,0,6,32,3.071,42.4,1.877,21.524,1.244,0.571,0.911,0.861,chesterton
430,0,442,337,0,0,3,0,0,5.0,451,98,451,22,0,9,71,24,0,11,51,3.837,89.4,2.674,27.043,1.463,0.52,0.949,0.858,chesterton
431,0,1332,1064,0,0,0,0,0,0.14285714285714285,1353,267,1353,35,0,21,174,26,3,6,100,4.195,269.8,2.773,129.181,1.894,0.375,0.981,0.824,austen
432,0,492,368,0,0,2,0,0,1.0,497,120,497,22,0,5,87,23,0,10,49,3.342,98.6,2.027,91.828,1.644,0.408,0.958,0.813,austen
433,0,81,64,0,0,0,0,0,1.0,87,17,87,3,0,6,9,23,0,3,15,4.294,16.6,2.494,17.729,1.062,0.882,0.706,0.956,shakespeare
434,0,460,333,0,0,5,0,0,2.0,476,117,476,27,0,16,87,24,4,25,56,3.299,94.4,1.863,55.012,1.462,0.479,0.957,0.845,chesterton
435,0,139,101,0,0,0,0,1,2.0,149,37,149,7,0,10,30,20,0,4,21,3.189,29.0,1.823,39.026,1.276,0.568,0.865,0.843,shakespeare
436,0,114,85,0,0,0,0,0,1.0,123,29,123,5,0,9,23,23,0,3,24,3.414,23.8,2.062,26.013,1.115,0.828,0.828,0.944,shakespeare
437,0,220,169,0,0,0,1,0,4.0,227,50,227,10,0,7,34,23,1,4,34,3.72,44.6,2.556,16.471,1.19,0.68,0.9,0.901,austen
438,0,776,607,1,0,1,1,0,1.0,796,167,796,22,0,20,116,25,0,7,74,3.898,158.4,2.379,149.56,1.621,0.443,0.97,0.841,austen
439,0,126,95,0,0,0,0,0,1.0,134,32,134,7,0,8,21,20,0,3,22,3.438,26.0,2.313,41.545,1.185,0.688,0.844,0.892,shakespeare
440,0,690,542,0,0,0,0,0,0.25,703,140,703,23,0,13,94,25,1,8,67,4.129,139.8,2.558,139.799,1.458,0.479,0.964,0.851,austen
441,0,85,64,0,0,0,0,0,1.0,91,22,91,6,0,6,18,21,0,2,16,3.455,17.4,2.132,12.896,1.222,0.727,0.773,0.897,shakespeare
442,0,335,250,0,0,0,1,0,0.25,342,79,342,17,0,7,61,24,1,7,47,3.468,67.6,2.129,67.914,1.295,0.595,0.937,0.881,austen
443,0,1278,994,0,2,0,1,2,2.3333333333333335,1292,280,1292,42,0,14,209,25,2,6,99,3.754,257.6,2.34,204.759,1.854,0.354,0.982,0.815,austen
444,0,58,41,0,0,0,1,0,1.0,66,17,66,5,0,8,13,15,0,1,14,3.176,12.4,2.007,10.09,1.133,0.824,0.706,0.931,shakespeare
445,0,359,281,0,0,1,0,0,4.0,370,74,370,13,0,11,47,23,0,3,42,4.162,73.2,2.633,32.965,1.276,0.568,0.932,0.868,chesterton
446,0,825,652,0,0,0,0,0,0.25,838,174,838,24,0,13,118,24,4,6,59,3.96,166.8,2.299,138.035,1.794,0.339,0.971,0.79,austen
447,0,704,549,0,0,0,0,1,0.75,720,147,720,26,0,16,101,24,0,6,63,4.02,143.2,2.512,91.767,1.515,0.429,0.966,0.83,austen
448,0,111,82,0,0,0,0,0,2.0,117,30,117,8,0,6,23,19,0,2,14,3.2,22.6,1.648,23.671,1.364,0.467,0.833,0.776,shakespeare
449,0,354,285,0,0,0,0,1,2.0,360,68,360,9,0,6,43,23,0,1,44,4.412,71.2,2.999,18.9,1.236,0.647,0.926,0.897,austen
450,0,619,470,0,0,0,1,0,4.0,653,146,653,26,0,34,100,23,0,10,69,3.63,129.8,2.101,87.391,1.431,0.473,0.966,0.85,shakespeare
451,0,150,108,0,0,2,2,1,2.0,156,35,156,10,0,6,24,22,0,5,22,3.686,30.4,2.272,22.678,1.207,0.629,0.857,0.869,chesterton
452,0,272,201,0,0,0,2,0,1.0,289,66,289,13,0,17,49,23,0,6,43,3.5,57.0,2.355,25.07,1.2,0.652,0.924,0.898,shakespeare
453,0,92,70,0,0,0,0,0,1.0,99,23,99,5,0,7,16,20,3,1,20,3.565,19.0,2.293,16.492,1.095,0.87,0.783,0.955,shakespeare
454,0,684,542,0,0,0,0,0,1.0,698,143,698,11,0,14,102,25,0,8,66,3.965,138.8,2.425,82.548,1.571,0.462,0.965,0.844,chesterton
455,0,227,172,0,0,0,1,0,0.5,241,52,241,12,0,14,39,22,0,7,32,3.808,47.4,2.418,60.715,1.238,0.615,0.904,0.877,shakespeare
456,0,1045,822,0,0,0,0,0,1.6666666666666667,1061,214,1061,37,0,16,142,24,1,8,89,4.089,211.4,2.7,167.436,1.712,0.416,0.977,0.836,austen
457,0,186,136,0,0,0,0,0,1.0,200,49,200,10,0,14,35,21,0,2,22,3.265,39.2,2.196,37.533,1.485,0.449,0.898,0.794,shakespeare
458,0,49,34,0,0,0,1,0,1.0,56,15,56,5,0,7,10,18,1,3,13,3.067,10.4,1.87,6.189,1.071,0.867,0.667,0.947,shakespeare
459,0,857,689,0,0,0,0,0,8.0,870,169,870,16,0,13,102,24,0,0,79,4.249,173.2,2.641,79.055,1.594,0.467,0.97,0.852,chesterton
460,0,461,356,0,0,0,0,1,5.0,469,103,469,18,0,8,70,24,0,4,60,3.718,93.0,2.431,81.422,1.411,0.583,0.951,0.883,austen
461,0,579,455,0,0,0,0,0,2.5,589,125,589,15,0,10,88,24,0,2,60,3.84,117.0,2.424,81.954,1.471,0.48,0.96,0.848,austen
462,0,335,248,0,0,3,0,0,1.0,348,78,348,21,0,13,57,24,0,12,47,3.718,68.8,2.438,11.904,1.345,0.603,0.936,0.884,chesterton
463,0,612,479,0,0,0,0,0,1.3333333333333333,623,131,623,17,0,11,92,25,2,8,72,3.878,123.8,2.357,113.345,1.394,0.55,0.962,0.877,austen
464,0,229,159,0,0,4,1,1,3.0,236,61,236,22,0,7,48,21,0,14,29,3.23,46.4,2.124,38.94,1.452,0.475,0.918,0.819,chesterton
465,0,988,762,0,1,0,0,0,0.6666666666666666,1017,223,1017,36,0,29,157,25,2,11,92,3.713,202.6,2.321,208.06,1.729,0.413,0.978,0.836,austen
466,0,739,562,0,0,2,0,0,0.42857142857142855,748,168,748,35,0,9,122,25,0,12,76,3.643,148.8,2.462,92.632,1.6,0.452,0.97,0.845,austen
467,0,654,492,0,0,1,1,0,2.5,671,152,671,38,0,17,110,25,1,15,64,3.625,133.4,2.234,74.174,1.634,0.421,0.967,0.828,austen
468,0,644,494,0,0,2,1,0,1.0,655,145,655,27,0,11,103,24,2,12,77,3.703,130.2,2.424,80.192,1.495,0.531,0.966,0.873,chesterton
469,0,1469,1133,0,0,2,0,1,0.14285714285714285,1496,310,1496,67,0,27,217,25,1,20,115,3.971,298.4,2.541,297.053,1.834,0.371,0.984,0.827,austen
470,0,517,405,0,1,0,0,0,3.0,523,107,523,15,0,6,68,25,0,2,52,3.981,103.8,2.189,69.733,1.529,0.486,0.953,0.846,chesterton
471,0,630,497,0,0,0,0,0,0.5,642,134,642,18,0,12,90,23,0,0,71,3.933,127.6,2.385,62.998,1.489,0.53,0.963,0.87,austen
472,0,321,246,0,0,0,0,2,3.0,327,72,327,11,0,6,52,24,0,5,41,3.667,64.6,2.264,31.981,1.286,0.569,0.931,0.868,austen
473,0,264,194,0,0,2,0,0,3.0,269,64,269,17,0,5,51,23,1,6,33,3.453,53.0,2.343,32.109,1.455,0.516,0.922,0.841,chesterton
474,0,194,146,0,0,0,0,0,2.0,207,47,207,10,0,13,30,22,0,2,29,3.596,40.6,2.018,44.439,1.237,0.617,0.894,0.875,shakespeare
475,0,239,170,0,0,4,0,0,1.0,248,59,248,19,0,9,44,23,0,11,24,3.492,48.8,2.184,24.954,1.475,0.407,0.915,0.779,chesterton
476,1,435,323,0,0,1,1,0,1.0,455,102,455,27,0,20,75,24,1,12,59,3.657,90.2,2.464,75.417,1.397,0.578,0.951,0.882,austen
477,0,90,67,0,0,0,0,0,1.0,96,24,96,4,0,6,20,23,0,3,17,3.208,18.4,1.641,18.929,1.2,0.708,0.792,0.891,shakespeare
478,0,116,81,0,3,0,1,0,2.0,121,32,121,8,0,5,26,21,0,2,22,2.938,23.4,2.031,21.232,1.185,0.688,0.844,0.892,austen
479,0,379,298,0,0,0,0,0,1.0,386,81,386,13,0,7,54,23,0,1,42,3.926,76.4,2.742,60.289,1.473,0.519,0.938,0.851,austen
480,0,577,445,0,0,2,0,1,3.0,582,124,582,20,0,5,85,24,0,6,63,3.823,115.6,2.172,85.725,1.459,0.508,0.96,0.86,chesterton
481,0,494,383,0,0,2,0,0,3.0,501,108,501,13,0,7,79,24,0,5,55,3.769,99.4,2.044,31.485,1.44,0.509,0.954,0.856,chesterton
482,0,1069,846,0,0,1,2,1,1.5,1086,216,1086,30,0,17,147,24,3,11,98,4.144,216.4,2.605,123.332,1.662,0.454,0.977,0.853,austen
483,0,512,404,0,0,0,2,0,1.0,522,103,522,21,0,10,66,23,0,6,51,4.233,103.6,2.694,67.537,1.392,0.495,0.951,0.848,austen
484,0,1219,942,0,0,2,1,0,0.42857142857142855,1232,274,1232,38,0,13,201,25,3,12,102,3.642,245.6,2.142,153.801,1.851,0.372,0.982,0.824,austen
485,0,324,238,0,0,0,0,0,2.0,344,83,344,19,0,20,66,22,3,9,41,3.337,68.0,2.12,64.587,1.456,0.494,0.94,0.84,shakespeare
486,0,477,354,0,0,3,0,0,2.0,489,115,489,30,0,12,83,23,3,18,51,3.513,97.0,2.036,44.119,1.575,0.443,0.957,0.829,chesterton
487,0,1012,773,0,0,2,2,0,3.0,1038,223,1038,42,0,26,153,25,2,23,90,3.798,206.8,2.395,207.949,1.664,0.404,0.978,0.832,austen
488,0,292,221,0,0,0,0,0,1.0,307,69,307,14,0,15,45,23,0,6,42,3.623,60.6,2.156,39.029,1.327,0.609,0.928,0.883,shakespeare
489,0,263,190,0,0,3,1,0,4.0,268,65,268,18,0,5,48,21,0,9,33,3.385,52.8,1.958,32.384,1.354,0.508,0.923,0.838,austen
490,0,251,190,0,0,0,1,0,1.0,269,61,269,10,0,18,48,23,0,4,31,3.574,53.0,2.004,60.815,1.356,0.508,0.918,0.835,shakespeare
491,0,86,62,0,0,0,1,0,1.0,95,23,95,8,0,9,16,20,0,0,17,3.435,18.2,2.483,18.458,1.211,0.739,0.783,0.904,shakespeare
492,0,318,238,0,1,1,0,0,3.0,324,73,324,19,0,6,54,26,0,9,42,3.658,64.0,2.657,38.197,1.327,0.575,0.932,0.871,austen
493,0,380,289,0,0,0,0,2,1.5,389,79,389,20,0,9,56,24,0,9,44,4.038,77.0,3.053,82.28,1.339,0.557,0.937,0.866,austen
494,0,284,211,0,0,2,0,1,2.0,295,67,295,18,0,11,46,24,0,6,33,3.642,58.2,2.281,41.409,1.457,0.493,0.925,0.832,chesterton
495,0,830,655,0,0,0,0,0,1.0,839,176,839,27,0,9,122,25,1,3,68,3.926,167.0,2.514,185.72,1.778,0.386,0.972,0.816,austen
496,0,197,142,0,0,3,0,0,1.0,205,48,205,16,0,8,34,22,0,8,32,3.604,40.2,2.439,9.628,1.297,0.667,0.896,0.895,chesterton
497,0,545,426,0,0,0,0,0,1.5,559,117,559,20,0,14,78,26,0,3,67,3.932,111.0,2.602,94.335,1.444,0.573,0.957,0.883,austen
498,0,816,642,0,0,0,0,0,5.0,833,175,833,19,0,17,124,25,0,2,77,3.874,165.8,2.363,79.61,1.699,0.44,0.971,0.841,chesterton
499,0,425,308,0,0,4,2,0,1.0,432,101,432,31,0,7,74,24,1,18,44,3.505,85.6,2.48,54.436,1.578,0.436,0.95,0.82,chesterton
500,0,1189,952,0,0,0,0,0,0.3,1210,236,1210,27,0,21,151,25,0,1,99,4.237,241.2,2.561,94.677,1.686,0.419,0.979,0.841,austen
501,0,187,137,0,0,2,1,1,1.0,195,42,195,16,0,8,29,22,0,9,29,3.952,38.2,2.987,47.751,1.2,0.69,0.881,0.901,austen
502,0,318,236,1,0,0,1,0,1.0,337,77,337,17,0,19,59,24,0,8,43,3.532,66.6,2.269,88.703,1.305,0.558,0.935,0.866,shakespeare
503,0,33,22,0,0,0,0,0,1.0,38,12,38,4,0,5,12,15,0,0,8,2.583,6.8,1.311,3.962,1.333,0.667,0.583,0.837,shakespeare
504,0,562,437,0,0,0,0,0,1.0,588,124,588,19,0,26,78,26,1,5,64,3.887,116.8,2.123,114.181,1.442,0.516,0.96,0.863,shakespeare
505,0,242,181,0,0,0,2,0,1.0,257,59,257,11,0,15,40,23,1,2,34,3.508,50.6,1.813,52.214,1.311,0.576,0.915,0.865,shakespeare
506,0,615,490,0,0,0,0,0,0.25,628,126,628,13,0,13,82,26,1,3,61,4.095,124.8,2.381,98.639,1.537,0.484,0.96,0.85,austen
507,0,370,284,0,0,2,0,1,1.0,380,82,380,17,0,10,53,24,1,15,47,3.866,75.2,2.387,57.089,1.302,0.573,0.939,0.874,chesterton
508,0,293,224,0,0,2,2,1,0.6666666666666666,304,65,304,16,0,11,46,24,1,10,40,3.938,60.0,2.909,54.968,1.25,0.615,0.923,0.884,austen
509,0,592,479,0,0,0,0,0,1.0,605,113,605,11,0,13,68,23,0,1,63,4.451,120.2,2.464,30.638,1.449,0.558,0.956,0.876,chesterton
510,0,419,314,0,0,2,0,0,2.0,429,98,429,17,0,10,69,25,0,10,48,3.541,85.0,2.006,59.72,1.463,0.49,0.949,0.844,chesterton
511,0,800,649,0,0,0,0,0,0.25,811,149,811,21,0,11,88,26,2,3,80,4.57,161.4,2.855,121.197,1.433,0.537,0.966,0.876,austen
512,0,580,458,0,0,1,0,0,3.0,589,120,589,14,0,9,81,23,0,4,63,4.025,117.0,2.171,67.48,1.446,0.525,0.958,0.865,chesterton
513,0,738,585,0,0,0,0,0,0.2857142857142857,746,154,746,16,0,8,103,23,0,2,69,3.955,148.4,2.227,75.208,1.604,0.448,0.968,0.841,chesterton
514,0,134,94,0,1,1,0,1,1.0,138,37,138,11,0,4,28,20,0,3,21,3.0,26.8,1.929,34.831,1.37,0.568,0.865,0.843,austen
515,0,766,604,0,0,0,0,0,2.0,785,157,785,26,0,19,103,24,5,14,79,4.14,156.2,2.719,105.343,1.467,0.503,0.968,0.864,austen
516,0,466,356,0,0,0,1,0,1.0,487,106,487,21,0,21,77,25,0,6,51,3.755,96.6,2.3,174.514,1.493,0.481,0.953,0.843,shakespeare
517,0,477,347,0,0,3,0,4,0.3333333333333333,495,115,495,32,0,18,86,23,0,16,50,3.504,98.2,2.326,64.72,1.575,0.435,0.957,0.824,austen
518,0,704,551,0,0,0,0,0,0.5,722,153,722,21,0,18,113,25,0,5,79,3.863,143.6,2.606,94.182,1.515,0.516,0.967,0.869,austen
519,0,841,656,1,0,2,1,0,3.0,848,174,848,27,0,7,123,26,0,5,79,3.989,168.8,2.445,165.095,1.642,0.454,0.971,0.847,chesterton
520,0,215,163,0,0,2,0,0,1.0,222,50,222,12,0,7,35,24,0,9,31,3.72,43.6,2.785,4.722,1.22,0.62,0.9,0.878,austen
521,0,331,245,0,0,3,0,0,3.0,338,80,338,21,0,7,62,23,2,12,47,3.5,66.8,2.429,72.133,1.379,0.588,0.938,0.879,chesterton
522,0,484,377,0,0,0,0,0,1.3333333333333333,495,104,495,16,0,11,73,24,0,4,54,3.885,98.2,2.366,58.832,1.444,0.519,0.952,0.859,austen
523,0,501,389,0,0,1,2,2,1.0,507,103,507,23,0,6,69,24,2,10,49,4.097,100.6,2.975,72.769,1.537,0.476,0.951,0.84,chesterton
524,0,312,230,0,0,2,2,1,2.0,325,76,325,17,0,13,56,24,1,9,42,3.487,64.2,2.169,19.892,1.333,0.553,0.934,0.863,chesterton
525,0,65,46,0,0,0,0,0,1.0,72,20,72,5,0,7,17,19,0,1,13,2.9,13.6,1.804,15.469,1.25,0.65,0.75,0.856,shakespeare
526,0,243,174,0,0,3,1,0,1.0,253,66,253,16,0,10,55,21,0,10,34,3.121,49.8,1.819,33.73,1.404,0.515,0.924,0.842,austen
527,0,711,579,0,0,0,0,0,1.0,718,133,718,9,0,7,81,26,0,3,71,4.474,142.8,2.123,10.545,1.415,0.534,0.962,0.872,chesterton
528,0,652,514,0,0,0,1,0,1.0,669,139,669,12,0,17,102,23,0,3,71,3.906,133.0,2.337,119.105,1.479,0.511,0.964,0.864,austen
529,0,564,439,0,0,0,0,0,0.375,572,123,572,20,0,8,90,23,0,2,55,3.805,113.6,2.387,70.245,1.519,0.447,0.959,0.833,austen
530,0,599,477,0,0,0,0,0,4.0,604,120,604,13,0,5,81,24,1,2,62,4.125,120.0,2.496,76.815,1.412,0.517,0.958,0.862,chesterton
531,0,635,500,0,0,1,0,0,0.2,649,129,649,20,0,14,86,24,1,8,70,4.155,129.0,2.545,124.064,1.449,0.543,0.961,0.874,austen
532,0,615,492,0,0,0,0,0,7.0,622,124,622,10,0,7,82,26,0,3,45,4.105,123.6,2.439,28.404,1.699,0.363,0.96,0.79,chesterton
533,0,505,394,0,0,0,0,0,4.0,510,112,510,16,0,5,77,23,0,2,54,3.705,101.2,2.396,42.822,1.577,0.482,0.955,0.845,chesterton
534,0,157,110,0,0,0,0,0,1.0,166,45,166,12,2,9,37,23,1,3,20,2.956,32.4,1.758,48.567,1.5,0.444,0.889,0.787,shakespeare
535,0,458,354,0,0,0,0,0,1.0,466,101,466,18,0,8,71,23,0,7,48,3.772,92.4,2.592,67.7,1.507,0.475,0.95,0.839,austen
536,0,67,45,0,0,0,2,0,1.0,74,19,74,7,0,7,16,16,0,2,10,3.105,14.0,1.696,9.138,1.357,0.526,0.737,0.782,shakespeare
537,0,404,306,0,1,1,0,2,2.0,413,89,413,20,0,9,66,22,2,10,48,3.787,81.8,2.83,78.461,1.369,0.539,0.944,0.862,austen
538,0,172,128,0,0,0,1,0,1.0,185,42,185,11,0,13,30,22,0,3,26,3.619,36.2,2.429,61.153,1.235,0.619,0.881,0.872,shakespeare
539,0,273,198,0,0,2,1,0,2.0,279,64,279,17,3,6,51,23,1,10,36,3.562,55.0,2.894,47.048,1.333,0.562,0.922,0.862,austen
540,0,62,42,0,0,0,1,0,1.0,68,19,68,5,0,6,16,19,0,1,14,2.789,12.8,1.584,15.786,1.188,0.737,0.737,0.896,shakespeare
541,0,306,230,0,0,2,1,0,1.0,320,70,320,16,0,14,52,24,0,8,41,3.771,63.2,2.36,34.39,1.296,0.586,0.929,0.874,austen
542,0,785,622,0,0,4,0,0,1.0,795,155,795,26,0,10,94,25,0,11,59,4.303,158.2,2.818,83.41,1.667,0.381,0.968,0.808,chesterton
543,0,410,329,0,0,0,0,0,1.5,419,80,419,10,2,9,53,25,0,4,53,4.375,83.0,3.025,83.648,1.231,0.662,0.938,0.906,austen
544,0,538,408,0,0,0,0,0,1.0,557,123,557,27,0,19,88,23,2,7,62,3.691,110.6,2.447,205.259,1.482,0.504,0.959,0.858,shakespeare
545,0,379,289,0,0,2,0,0,0.5,386,87,386,16,0,7,62,24,0,6,39,3.632,76.4,2.293,62.2,1.45,0.448,0.943,0.82,austen
546,0,830,661,0,0,0,0,0,8.0,836,169,836,11,0,6,112,25,0,3,82,4.012,166.4,2.247,87.472,1.565,0.485,0.97,0.859,chesterton
547,0,810,612,0,0,0,0,0,10.0,840,198,840,32,0,30,154,24,1,16,84,3.404,167.2,1.943,91.223,1.722,0.424,0.975,0.838,shakespeare
548,0,236,178,0,0,0,0,5,2.0,243,49,243,16,0,7,34,24,0,6,28,4.122,47.8,3.173,37.09,1.361,0.571,0.898,0.856,austen
549,0,206,155,0,0,0,1,0,1.0,215,51,215,8,0,9,41,22,1,3,28,3.373,42.2,1.788,43.031,1.308,0.549,0.902,0.847,shakespeare
550,0,61,44,0,0,0,0,0,1.0,69,18,69,3,0,8,16,18,0,3,10,3.056,13.0,1.474,8.0,1.2,0.556,0.722,0.797,shakespeare
551,0,785,627,0,0,0,0,0,3.0,795,157,795,15,0,10,99,25,0,1,80,4.153,158.2,2.225,39.028,1.539,0.51,0.968,0.867,chesterton
552,0,428,323,0,0,1,0,1,3.0,440,101,440,22,0,12,72,24,1,9,52,3.564,87.2,2.269,71.254,1.403,0.515,0.95,0.856,chesterton
553,0,153,110,0,0,0,0,0,1.0,165,42,165,9,0,12,35,22,0,2,28,3.119,32.2,1.728,45.659,1.2,0.667,0.881,0.892,shakespeare
554,0,190,136,0,0,2,1,0,3.0,196,48,196,15,0,6,39,23,1,9,26,3.396,38.4,2.368,28.789,1.371,0.542,0.896,0.842,chesterton
555,0,253,193,0,0,3,1,0,2.0,260,53,260,17,0,7,34,23,3,12,34,4.208,51.2,3.284,28.604,1.205,0.642,0.906,0.888,chesterton
556,0,528,401,0,0,4,0,2,2.0,537,119,537,26,0,9,83,25,0,17,57,3.748,106.6,2.555,130.753,1.526,0.479,0.958,0.846,chesterton
557,0,379,271,0,0,3,0,0,0.3333333333333333,391,97,391,27,0,12,79,24,0,17,50,3.258,77.4,1.981,24.603,1.366,0.515,0.948,0.855,austen
558,0,362,277,0,0,2,0,0,1.0,369,84,369,14,0,7,65,23,1,10,39,3.595,73.0,2.385,45.766,1.377,0.464,0.94,0.827,austen
559,0,344,251,0,0,4,2,0,2.0,350,84,350,23,0,6,65,24,0,10,39,3.44,69.2,2.466,42.921,1.615,0.464,0.94,0.827,chesterton
560,0,99,74,0,0,0,1,0,1.0,105,25,105,5,0,6,21,18,0,0,19,3.4,20.2,1.708,21.833,1.19,0.76,0.8,0.915,shakespeare
561,0,82,62,0,0,0,0,0,1.0,90,21,90,5,0,8,17,20,0,1,13,3.571,17.2,2.271,14.738,1.235,0.619,0.762,0.842,shakespeare
562,0,806,619,0,0,0,0,0,5.0,817,182,817,20,0,11,136,26,0,11,77,3.577,162.6,2.116,63.524,1.701,0.423,0.973,0.835,chesterton
563,0,148,107,0,0,1,1,3,2.0,154,37,154,9,0,6,28,22,0,4,29,3.351,30.0,2.189,25.15,1.121,0.784,0.865,0.933,austen
564,0,377,280,0,0,3,0,0,1.0,388,89,388,24,0,11,62,23,0,8,40,3.618,76.8,2.234,52.784,1.561,0.449,0.944,0.822,chesterton
565,0,751,583,0,0,1,0,0,1.6666666666666667,764,158,764,31,0,13,107,24,1,11,71,3.981,152.0,2.366,154.036,1.58,0.449,0.968,0.842,austen
566,0,524,396,0,0,2,0,0,3.0,540,116,540,26,0,16,83,26,0,12,58,3.81,107.2,2.202,79.493,1.432,0.5,0.957,0.854,austen
567,0,248,190,0,0,2,0,1,2.0,254,55,254,12,0,6,34,23,1,10,42,3.855,50.0,2.475,24.052,1.17,0.764,0.909,0.933,chesterton
568,0,325,242,0,2,2,1,0,1.0,335,79,335,16,0,10,58,24,0,9,47,3.443,66.2,2.411,58.632,1.274,0.595,0.937,0.881,austen
569,0,76,54,0,0,0,0,0,1.0,83,23,83,7,0,7,18,19,0,1,18,2.957,15.8,1.942,19.396,1.211,0.783,0.783,0.922,shakespeare
570,0,237,179,0,0,2,0,1,1.0,243,52,243,15,0,6,36,24,0,6,38,3.923,47.8,2.512,22.852,1.182,0.731,0.904,0.921,austen
571,0,259,197,0,0,0,1,0,2.0,273,60,273,9,0,14,42,23,0,4,37,3.667,53.8,2.482,69.345,1.224,0.617,0.917,0.882,shakespeare
572,0,1068,847,0,0,1,0,0,2.0,1082,219,1082,22,0,14,152,24,1,6,104,4.041,215.6,2.54,202.838,1.622,0.475,0.977,0.862,chesterton
573,0,178,119,0,2,0,1,1,1.0,188,45,188,25,0,10,35,20,1,11,24,3.467,36.8,2.912,25.47,1.364,0.533,0.889,0.835,austen
574,0,24,15,0,0,0,0,0,1.0,31,10,31,3,0,7,10,12,0,2,3,2.5,5.4,1.269,1.517,1.667,0.3,0.5,0.477,shakespeare
575,0,487,367,1,0,2,0,1,1.0,497,112,497,28,0,10,75,24,0,11,50,3.652,98.6,2.192,114.871,1.493,0.446,0.955,0.829,austen
576,0,440,345,0,0,0,0,0,2.0,454,96,454,12,0,14,71,25,0,5,51,3.875,90.0,2.556,43.272,1.391,0.531,0.948,0.861,austen
577,0,503,390,0,0,1,0,2,4.0,511,109,511,18,0,8,67,25,2,6,63,3.844,101.4,2.266,69.845,1.397,0.578,0.954,0.883,chesterton
578,0,295,217,0,0,2,2,0,0.5,304,72,304,21,0,9,55,22,2,8,32,3.5,60.0,2.506,28.784,1.565,0.444,0.931,0.81,austen
579,0,146,105,0,0,0,3,1,1.0,152,38,152,8,0,6,27,23,0,1,20,3.132,29.6,1.862,11.437,1.407,0.526,0.868,0.824,austen
580,0,95,69,0,0,0,1,0,1.0,105,25,105,9,0,10,16,19,0,0,12,3.52,20.2,2.365,16.223,1.471,0.48,0.8,0.772,shakespeare
581,0,469,362,0,0,0,1,0,1.0,475,106,475,18,0,6,79,25,0,3,66,3.66,94.2,2.129,33.477,1.325,0.623,0.953,0.898,austen
582,0,523,413,0,0,0,0,0,3.0,529,109,529,10,0,6,76,23,0,2,48,3.936,105.0,2.153,37.383,1.58,0.44,0.954,0.825,chesterton
583,0,144,109,0,0,0,0,0,1.0,151,36,151,5,0,7,27,20,0,2,25,3.361,29.4,1.693,36.848,1.161,0.694,0.861,0.898,shakespeare
584,0,1221,987,0,0,0,0,0,0.25,1232,227,1232,32,0,11,134,24,1,5,106,4.537,245.6,2.885,217.081,1.669,0.467,0.978,0.86,austen
585,0,102,78,0,0,0,0,0,1.0,108,25,108,4,0,6,18,22,0,2,20,3.52,20.8,2.124,18.295,1.136,0.8,0.8,0.931,shakespeare
586,0,165,126,0,1,0,0,0,1.0,174,39,174,7,0,9,29,23,2,3,35,3.641,34.0,2.109,29.436,1.054,0.897,0.872,0.97,shakespeare
587,0,455,336,0,0,2,0,2,0.3333333333333333,467,113,467,25,0,12,89,26,1,18,51,3.354,92.6,2.427,51.95,1.527,0.451,0.956,0.832,austen
588,0,1006,773,0,0,1,0,0,1.0,1035,220,1035,39,0,29,164,25,0,17,91,3.836,206.2,2.403,130.133,1.705,0.414,0.977,0.836,austen
589,1,211,155,0,0,0,0,1,1.0,226,54,226,12,0,15,38,24,0,4,31,3.389,44.4,1.966,49.49,1.317,0.574,0.907,0.861,austen
590,0,228,171,0,0,0,0,0,1.0,242,56,242,10,0,14,46,22,1,8,41,3.482,47.6,2.404,59.189,1.167,0.732,0.911,0.923,shakespeare
591,0,103,79,0,0,0,0,0,0.5,108,25,108,5,0,5,18,20,0,1,14,3.56,20.8,2.534,28.155,1.316,0.56,0.8,0.82,shakespeare
592,0,718,567,0,0,0,0,1,1.0,728,149,728,13,0,10,99,25,1,10,64,3.96,144.8,2.295,88.587,1.674,0.43,0.966,0.831,chesterton
593,0,65,43,0,0,0,0,0,1.0,74,21,74,6,0,9,18,18,1,4,11,2.762,14.0,1.841,9.592,1.312,0.524,0.762,0.788,shakespeare
594,0,493,381,0,0,0,0,1,0.6666666666666666,507,108,507,18,0,14,74,25,1,6,66,3.833,100.6,2.125,66.594,1.333,0.611,0.954,0.895,austen
595,0,1136,905,0,0,0,0,1,0.3333333333333333,1150,231,1150,31,0,14,149,26,2,6,108,4.113,229.2,2.527,187.316,1.615,0.468,0.978,0.86,austen
596,0,499,385,0,0,2,0,0,5.0,509,111,509,15,0,10,82,23,0,5,56,3.73,101.0,2.115,21.401,1.405,0.505,0.955,0.855,chesterton
597,0,281,202,0,0,3,1,0,4.0,288,72,288,20,0,7,56,22,2,12,42,3.292,56.8,2.106,16.574,1.358,0.583,0.931,0.874,chesterton
598,0,446,340,0,0,0,0,1,2.5,454,101,454,20,0,8,75,24,5,11,47,3.663,90.0,1.845,106.588,1.403,0.465,0.95,0.834,chesterton
599,0,232,177,0,0,0,0,0,2.0,239,54,239,7,0,7,39,23,0,2,25,3.537,47.0,1.634,76.541,1.385,0.463,0.907,0.807,shakespeare
600,0,502,383,0,2,1,0,1,1.0,512,110,512,25,0,10,81,24,0,13,60,3.818,101.6,2.918,134.92,1.467,0.545,0.955,0.871,austen
601,0,156,106,0,0,3,1,1,3.0,162,43,162,15,0,6,38,20,0,10,29,3.116,31.6,2.061,18.716,1.265,0.674,0.884,0.895,austen
602,0,374,280,0,0,0,1,0,2.0,388,92,388,15,0,14,74,22,2,6,48,3.359,76.8,2.094,81.68,1.394,0.522,0.946,0.856,shakespeare
603,0,335,269,0,0,0,0,0,2.0,342,66,342,7,0,7,41,25,0,2,39,4.288,67.6,2.504,33.239,1.375,0.591,0.924,0.874,chesterton
604,0,589,469,0,0,0,0,0,0.125,594,117,594,16,0,5,75,23,0,3,62,4.188,118.0,2.491,68.217,1.444,0.53,0.957,0.867,chesterton
605,0,730,555,0,0,0,0,0,1.0,774,169,774,31,0,44,114,23,0,21,93,3.728,154.0,2.157,164.276,1.42,0.55,0.97,0.884,shakespeare
606,0,156,115,0,0,0,1,1,1.0,161,39,161,9,0,5,27,23,0,4,30,3.333,31.4,2.453,32.122,1.147,0.769,0.872,0.928,austen
607,0,695,518,0,1,0,0,0,1.0,741,171,741,30,1,46,115,24,2,17,74,3.48,147.4,2.124,155.651,1.613,0.433,0.971,0.837,shakespeare
608,0,347,269,0,0,1,0,1,2.0,353,75,353,14,0,6,50,25,1,5,52,3.88,69.8,2.427,42.64,1.23,0.693,0.933,0.915,chesterton
609,0,278,214,0,0,0,0,0,1.0,286,59,286,15,0,8,40,24,1,5,38,4.034,56.4,2.341,26.848,1.229,0.644,0.915,0.892,austen
610,0,326,230,0,0,2,2,2,1.0,336,82,336,27,0,10,67,23,0,17,28,3.317,66.4,2.024,51.037,1.577,0.341,0.939,0.756,austen
611,0,460,276,0,2,0,0,1,1.0,486,87,486,10,91,26,55,25,0,23,61,4.632,96.4,2.46,85.503,1.208,0.701,0.943,0.921,chesterton
612,0,360,275,0,0,3,1,0,1.0,368,78,368,18,0,8,57,23,0,12,34,3.936,72.8,3.176,45.626,1.529,0.436,0.936,0.809,chesterton
613,0,199,144,0,0,0,1,0,1.0,209,54,209,9,0,10,45,24,0,3,33,3.019,41.0,1.486,55.34,1.317,0.611,0.907,0.877,shakespeare
614,0,163,118,0,0,0,0,0,1.0,170,48,170,11,0,7,42,20,0,4,20,2.833,33.2,1.478,29.141,1.548,0.417,0.896,0.774,shakespeare
615,0,258,196,0,0,2,2,0,2.0,268,57,268,12,0,10,36,23,3,7,36,3.895,52.8,1.849,40.629,1.267,0.632,0.912,0.886,chesterton
616,0,493,384,0,0,2,0,2,0.3333333333333333,502,105,502,17,0,9,76,26,2,11,63,3.943,99.6,2.545,79.008,1.265,0.6,0.952,0.89,austen
617,0,85,61,0,0,0,1,0,1.0,92,24,92,5,0,7,20,20,1,3,17,3.042,17.6,1.899,11.971,1.143,0.708,0.792,0.891,shakespeare
618,0,896,690,0,1,1,0,0,0.25,916,190,916,42,0,20,125,25,0,20,80,3.974,182.4,2.333,130.385,1.638,0.421,0.974,0.835,austen
619,0,488,379,0,0,2,0,0,1.0,500,107,500,20,0,12,73,23,1,12,58,3.879,99.2,2.576,88.231,1.408,0.542,0.953,0.869,austen
620,0,410,318,0,0,1,0,0,1.0,423,88,423,14,0,13,57,24,0,7,56,3.955,83.8,2.363,75.728,1.294,0.636,0.943,0.899,austen
621,0,285,210,0,0,3,1,0,0.3333333333333333,292,68,292,17,0,7,53,23,0,9,39,3.544,57.6,2.202,37.421,1.36,0.574,0.926,0.868,austen
622,0,1061,830,0,0,0,0,0,4.0,1072,228,1072,28,0,11,161,27,0,7,99,3.811,213.6,2.346,156.244,1.714,0.434,0.978,0.846,chesterton
623,0,431,338,0,0,0,0,0,3.0,439,90,439,12,0,8,57,26,0,6,43,3.989,87.0,2.17,35.064,1.475,0.478,0.944,0.836,chesterton
624,0,234,178,0,0,1,0,1,4.0,238,52,238,10,0,4,37,21,0,6,35,3.75,46.8,2.342,30.145,1.209,0.673,0.904,0.9,chesterton
625,0,630,490,0,0,0,0,1,6.0,637,137,637,22,0,7,92,24,0,3,64,3.788,126.6,2.554,94.015,1.575,0.467,0.964,0.845,austen
626,0,358,263,0,0,4,1,1,1.0,368,89,368,21,0,10,65,23,1,13,49,3.393,72.8,1.986,79.443,1.348,0.551,0.944,0.867,austen
627,0,310,236,0,0,2,0,0,0.5,319,68,319,18,0,9,46,23,0,9,34,3.941,63.0,2.865,49.492,1.388,0.5,0.926,0.836,austen
628,0,983,763,0,0,0,1,0,1.5,1005,213,1005,31,0,22,150,25,3,14,89,3.836,200.2,2.324,110.834,1.638,0.418,0.977,0.837,austen
629,0,397,305,0,0,0,0,1,1.0,407,92,407,12,0,10,64,23,1,8,50,3.565,80.6,2.308,62.087,1.394,0.543,0.946,0.865,austen
630,0,205,157,0,0,0,0,0,0.5,211,49,211,7,0,6,37,23,0,5,32,3.49,41.4,2.209,23.191,1.289,0.653,0.898,0.891,austen
631,0,278,207,0,0,2,1,0,1.0,288,66,288,15,0,10,46,24,0,8,32,3.606,56.8,2.03,25.193,1.435,0.485,0.924,0.827,chesterton
632,0,511,386,0,0,1,0,0,3.0,517,117,517,23,0,6,90,24,1,11,65,3.564,102.6,2.238,103.038,1.41,0.556,0.957,0.877,austen
633,6,797,604,0,8,1,0,1,1.0,834,177,834,43,1,37,117,25,0,12,60,3.881,166.0,2.823,125.788,1.844,0.339,0.972,0.791,chesterton
634,0,546,414,0,0,0,1,0,1.0,574,129,574,18,0,28,92,24,0,13,67,3.566,114.0,1.924,200.219,1.418,0.519,0.961,0.865,shakespeare
635,0,183,132,0,0,2,1,0,1.0,189,46,189,15,0,6,34,22,1,10,30,3.457,37.0,1.798,21.249,1.243,0.652,0.891,0.888,chesterton
636,0,982,750,0,0,2,0,0,5.0,996,228,996,37,0,14,167,25,1,14,94,3.539,198.4,2.093,103.946,1.74,0.412,0.978,0.837,austen
637,0,373,283,0,0,0,0,3,1.0,383,81,383,18,0,10,56,23,0,8,41,3.84,75.8,2.566,44.516,1.5,0.506,0.938,0.845,austen
638,0,531,398,0,0,2,2,0,4.0,546,126,546,20,0,15,96,24,0,12,58,3.468,108.4,2.182,68.806,1.482,0.46,0.96,0.84,austen
639,0,132,84,0,0,3,1,1,3.0,140,40,140,14,0,8,36,19,0,11,17,2.825,27.2,1.662,26.902,1.538,0.425,0.875,0.768,chesterton
640,0,618,469,0,0,5,1,0,4.0,628,135,628,34,0,10,97,23,0,13,63,3.874,124.8,2.819,106.748,1.607,0.467,0.963,0.845,chesterton
641,0,240,172,0,0,2,0,1,2.0,246,59,246,16,0,6,47,23,0,11,35,3.373,48.4,2.289,37.521,1.311,0.593,0.915,0.872,austen
642,0,638,503,0,0,0,0,0,7.0,645,134,645,15,0,7,94,26,1,3,67,3.918,128.2,2.419,57.452,1.558,0.5,0.963,0.858,chesterton
643,0,288,219,0,0,0,1,0,1.0,301,68,301,11,0,13,50,21,0,5,40,3.574,59.4,2.255,74.363,1.308,0.588,0.926,0.874,shakespeare
644,0,164,119,0,0,0,2,0,1.0,178,43,178,9,0,14,36,22,0,5,22,3.302,34.8,2.088,28.735,1.344,0.512,0.884,0.822,shakespeare
645,0,402,302,0,0,0,2,0,1.0,421,95,421,18,0,19,71,23,0,8,56,3.568,83.4,2.201,34.224,1.301,0.589,0.947,0.884,shakespeare
646,0,548,428,0,0,0,0,1,1.0,559,114,559,16,0,11,76,26,0,15,56,4.0,111.0,2.781,33.466,1.541,0.491,0.956,0.85,austen
647,0,286,222,0,0,1,1,0,4.0,293,62,293,10,0,7,41,24,0,3,41,3.887,57.8,2.277,30.842,1.24,0.661,0.919,0.9,chesterton
648,0,1285,1027,0,0,1,0,0,0.16666666666666666,1302,251,1302,34,0,17,164,25,1,14,100,4.303,259.6,2.823,162.28,1.793,0.398,0.98,0.833,austen
649,0,149,109,0,0,1,0,0,1.0,155,38,155,9,0,6,28,21,0,6,30,3.342,30.2,2.083,4.97,1.152,0.789,0.868,0.935,austen
650,0,337,251,0,0,1,0,3,0.25,342,82,342,16,0,5,62,23,0,2,39,3.341,67.6,1.919,59.003,1.464,0.476,0.939,0.831,austen
651,0,1218,962,0,0,0,0,0,0.1,1225,255,1225,35,0,7,177,25,2,6,98,3.937,244.2,2.38,47.992,1.875,0.384,0.98,0.827,austen
652,0,1527,1165,0,0,1,0,0,0.125,1565,327,1565,74,0,38,225,26,2,26,112,3.911,312.2,2.217,55.711,2.044,0.343,0.985,0.815,austen
653,0,294,219,0,1,1,0,0,2.0,301,69,301,16,0,7,53,24,1,7,33,3.551,59.4,2.253,12.896,1.353,0.478,0.928,0.826,chesterton
654,0,46,30,0,0,0,0,0,1.0,55,17,55,4,0,9,16,19,0,4,8,2.529,10.2,1.625,9.094,1.417,0.471,0.706,0.734,shakespeare
655,0,205,156,0,0,1,1,0,4.0,210,47,210,8,0,5,32,23,0,4,23,3.66,41.2,2.046,12.071,1.424,0.489,0.894,0.814,chesterton
656,0,322,243,0,0,1,0,2,1.0,333,75,333,15,0,11,53,24,1,8,43,3.64,65.8,2.191,25.936,1.316,0.573,0.933,0.871,chesterton
657,0,910,723,0,0,0,0,0,7.0,918,185,918,23,0,8,123,24,2,4,88,4.076,182.8,2.525,60.952,1.609,0.476,0.973,0.858,chesterton
658,0,936,748,1,0,0,0,0,3.0,951,189,951,30,0,15,120,26,0,1,72,4.196,189.4,2.674,109.906,1.817,0.381,0.974,0.816,austen
659,0,469,361,1,0,2,0,0,1.0,481,103,481,20,0,12,74,25,0,10,61,3.854,95.4,2.427,46.827,1.321,0.592,0.951,0.887,austen
660,0,547,410,0,0,1,0,0,0.25,563,126,563,30,0,16,95,26,0,12,61,3.635,111.8,2.226,61.333,1.5,0.484,0.96,0.85,austen
661,0,643,504,0,0,0,0,1,0.25,653,137,653,18,0,10,96,25,0,2,69,3.891,129.8,2.248,165.026,1.457,0.504,0.964,0.861,austen
662,0,476,351,1,0,0,2,2,1.0,515,118,515,27,0,39,86,23,0,13,61,3.534,102.2,2.607,125.243,1.457,0.517,0.958,0.862,shakespeare
663,0,664,492,0,0,0,0,2,1.0,686,159,686,39,0,22,115,24,2,24,74,3.491,136.4,2.219,132.632,1.559,0.465,0.969,0.849,austen
664,0,389,299,0,0,3,0,0,3.0,397,87,397,18,0,8,61,23,0,11,46,3.805,78.6,2.614,52.577,1.403,0.529,0.943,0.857,austen
665,0,609,479,0,0,2,0,0,2.0,617,127,617,18,0,8,84,24,0,7,62,4.008,122.6,2.458,102.055,1.427,0.488,0.961,0.852,austen
666,0,186,136,0,0,0,1,0,2.0,199,49,199,10,0,13,39,22,0,2,36,3.245,39.0,1.614,56.0,1.195,0.735,0.898,0.921,shakespeare
667,0,557,436,0,0,0,1,1,0.1,568,118,568,15,0,11,82,24,1,4,63,3.915,112.8,2.476,65.078,1.457,0.534,0.958,0.868,austen
668,0,75,54,0,0,0,1,0,1.0,81,21,81,6,0,6,16,17,0,2,16,3.143,15.4,2.197,9.711,1.105,0.762,0.762,0.911,shakespeare
669,0,276,211,0,0,1,0,0,1.0,282,62,282,11,0,6,45,25,0,6,40,3.726,55.6,2.256,47.247,1.216,0.645,0.919,0.894,chesterton
670,0,349,259,0,0,3,1,0,1.0,355,83,355,19,0,6,64,24,0,11,44,3.506,70.2,2.177,36.072,1.482,0.53,0.94,0.856,austen
671,0,285,220,0,0,0,1,0,2.0,290,64,290,12,0,5,43,22,0,5,39,3.734,57.2,2.297,60.359,1.306,0.609,0.922,0.881,chesterton
672,0,300,207,0,0,5,0,0,3.0,309,81,309,29,0,9,64,24,0,16,34,3.173,61.0,2.108,35.91,1.653,0.42,0.938,0.802,chesterton
673,0,332,250,0,0,0,0,0,1.0,350,83,350,15,0,18,59,24,1,5,42,3.41,69.2,1.855,73.357,1.407,0.506,0.94,0.846,shakespeare
674,0,1725,1367,0,0,0,0,0,1.3333333333333333,1743,338,1743,55,0,18,215,27,0,12,148,4.26,347.8,2.756,317.675,1.733,0.438,0.985,0.858,austen
675,0,672,527,0,0,1,0,0,0.5,678,138,678,21,0,6,91,25,0,10,69,4.036,134.8,2.536,100.45,1.468,0.5,0.964,0.859,austen
676,0,628,472,0,0,5,0,0,7.0,639,146,639,32,0,11,111,24,1,17,61,3.596,127.0,2.417,52.062,1.604,0.418,0.966,0.825,chesterton
677,0,546,437,0,0,0,0,0,8.0,553,110,553,9,0,7,73,23,1,1,52,4.118,109.8,2.282,22.499,1.486,0.473,0.955,0.841,chesterton
678,0,766,581,0,0,2,0,0,3.0,776,174,776,31,0,10,131,24,0,13,76,3.598,154.4,2.411,128.146,1.642,0.437,0.971,0.839,austen
679,0,215,162,0,0,1,0,1,1.0,222,52,222,11,0,7,38,23,0,4,35,3.5,43.6,2.372,22.996,1.268,0.673,0.904,0.9,austen
680,0,452,348,0,0,1,1,1,0.3333333333333333,463,90,463,23,0,11,57,25,0,10,61,4.267,91.8,2.755,35.801,1.2,0.678,0.944,0.914,austen
681,0,452,337,0,0,0,5,0,5.0,479,111,479,21,0,27,79,24,2,7,43,3.468,95.0,2.101,117.365,1.632,0.387,0.955,0.799,shakespeare
682,0,481,389,0,0,0,0,0,1.0,488,95,488,8,0,7,66,24,0,0,51,4.253,96.8,2.526,32.291,1.462,0.537,0.947,0.863,chesterton
683,0,951,754,0,0,0,0,0,2.0,965,194,965,25,0,14,125,24,0,2,84,4.088,192.2,2.474,121.469,1.658,0.433,0.974,0.841,chesterton
684,0,469,355,0,0,0,1,0,0.5,499,112,499,15,0,30,83,24,0,8,58,3.571,99.0,2.052,78.635,1.333,0.518,0.955,0.861,shakespeare
685,0,949,744,0,0,0,0,4,0.08333333333333333,957,194,957,36,0,8,131,24,0,8,65,4.067,190.6,2.581,205.285,1.94,0.335,0.974,0.792,austen
686,0,181,134,0,0,0,0,0,3.0,193,46,193,10,0,12,35,21,1,2,25,3.391,37.8,2.124,36.942,1.394,0.543,0.891,0.841,shakespeare
687,0,517,412,0,0,0,0,0,4.0,524,106,524,11,0,7,70,24,1,3,60,4.057,104.0,2.203,42.178,1.395,0.566,0.953,0.878,chesterton
688,0,1863,1478,0,0,1,0,0,1.25,1880,382,1880,53,0,17,262,25,1,7,137,4.058,375.2,2.567,124.148,2.0,0.359,0.987,0.828,austen
689,0,367,291,0,0,0,0,1,2.0,378,72,378,12,0,11,43,22,1,4,37,4.375,74.8,2.498,25.044,1.385,0.514,0.931,0.844,austen
690,0,388,292,0,0,0,2,2,0.16666666666666666,402,86,402,15,0,14,64,26,0,9,40,3.744,79.6,2.224,20.55,1.365,0.465,0.942,0.828,austen
691,0,492,388,0,0,2,0,0,2.0,507,101,507,18,0,15,67,26,1,7,58,4.208,100.6,2.974,22.941,1.365,0.574,0.95,0.88,austen
692,0,647,494,0,0,1,0,1,0.16666666666666666,656,148,656,22,0,9,113,25,0,11,56,3.568,130.4,2.044,101.402,1.701,0.378,0.966,0.806,austen
693,0,430,339,0,0,1,2,0,3.0,440,87,440,15,0,10,54,24,0,2,48,4.207,87.2,2.69,54.458,1.381,0.552,0.943,0.867,chesterton
694,0,460,353,0,0,0,0,0,4.0,470,106,470,19,0,10,70,24,4,8,46,3.613,93.2,2.077,73.483,1.514,0.434,0.953,0.821,chesterton
695,0,276,194,0,0,3,1,2,1.0,285,71,285,24,0,9,57,24,0,14,35,3.296,56.2,2.147,39.366,1.42,0.493,0.93,0.834,austen
696,0,108,79,0,0,0,0,0,1.0,117,29,117,7,0,9,22,21,0,4,23,3.276,22.6,2.763,26.586,1.074,0.793,0.828,0.931,shakespeare
697,0,1215,964,0,0,0,0,0,3.0,1243,250,1243,31,0,28,164,26,1,10,116,4.096,247.8,2.602,237.86,1.645,0.464,0.98,0.861,austen
698,0,360,267,1,0,0,0,0,1.0,381,89,381,13,0,21,68,22,0,6,38,3.382,75.4,1.98,56.225,1.483,0.427,0.944,0.81,shakespeare
699,0,462,349,0,0,2,0,1,1.0,475,108,475,21,0,13,79,26,1,11,57,3.593,94.2,1.977,58.581,1.403,0.528,0.954,0.864,austen
700,0,271,189,0,0,3,1,3,3.0,282,69,282,24,0,11,50,21,1,11,36,3.362,55.6,2.1,50.924,1.408,0.522,0.928,0.846,chesterton
701,0,426,338,0,0,0,0,0,3.0,434,88,434,15,0,8,59,26,1,3,51,4.125,86.0,2.621,52.202,1.333,0.58,0.943,0.878,chesterton
702,0,223,167,0,0,3,1,1,1.0,230,47,230,16,0,7,34,23,0,7,31,4.17,45.2,3.253,21.324,1.27,0.66,0.894,0.892,chesterton
703,0,385,295,0,0,0,0,0,1.0,394,87,394,14,0,9,64,23,0,6,48,3.667,78.0,2.208,60.881,1.426,0.552,0.943,0.867,austen
704,0,594,477,0,0,0,0,0,1.0,600,117,600,12,0,6,78,24,0,1,62,4.231,119.2,2.73,79.2,1.427,0.53,0.957,0.867,chesterton
705,0,925,733,0,0,1,0,0,3.0,941,188,941,32,0,16,117,25,1,8,84,4.17,187.4,2.569,86.63,1.679,0.447,0.973,0.846,austen
706,0,142,101,0,0,0,2,0,1.0,153,39,153,9,0,11,32,20,1,1,21,3.103,29.8,1.861,40.214,1.345,0.538,0.872,0.831,shakespeare
707,0,297,236,0,0,0,0,0,1.0,302,61,302,9,0,5,37,22,0,1,23,4.098,59.6,2.767,37.206,1.649,0.377,0.918,0.763,chesterton
708,0,285,213,1,0,0,1,0,2.0,294,70,294,13,0,9,51,22,0,4,35,3.357,58.0,1.881,69.177,1.4,0.5,0.929,0.837,shakespeare
709,0,308,234,0,0,2,0,0,0.5,315,69,315,17,0,7,48,24,0,5,34,3.797,62.2,2.559,35.351,1.438,0.493,0.928,0.833,austen
710,0,298,230,0,0,0,0,1,0.14285714285714285,307,66,307,11,0,9,50,24,0,4,39,3.788,60.6,2.575,66.339,1.294,0.591,0.924,0.874,austen
711,0,458,360,0,0,0,1,0,2.0,467,96,467,11,0,9,68,25,0,6,44,3.969,92.6,2.473,63.768,1.477,0.458,0.948,0.829,chesterton
712,0,442,345,0,0,1,1,0,5.0,449,94,449,15,0,7,67,24,0,4,59,3.926,89.0,2.524,65.738,1.306,0.628,0.947,0.897,chesterton
713,0,452,340,0,0,0,3,0,2.0,476,105,476,24,0,24,73,24,1,10,60,3.695,94.4,2.386,99.696,1.419,0.571,0.952,0.88,shakespeare
714,0,1134,896,0,0,0,0,0,2.0,1143,233,1143,23,0,9,156,24,0,5,105,3.983,227.8,2.228,101.927,1.641,0.451,0.979,0.854,chesterton
715,0,692,548,0,0,0,0,0,2.0,699,140,699,21,0,7,92,24,1,7,72,4.121,139.0,2.618,39.781,1.522,0.514,0.964,0.865,chesterton
716,0,23,16,0,0,0,0,0,1.0,28,8,28,3,0,5,7,15,0,1,5,3.0,4.8,2.673,2.588,1.333,0.625,0.375,0.774,shakespeare
717,0,173,121,0,0,2,2,1,1.0,180,46,180,15,0,7,37,21,0,11,24,3.239,35.2,2.359,19.69,1.353,0.522,0.891,0.83,chesterton
718,0,353,264,0,0,0,1,0,2.0,364,87,364,13,0,11,61,23,0,15,25,3.31,72.0,1.978,21.587,1.933,0.287,0.943,0.721,chesterton
719,0,352,258,0,0,2,0,0,1.0,366,88,366,22,0,14,71,25,0,12,46,3.409,72.4,2.371,65.11,1.467,0.523,0.943,0.855,austen
720,0,296,212,0,0,3,1,0,2.0,305,79,305,21,0,9,65,23,2,10,32,3.152,60.2,1.812,14.114,1.646,0.405,0.937,0.793,chesterton
721,0,701,526,0,0,0,0,2,0.5,717,160,717,33,0,16,119,24,0,14,66,3.6,142.6,1.991,118.202,1.633,0.412,0.969,0.826,austen
722,0,92,63,0,0,0,2,0,1.0,99,29,99,7,0,7,25,20,1,3,21,2.655,19.0,1.471,19.799,1.16,0.724,0.828,0.904,shakespeare
723,0,1129,903,0,0,0,0,0,0.2,1146,227,1146,25,0,17,147,24,0,1,99,4.163,228.4,2.52,276.593,1.733,0.436,0.978,0.847,austen
724,0,397,299,0,0,1,1,1,3.0,407,89,407,21,0,10,65,24,1,9,60,3.73,80.6,2.189,76.52,1.236,0.674,0.944,0.912,austen
725,0,474,368,0,0,0,0,0,0.25,490,106,490,17,0,16,70,24,0,9,57,3.792,97.2,2.468,57.002,1.452,0.538,0.953,0.867,austen
726,0,352,270,1,0,0,0,0,1.0,375,83,375,15,0,23,57,22,1,2,44,3.711,74.2,2.55,117.71,1.482,0.53,0.94,0.856,shakespeare
727,0,338,256,0,0,2,0,1,1.5,350,74,350,20,0,12,49,25,1,7,39,3.973,69.2,2.499,61.014,1.345,0.527,0.932,0.851,chesterton
728,0,93,66,0,0,0,1,0,1.0,100,26,100,5,0,7,22,20,0,4,18,3.0,19.2,1.6,16.873,1.13,0.692,0.808,0.887,shakespeare
729,0,762,581,0,0,0,0,0,2.0,808,181,808,26,0,46,126,24,1,13,81,3.608,160.8,2.177,110.273,1.56,0.448,0.972,0.845,shakespeare
730,0,523,400,0,0,0,0,0,1.0,531,118,531,14,0,8,84,25,0,3,48,3.576,105.4,2.178,48.34,1.686,0.407,0.958,0.811,chesterton
731,0,558,391,0,0,4,0,3,0.6666666666666666,579,141,579,49,0,21,112,25,0,32,52,3.34,115.0,1.992,60.758,1.679,0.369,0.965,0.798,austen
732,0,986,776,0,0,0,0,0,8.0,1001,206,1001,33,0,15,143,25,1,3,80,4.0,199.4,2.574,102.17,1.807,0.388,0.976,0.822,austen
733,0,558,425,0,0,3,0,0,2.0,565,126,565,26,0,7,83,23,0,10,60,3.69,112.2,2.13,38.745,1.556,0.476,0.96,0.847,chesterton
734,0,394,294,1,0,0,0,0,1.0,418,95,418,19,0,24,69,23,0,7,55,3.547,82.8,2.649,103.362,1.319,0.579,0.947,0.88,shakespeare
735,0,116,85,0,0,0,0,0,2.0,127,32,127,9,0,11,22,23,2,4,21,3.281,24.6,2.083,30.721,1.28,0.656,0.844,0.878,shakespeare
736,0,81,58,0,0,0,1,0,3.0,88,22,88,5,0,7,18,19,0,1,18,3.182,16.8,1.622,13.405,1.048,0.818,0.773,0.935,shakespeare
737,0,334,251,0,0,0,1,0,4.0,343,83,343,14,0,9,65,23,0,7,33,3.301,67.8,2.218,29.609,1.596,0.398,0.94,0.791,austen
738,0,334,261,0,0,0,0,0,1.0,355,72,355,9,2,21,49,24,0,4,43,4.069,70.2,2.241,61.585,1.358,0.597,0.931,0.879,austen
739,0,319,235,0,0,3,0,1,1.0,326,77,326,21,0,7,58,24,2,11,39,3.494,64.4,2.48,36.59,1.426,0.506,0.935,0.843,austen
740,0,670,513,0,5,0,0,0,2.0,682,143,682,39,0,12,101,24,1,5,74,3.958,135.6,2.758,74.039,1.554,0.517,0.965,0.867,chesterton
741,0,141,101,0,0,0,1,0,1.0,154,39,154,9,0,13,33,21,0,1,26,3.154,30.0,1.885,38.138,1.258,0.667,0.872,0.889,shakespeare
742,0,259,186,0,0,3,2,0,1.0,267,62,267,19,0,8,47,24,0,13,41,3.532,52.6,2.193,23.776,1.24,0.661,0.919,0.9,chesterton
743,0,868,650,0,0,0,0,0,4.0,890,209,890,39,0,22,152,23,2,19,68,3.402,177.2,2.069,171.396,1.953,0.325,0.976,0.79,shakespeare
744,0,444,311,0,0,5,1,0,2.0,456,121,456,37,0,12,103,24,0,19,48,3.066,90.4,2.044,101.303,1.635,0.397,0.959,0.807,austen
745,0,468,353,0,0,0,1,0,1.0,500,112,500,23,0,32,72,23,2,8,61,3.643,99.2,1.995,99.706,1.366,0.545,0.955,0.871,shakespeare
746,0,945,757,0,0,0,0,0,4.0,956,185,956,21,0,11,119,25,0,5,101,4.265,190.4,2.68,52.032,1.504,0.546,0.973,0.884,chesterton
747,0,131,95,0,0,0,1,0,1.0,140,36,140,7,0,9,28,19,0,2,18,3.083,27.2,1.713,31.332,1.333,0.5,0.861,0.807,shakespeare
748,0,873,675,0,0,1,2,0,2.5,884,191,884,29,0,11,139,26,0,9,87,3.759,176.0,2.394,134.291,1.592,0.455,0.974,0.85,austen
749,0,480,360,0,0,2,0,0,2.0,489,115,489,22,0,9,91,23,1,9,51,3.443,97.0,2.023,53.577,1.554,0.443,0.957,0.829,chesterton
750,0,182,134,0,0,0,1,0,2.0,195,46,195,9,0,13,36,24,0,5,37,3.391,38.2,2.165,39.06,1.07,0.804,0.891,0.943,shakespeare
751,0,203,144,0,0,2,1,2,1.0,212,51,212,14,0,9,39,23,1,8,34,3.392,41.6,1.65,48.48,1.244,0.667,0.902,0.897,chesterton
752,2,784,613,0,0,1,0,1,1.5,803,168,803,25,0,19,123,25,0,5,72,3.923,159.8,2.585,106.774,1.615,0.429,0.97,0.835,austen
753,0,278,210,0,0,0,0,0,1.0,292,70,292,12,0,14,50,22,0,5,39,3.371,57.6,1.859,56.029,1.346,0.557,0.929,0.862,shakespeare
754,0,509,383,0,0,2,0,1,2.0,520,118,520,21,0,11,89,26,0,10,63,3.568,103.2,2.213,42.734,1.388,0.534,0.958,0.868,austen
755,0,425,314,0,0,2,0,0,0.2,439,107,439,20,0,14,89,23,0,10,49,3.299,87.0,1.839,77.563,1.507,0.458,0.953,0.833,austen
756,0,363,269,0,0,2,0,0,1.0,371,88,371,20,0,8,68,24,1,11,48,3.443,73.4,2.154,49.074,1.419,0.545,0.943,0.865,austen
757,1,770,610,0,0,0,0,0,3.0,780,161,780,17,0,10,103,24,0,1,70,3.957,155.2,2.189,82.096,1.61,0.435,0.969,0.836,chesterton
758,0,375,282,0,0,2,0,4,1.0,382,86,382,21,0,7,60,24,1,8,47,3.651,75.6,2.629,44.275,1.41,0.547,0.942,0.864,austen
759,0,315,233,0,0,4,0,0,2.0,321,78,321,18,0,6,58,24,0,17,35,3.41,63.4,2.431,11.415,1.56,0.449,0.936,0.816,austen
760,0,1415,1120,0,0,0,0,0,0.5,1434,286,1434,47,0,19,178,25,0,10,122,4.147,286.0,2.557,240.842,1.822,0.427,0.983,0.849,austen
761,0,75,50,0,0,0,1,0,2.0,83,24,83,6,0,8,21,20,0,3,17,2.667,15.8,1.494,18.939,1.2,0.708,0.792,0.891,shakespeare
762,2,716,547,0,0,1,0,0,2.0,734,161,734,28,0,18,116,25,0,10,74,3.708,146.0,2.376,109.77,1.61,0.46,0.969,0.847,austen
763,0,690,563,0,0,0,0,0,1.0,702,127,702,13,0,12,74,25,1,2,74,4.63,139.6,2.878,95.691,1.427,0.583,0.961,0.889,chesterton
764,0,232,168,0,0,2,0,0,1.0,243,56,243,17,0,11,41,23,0,9,31,3.589,47.8,2.061,31.204,1.302,0.554,0.911,0.853,chesterton
765,0,351,264,0,0,2,2,0,0.3333333333333333,358,80,358,20,0,7,57,22,0,10,42,3.688,70.8,2.569,24.934,1.356,0.525,0.938,0.853,austen
766,0,387,301,0,0,0,0,0,1.6666666666666667,399,85,399,13,0,12,58,24,1,4,50,3.847,79.0,2.322,42.385,1.349,0.588,0.941,0.881,austen
767,0,522,420,0,0,0,0,0,4.0,528,101,528,12,0,6,64,23,0,2,60,4.337,104.8,2.875,53.434,1.403,0.594,0.95,0.887,chesterton
768,0,470,342,0,2,2,0,0,2.0,484,105,484,38,0,14,67,25,0,17,61,3.8,96.0,2.498,47.08,1.364,0.581,0.952,0.883,austen
769,0,234,166,1,0,0,0,0,1.0,241,65,241,16,0,7,55,23,2,7,33,2.923,47.4,1.623,28.112,1.413,0.508,0.923,0.838,chesterton
770,0,751,554,0,0,0,0,2,0.75,771,180,771,40,0,20,143,24,1,20,68,3.411,153.4,2.173,77.89,1.765,0.378,0.972,0.813,austen
771,0,468,362,0,0,1,0,0,4.0,475,102,475,16,0,7,76,24,2,8,61,3.804,94.2,2.663,51.886,1.291,0.598,0.951,0.889,chesterton
772,0,455,347,0,0,0,1,0,1.0,486,104,486,17,0,31,68,24,0,11,50,3.798,96.4,2.514,86.656,1.387,0.481,0.952,0.842,shakespeare
773,0,842,668,0,1,0,0,2,0.25,854,170,854,20,0,12,115,26,1,3,86,4.124,170.0,2.479,184.491,1.504,0.506,0.971,0.867,austen
774,0,331,250,0,0,2,2,1,3.0,341,76,341,17,0,10,56,24,1,10,43,3.711,67.4,2.25,29.065,1.246,0.566,0.934,0.868,austen
775,0,618,483,0,0,2,0,0,0.3333333333333333,630,130,630,20,0,12,91,25,0,5,61,3.992,125.2,2.616,87.021,1.566,0.469,0.962,0.845,austen
776,0,542,406,0,1,0,0,2,1.0,553,130,553,24,0,11,91,24,1,12,63,3.392,109.8,2.1,78.101,1.548,0.485,0.962,0.851,austen
777,0,494,384,0,0,1,0,0,0.5,506,107,506,17,0,12,72,23,0,11,48,3.888,100.4,2.56,59.836,1.597,0.449,0.953,0.828,austen
778,0,463,354,1,0,0,0,0,1.0,492,108,492,22,0,29,72,26,0,9,53,3.75,97.6,2.473,178.335,1.421,0.491,0.954,0.848,shakespeare
779,0,387,285,0,0,3,0,1,3.0,399,91,399,23,0,12,69,24,0,19,41,3.593,79.0,2.629,51.875,1.517,0.451,0.945,0.823,austen
780,0,461,346,0,1,2,0,1,2.0,470,107,470,27,0,9,78,24,0,9,56,3.607,93.2,2.472,34.054,1.408,0.523,0.953,0.861,austen
781,0,617,493,0,0,0,0,0,2.0,624,125,624,10,0,7,88,25,0,4,63,4.08,124.0,2.487,35.553,1.524,0.504,0.96,0.858,chesterton
782,0,147,111,0,0,0,0,0,1.0,154,36,154,7,0,7,26,20,1,6,21,3.5,30.0,2.131,20.137,1.333,0.583,0.861,0.85,chesterton
783,0,515,400,0,0,2,1,0,0.5,527,110,527,18,0,12,80,24,1,7,52,3.945,104.6,2.294,51.345,1.549,0.473,0.955,0.841,chesterton
784,0,535,401,0,0,4,1,0,5.0,543,124,543,24,0,8,90,24,1,12,58,3.573,107.8,2.176,17.341,1.494,0.468,0.96,0.842,chesterton
785,0,64,43,0,0,0,1,0,1.0,71,21,71,6,0,7,20,14,0,4,9,2.667,13.4,1.278,9.45,1.235,0.429,0.762,0.722,shakespeare
786,0,231,176,0,0,1,0,0,2.0,237,51,237,9,2,6,31,24,0,10,33,3.843,46.6,2.37,20.948,1.275,0.647,0.902,0.889,austen
787,0,428,322,0,0,0,0,0,3.0,445,102,445,18,0,17,72,24,2,10,52,3.51,88.2,1.866,91.729,1.478,0.51,0.951,0.854,austen
788,0,608,459,0,0,3,0,0,2.0,625,145,625,24,0,17,109,25,0,18,59,3.497,124.2,2.381,96.134,1.747,0.407,0.966,0.819,austen
789,0,308,222,0,0,4,2,0,3.0,315,73,315,24,0,7,55,27,0,13,44,3.589,62.2,2.302,36.148,1.327,0.603,0.932,0.882,chesterton
790,0,242,172,0,0,1,1,1,1.0,252,63,252,17,0,10,48,23,0,9,42,3.222,49.6,1.87,57.033,1.189,0.667,0.921,0.902,austen
791,0,666,529,1,0,0,0,0,1.0,678,134,678,18,0,12,86,24,1,5,70,4.172,134.8,2.518,60.38,1.426,0.522,0.963,0.867,chesterton
792,0,612,472,0,0,3,1,0,0.25,625,129,625,28,0,13,88,24,0,12,58,4.023,124.2,2.523,96.443,1.573,0.45,0.961,0.836,austen
793,0,954,757,0,0,0,0,0,4.0,959,197,959,20,0,5,128,25,0,2,92,3.97,191.0,2.319,127.281,1.655,0.467,0.975,0.856,chesterton
794,0,1092,870,0,0,0,0,0,0.3333333333333333,1117,217,1117,31,0,25,140,25,0,13,95,4.272,222.6,2.79,181.102,1.695,0.438,0.977,0.846,austen
795,0,458,351,0,0,2,0,0,2.0,472,102,472,25,0,14,69,24,2,9,54,3.863,93.6,2.429,27.808,1.437,0.529,0.951,0.862,austen
796,0,254,190,0,0,1,0,0,1.0,259,58,259,15,0,5,41,22,1,10,30,3.672,51.0,2.416,28.644,1.318,0.517,0.914,0.838,austen
797,0,470,345,0,0,1,0,0,1.0,484,114,484,27,0,14,88,24,1,15,55,3.404,96.0,2.225,48.616,1.462,0.482,0.956,0.846,austen
798,0,409,312,0,0,0,0,0,2.0,420,91,420,22,0,11,67,23,6,14,40,3.802,83.2,2.32,24.386,1.542,0.44,0.945,0.818,chesterton
799,0,877,710,0,0,0,0,0,1.0,884,168,884,17,0,7,100,24,1,3,86,4.369,176.0,2.389,47.154,1.487,0.512,0.97,0.869,chesterton
800,0,593,463,0,0,0,0,0,1.5,608,125,608,20,0,15,81,24,0,4,66,3.984,120.8,2.495,34.288,1.471,0.528,0.96,0.868,chesterton
801,0,591,471,0,0,0,0,0,4.0,597,120,597,11,0,6,75,25,0,0,62,4.067,118.6,2.168,50.792,1.463,0.517,0.958,0.862,chesterton
802,0,616,471,0,0,2,0,0,0.2,630,139,630,21,0,14,106,23,0,10,64,3.676,125.2,2.181,133.93,1.495,0.46,0.964,0.843,austen
803,0,194,129,0,0,4,2,0,4.0,200,58,200,20,0,6,51,22,2,12,19,2.828,39.2,1.602,17.413,1.657,0.328,0.914,0.725,chesterton
804,0,164,128,0,0,0,0,0,1.0,173,35,173,11,0,9,23,20,3,4,18,4.229,33.8,3.172,27.417,1.296,0.514,0.857,0.813,shakespeare
805,0,658,494,0,0,1,0,0,9.0,677,151,677,34,0,19,113,25,2,12,57,3.636,134.6,1.965,82.969,1.756,0.377,0.967,0.806,austen
806,0,180,138,0,0,0,0,0,2.0,192,42,192,6,0,12,29,21,1,5,29,3.714,37.6,2.178,48.086,1.135,0.69,0.881,0.901,shakespeare
807,0,326,251,0,0,0,0,1,0.3333333333333333,334,74,334,12,0,8,52,24,0,4,41,3.676,66.0,2.45,58.647,1.423,0.554,0.932,0.863,austen
808,0,268,195,0,0,1,2,1,0.5,276,65,276,16,0,8,49,24,1,8,39,3.415,54.4,2.171,33.11,1.275,0.6,0.923,0.878,austen
809,0,283,209,0,0,1,0,4,1.0,290,63,290,17,0,7,48,24,0,11,33,3.73,57.2,2.812,68.339,1.312,0.524,0.921,0.844,austen
810,0,293,211,0,0,2,2,0,1.0,308,75,308,17,0,15,54,24,0,13,38,3.307,60.8,2.212,63.239,1.442,0.507,0.933,0.843,austen
811,0,782,630,0,0,0,0,0,0.5,789,152,789,17,0,7,101,25,1,2,75,4.303,157.0,2.709,80.985,1.476,0.493,0.967,0.859,austen
812,0,287,206,0,0,4,2,0,1.0,296,71,296,18,0,9,52,22,1,13,28,3.408,58.4,1.909,37.627,1.614,0.394,0.93,0.782,chesterton
813,0,593,468,0,0,0,0,1,1.0,608,122,608,14,0,15,81,25,0,4,62,4.074,120.8,2.375,103.272,1.488,0.508,0.959,0.859,austen
814,0,648,500,0,0,1,1,0,0.5,666,138,666,28,0,18,94,25,0,9,86,3.971,132.4,2.254,127.492,1.353,0.623,0.964,0.904,austen
815,0,363,268,0,0,3,1,0,2.0,370,83,370,24,0,7,61,23,1,12,44,3.699,73.2,2.388,40.115,1.431,0.53,0.94,0.856,chesterton
816,0,202,147,0,0,0,0,1,5.0,209,53,209,10,0,7,43,21,1,5,32,3.113,41.0,1.761,31.353,1.293,0.604,0.906,0.873,austen
817,0,487,381,0,0,0,0,0,1.0,494,108,494,11,0,7,74,24,0,4,39,3.694,98.0,2.326,34.763,1.742,0.361,0.954,0.782,chesterton
818,0,110,86,0,0,0,0,0,1.0,122,24,122,5,0,12,14,21,0,3,18,4.292,23.6,3.057,21.524,1.2,0.75,0.792,0.909,shakespeare
819,0,244,187,0,0,0,0,0,1.0,252,57,252,8,0,8,39,22,0,8,31,3.579,49.6,2.464,45.07,1.39,0.544,0.912,0.849,chesterton
820,0,450,354,0,0,0,0,0,3.0,455,94,455,13,0,5,67,25,0,3,51,3.968,90.2,2.538,52.528,1.424,0.543,0.947,0.865,chesterton
821,0,154,109,0,0,2,0,3,2.0,159,39,159,10,0,5,28,22,0,7,28,3.282,31.0,1.932,22.26,1.182,0.718,0.872,0.91,austen
822,0,809,636,0,0,0,0,1,0.25,817,167,817,26,0,8,114,24,1,5,81,4.012,162.6,2.74,95.398,1.606,0.485,0.97,0.859,austen
823,0,275,213,0,0,0,0,0,2.0,283,63,283,10,0,8,45,24,1,5,40,3.683,55.8,2.361,45.428,1.286,0.635,0.921,0.89,chesterton
824,0,184,135,0,0,0,0,1,1.0,190,49,190,9,0,6,39,23,0,4,22,3.061,37.2,2.035,10.134,1.4,0.449,0.898,0.794,austen
825,0,311,238,0,0,2,0,1,4.0,319,69,319,16,0,8,47,24,1,6,47,3.855,63.0,2.557,51.512,1.19,0.681,0.928,0.909,chesterton
826,0,758,587,0,0,2,0,1,0.6,772,156,772,33,0,14,105,23,2,16,75,4.096,153.6,2.501,109.735,1.5,0.481,0.968,0.855,austen
827,0,412,310,0,0,0,1,0,1.0,432,101,432,15,0,20,74,23,0,8,58,3.416,85.6,1.986,137.426,1.312,0.574,0.95,0.88,shakespeare
828,0,736,570,0,1,1,0,0,2.0,752,160,752,31,0,16,111,27,1,10,83,3.869,149.6,2.642,53.956,1.495,0.519,0.969,0.871,austen
829,0,183,130,0,0,2,1,2,2.0,191,46,191,15,0,8,35,23,0,9,29,3.435,37.4,2.446,26.006,1.243,0.63,0.891,0.88,chesterton
830,0,814,646,1,0,0,2,0,1.0,826,167,826,20,0,12,113,25,1,3,92,4.06,164.4,2.545,105.391,1.465,0.551,0.97,0.884,austen
831,0,460,354,0,0,0,1,0,2.0,478,98,478,15,0,18,62,23,1,0,57,3.949,94.8,2.012,167.431,1.42,0.582,0.949,0.882,shakespeare
832,0,503,394,0,0,1,0,0,1.0,512,106,512,16,0,9,67,23,0,6,66,3.991,101.6,2.223,74.675,1.342,0.623,0.953,0.898,chesterton
833,0,239,185,0,0,0,0,0,1.0,249,54,249,6,0,10,35,22,0,2,22,3.722,49.0,2.406,49.244,1.5,0.407,0.907,0.775,shakespeare
834,0,1032,805,0,0,0,0,0,1.0,1047,227,1047,24,0,15,163,25,3,17,110,3.718,208.6,2.101,68.835,1.599,0.485,0.978,0.866,chesterton
835,0,242,170,0,0,3,1,0,1.0,251,67,251,14,0,9,58,23,0,11,27,2.97,49.4,1.784,19.06,1.595,0.403,0.925,0.784,chesterton
836,0,718,577,0,0,0,0,0,1.5,727,142,727,16,0,9,88,24,0,4,69,4.239,144.6,2.478,161.063,1.543,0.486,0.965,0.854,austen
837,0,252,184,0,0,2,0,0,0.6666666666666666,261,64,261,14,0,9,50,23,0,8,34,3.312,51.4,1.918,32.837,1.391,0.531,0.922,0.848,austen
838,0,218,160,0,2,2,0,0,1.0,225,52,225,17,0,7,37,23,0,7,33,3.635,44.2,2.377,18.58,1.268,0.635,0.904,0.885,chesterton
839,0,90,62,0,0,0,0,0,1.0,100,26,100,8,1,10,19,18,0,0,15,3.115,19.2,2.104,14.973,1.368,0.577,0.808,0.831,shakespeare
840,0,545,423,0,0,0,0,0,1.0,554,120,554,15,0,9,83,24,0,6,63,3.733,110.0,2.322,67.331,1.481,0.525,0.958,0.865,chesterton
841,0,707,525,0,0,3,2,0,0.3333333333333333,726,161,726,46,0,19,114,26,2,22,81,3.708,144.4,2.4,113.008,1.477,0.503,0.969,0.865,austen
842,0,407,312,0,0,0,0,0,2.0,419,94,419,15,0,12,67,24,1,7,53,3.617,83.0,2.11,66.506,1.362,0.564,0.947,0.874,chesterton
843,0,467,349,0,0,3,0,0,0.6666666666666666,476,112,476,23,0,9,85,23,2,12,63,3.473,94.4,2.031,41.368,1.418,0.562,0.955,0.878,chesterton
844,0,250,182,0,1,3,0,1,1.0,258,61,258,19,0,8,46,23,0,10,26,3.525,50.8,2.233,19.473,1.419,0.426,0.918,0.793,austen
845,0,95,70,0,0,0,1,0,1.0,100,25,100,6,0,5,20,20,0,1,13,3.24,19.2,2.166,20.825,1.389,0.52,0.8,0.797,shakespeare
846,0,285,211,0,0,3,0,4,1.0,290,64,290,18,0,5,50,23,0,10,28,3.766,57.2,2.943,22.786,1.488,0.438,0.922,0.801,austen
847,0,621,483,0,0,1,1,0,4.0,629,130,629,25,0,8,84,27,3,11,79,4.0,125.0,2.316,69.549,1.354,0.608,0.962,0.898,chesterton
848,0,249,189,0,0,0,0,0,2.0,267,60,267,7,0,18,45,23,1,6,36,3.567,52.6,2.012,89.019,1.304,0.6,0.917,0.875,shakespeare
849,0,335,248,0,0,0,0,0,1.0,349,83,349,19,0,14,62,24,0,13,44,3.41,69.0,2.225,49.482,1.456,0.53,0.94,0.856,austen
850,0,534,406,0,0,2,0,0,0.5,543,117,543,23,0,9,86,24,0,13,55,3.786,107.8,2.075,59.588,1.427,0.47,0.957,0.841,austen
851,0,197,144,0,0,0,0,0,1.0,203,55,203,7,0,6,51,21,0,7,21,2.855,39.8,1.433,20.849,1.719,0.382,0.909,0.76,chesterton
852,0,580,438,0,0,1,0,1,0.3333333333333333,593,128,593,30,0,13,91,24,0,15,62,3.789,117.8,2.426,45.483,1.488,0.484,0.961,0.851,austen
853,0,692,536,0,0,1,0,1,4.0,702,155,702,24,0,10,114,24,1,7,78,3.69,139.6,2.392,142.003,1.55,0.503,0.968,0.864,austen
854,0,707,563,0,0,0,0,0,0.25,718,145,718,17,0,11,94,23,0,1,74,4.076,142.8,2.469,78.605,1.559,0.51,0.966,0.865,austen
855,0,235,162,0,0,4,1,0,2.0,244,64,244,19,0,9,50,23,0,13,30,3.125,48.0,1.821,11.811,1.488,0.469,0.922,0.818,chesterton
856,0,57,40,0,0,0,1,0,1.0,63,17,63,5,0,6,13,15,0,1,13,3.0,11.8,1.936,4.658,1.214,0.765,0.706,0.905,shakespeare
857,0,1080,859,0,0,0,0,0,3.0,1100,217,1100,33,0,20,135,25,1,8,104,4.203,219.2,2.592,166.483,1.619,0.479,0.977,0.863,chesterton
858,0,113,82,0,0,0,1,0,1.0,122,30,122,6,0,9,25,19,0,2,25,3.233,23.6,2.063,21.431,1.111,0.833,0.833,0.946,shakespeare
859,0,544,427,0,0,1,0,0,4.0,552,114,552,16,0,8,79,25,1,7,64,3.982,109.6,2.593,63.418,1.31,0.561,0.956,0.878,chesterton
860,0,315,240,0,0,1,1,0,3.0,326,72,326,11,0,11,53,23,0,9,38,3.667,64.4,2.472,56.651,1.358,0.528,0.931,0.851,austen
861,0,1353,1054,1,0,2,0,0,0.75,1377,286,1377,48,0,24,199,26,3,18,98,3.951,274.6,2.449,287.068,1.919,0.343,0.983,0.811,austen
862,0,468,371,0,0,0,0,0,4.0,475,98,475,10,0,7,60,24,0,1,49,3.959,94.2,2.247,18.102,1.441,0.5,0.949,0.849,chesterton
863,0,783,629,0,0,0,1,0,3.0,792,154,792,8,0,9,101,24,0,1,83,4.201,157.6,2.521,104.801,1.426,0.539,0.968,0.877,chesterton
864,0,485,372,0,0,3,1,0,1.5,496,105,496,25,0,11,71,25,2,10,59,3.952,98.4,2.614,59.698,1.4,0.562,0.952,0.876,austen
865,0,243,184,0,0,2,0,3,1.0,250,50,250,15,0,7,32,24,1,9,31,4.22,49.2,2.735,51.92,1.25,0.62,0.9,0.878,chesterton
866,0,500,397,0,0,0,0,1,1.0,513,101,513,18,0,13,61,25,0,0,43,4.238,101.8,2.702,50.212,1.603,0.426,0.95,0.815,austen
867,0,616,482,0,0,0,0,0,4.0,625,132,625,20,0,9,93,24,4,12,68,3.879,124.2,2.295,72.327,1.467,0.515,0.962,0.864,chesterton
868,0,546,414,0,0,1,1,1,1.0,557,119,557,24,0,11,86,26,0,14,65,3.798,110.6,2.313,66.203,1.417,0.546,0.958,0.873,austen
869,0,74,51,0,0,0,2,0,0.5,80,22,80,6,0,6,20,22,0,1,15,2.864,15.2,1.49,14.856,1.222,0.682,0.773,0.876,shakespeare
870,0,127,87,1,0,0,1,0,1.0,141,38,141,9,0,14,29,19,0,4,14,2.895,27.4,1.871,34.782,1.462,0.368,0.868,0.725,shakespeare
871,0,614,480,0,2,0,0,0,5.0,626,129,626,18,0,12,88,24,1,7,74,3.953,124.4,2.631,79.305,1.387,0.574,0.961,0.886,chesterton
872,0,615,486,0,0,1,1,0,0.25,629,127,629,16,0,14,83,24,2,8,67,4.079,125.0,2.412,102.328,1.46,0.528,0.961,0.868,austen
873,0,327,247,1,0,0,0,0,2.0,341,77,341,11,0,14,56,23,0,7,50,3.545,67.4,2.106,63.433,1.262,0.649,0.935,0.901,chesterton
874,0,239,175,0,0,3,1,2,1.0,244,58,244,13,0,5,43,23,0,8,29,3.431,48.0,2.576,47.196,1.381,0.5,0.914,0.829,austen
875,0,478,372,1,0,2,0,1,0.6666666666666666,490,99,490,21,0,12,68,24,1,9,55,4.131,97.2,2.82,98.543,1.394,0.556,0.949,0.872,austen
876,0,646,514,0,0,0,0,0,10.0,659,131,659,16,0,13,82,23,1,6,64,4.153,131.0,2.849,49.209,1.541,0.489,0.962,0.853,chesterton
877,0,238,174,0,0,1,0,1,2.0,246,63,246,13,0,8,49,23,0,7,33,3.143,48.4,2.191,33.186,1.432,0.524,0.921,0.844,austen
878,0,311,230,0,0,2,0,0,5.0,318,74,318,21,0,7,56,22,3,10,50,3.554,62.8,2.101,45.713,1.254,0.676,0.932,0.909,chesterton
879,0,496,374,0,0,1,0,1,2.0,501,120,501,22,0,5,93,25,3,6,43,3.367,99.4,2.09,84.222,1.739,0.358,0.958,0.786,chesterton
880,0,267,200,0,0,0,0,1,1.0,276,65,276,10,0,9,49,23,0,6,31,3.369,54.4,2.058,32.761,1.477,0.477,0.923,0.823,chesterton
881,0,318,237,0,0,2,1,0,2.0,326,75,326,17,0,8,55,23,3,13,42,3.573,64.4,2.182,9.29,1.339,0.56,0.933,0.866,chesterton
882,0,433,338,0,0,0,0,0,1.0,441,94,441,10,0,8,66,25,0,1,39,3.787,87.4,2.238,79.308,1.469,0.415,0.947,0.806,chesterton
883,0,1033,809,0,1,1,0,0,1.0,1062,217,1062,35,0,29,141,24,0,5,100,4.032,211.6,2.534,44.366,1.695,0.461,0.977,0.856,chesterton
884,0,366,284,0,0,0,0,1,5.0,373,82,373,9,0,7,56,24,0,4,47,3.671,73.8,2.336,35.982,1.367,0.573,0.939,0.874,chesterton
885,0,58,42,0,0,0,1,0,1.0,65,16,65,4,0,7,12,18,0,0,11,3.312,12.2,1.991,10.085,1.231,0.688,0.688,0.865,shakespeare
886,2,1301,1008,0,0,0,3,2,2.5,1324,284,1324,39,0,23,203,25,4,12,106,3.768,264.0,2.212,206.22,1.906,0.373,0.982,0.826,austen
887,0,443,322,0,0,3,2,0,4.0,451,109,451,25,0,8,85,24,2,13,53,3.33,89.4,2.028,62.556,1.416,0.486,0.954,0.846,chesterton
888,0,798,627,0,0,0,0,0,1.0,808,166,808,20,0,10,116,26,0,3,78,3.958,160.8,2.42,66.458,1.551,0.47,0.97,0.852,chesterton
889,0,168,119,0,0,2,1,0,2.0,173,42,173,13,0,5,32,23,1,7,31,3.381,33.8,2.498,20.067,1.105,0.738,0.881,0.919,chesterton
890,0,502,378,0,0,4,0,0,4.0,513,111,513,27,0,11,79,23,0,14,42,3.829,101.8,2.632,55.378,1.708,0.378,0.955,0.794,chesterton
891,0,402,305,0,0,1,2,1,1.0,409,91,409,17,0,7,70,23,1,9,53,3.648,81.0,2.584,79.809,1.3,0.582,0.945,0.88,austen
892,0,459,366,0,1,0,0,0,1.0,467,88,467,17,0,8,53,24,0,6,55,4.443,92.6,2.924,24.141,1.294,0.625,0.943,0.895,austen
893,0,173,132,0,0,2,2,0,1.0,180,36,180,10,0,7,23,24,0,4,21,4.25,35.2,3.129,16.407,1.241,0.583,0.861,0.85,chesterton
894,0,232,172,0,1,1,2,0,0.3333333333333333,239,55,239,11,0,7,41,23,0,6,30,3.491,47.0,2.243,52.768,1.279,0.545,0.909,0.849,austen
895,0,189,131,0,0,4,2,0,1.0,198,50,198,18,0,9,38,21,1,10,20,3.32,38.8,2.104,27.59,1.515,0.4,0.9,0.766,chesterton
896,0,705,547,0,0,0,0,0,10.0,716,159,716,22,0,11,119,24,0,6,56,3.654,142.4,2.333,63.26,1.807,0.352,0.969,0.794,austen
897,0,244,174,0,0,1,0,1,3.0,250,66,250,16,0,6,55,23,0,10,36,3.015,49.2,1.901,40.146,1.375,0.545,0.924,0.855,austen
898,0,172,115,0,0,3,2,0,1.0,178,52,178,17,0,6,46,22,0,12,22,2.808,34.8,1.621,17.598,1.529,0.423,0.904,0.782,austen
899,0,469,359,0,0,0,0,0,2.0,494,107,494,16,0,25,75,23,0,11,47,3.738,98.0,2.178,113.091,1.507,0.439,0.953,0.824,shakespeare
900,0,530,402,0,0,3,0,0,2.0,539,118,539,24,0,9,83,24,1,10,54,3.737,107.0,2.289,51.366,1.553,0.458,0.958,0.836,chesterton
901,0,363,273,0,0,0,0,2,1.0,370,81,370,21,0,7,59,23,0,13,45,3.728,73.2,2.743,72.379,1.35,0.556,0.938,0.866,austen
902,0,175,130,0,0,0,0,0,1.0,185,45,185,9,0,10,35,21,0,1,26,3.311,36.2,2.109,40.233,1.25,0.578,0.889,0.856,shakespeare
903,0,259,187,0,0,0,1,0,0.3333333333333333,274,68,274,15,0,15,53,23,0,6,41,3.191,54.0,1.623,57.896,1.236,0.603,0.926,0.88,shakespeare
904,0,118,91,0,0,0,0,0,1.0,125,28,125,8,0,7,18,23,0,2,20,3.786,24.2,2.859,20.717,1.273,0.714,0.821,0.899,shakespeare
905,0,465,353,0,0,1,0,2,1.0,479,103,479,24,0,14,72,24,0,13,52,3.825,95.0,2.713,100.64,1.493,0.505,0.951,0.853,austen
906,0,95,70,0,0,0,0,0,1.0,103,24,103,5,0,8,18,20,1,2,18,3.458,19.8,2.167,19.202,1.143,0.75,0.792,0.909,shakespeare
907,0,294,221,0,0,3,0,0,2.0,303,68,303,17,0,9,47,23,0,9,46,3.721,59.8,2.265,44.008,1.236,0.676,0.926,0.907,austen
908,0,518,413,0,0,0,0,1,2.0,526,103,526,12,0,8,63,23,0,4,63,4.214,104.4,2.515,84.731,1.338,0.612,0.951,0.894,austen
909,0,1258,1011,0,0,0,0,0,0.2,1270,248,1270,35,0,12,147,25,3,12,118,4.266,253.2,2.59,111.889,1.61,0.476,0.98,0.865,austen
910,0,127,95,0,0,0,0,1,2.0,133,31,133,7,0,6,23,21,0,2,19,3.484,25.8,2.127,19.005,1.24,0.613,0.839,0.857,austen
911,0,237,176,0,0,0,3,0,1.0,259,59,259,8,0,22,42,22,0,6,32,3.492,51.0,1.832,34.627,1.372,0.542,0.915,0.85,shakespeare
912,0,389,279,0,0,4,0,0,1.0,405,94,405,33,0,16,67,25,1,23,52,3.596,80.2,2.362,37.366,1.403,0.553,0.947,0.87,austen
913,2,521,412,0,0,0,0,0,2.0,533,106,533,12,0,12,65,25,0,4,52,4.113,105.8,2.376,129.874,1.493,0.491,0.953,0.847,chesterton
914,0,694,536,0,0,0,1,0,2.0,729,151,729,27,0,35,98,24,1,13,78,3.96,145.0,2.584,162.745,1.385,0.517,0.967,0.868,shakespeare
915,0,730,576,0,0,0,0,0,0.5,745,151,745,23,0,15,101,25,1,7,70,4.066,148.2,2.558,128.698,1.624,0.464,0.967,0.847,austen
916,0,440,324,0,0,4,0,0,3.0,451,105,451,27,0,11,70,24,3,17,46,3.533,89.4,2.085,23.776,1.567,0.438,0.952,0.823,chesterton
917,0,283,204,0,0,3,0,0,3.0,291,70,291,21,0,8,52,23,2,17,39,3.443,57.4,2.25,32.168,1.4,0.557,0.929,0.862,chesterton
918,0,520,392,0,0,0,0,0,1.0,546,126,546,21,0,26,92,23,1,5,62,3.484,108.4,2.054,72.621,1.482,0.492,0.96,0.853,shakespeare
919,0,449,332,0,0,4,1,0,1.0,462,111,462,28,0,13,85,24,4,20,55,3.441,91.6,2.369,64.049,1.521,0.495,0.955,0.851,chesterton
920,0,283,216,0,0,0,1,0,1.0,290,63,290,11,0,7,45,22,0,3,34,3.714,57.2,2.051,28.857,1.432,0.54,0.921,0.851,chesterton
921,0,161,122,0,0,0,1,0,1.0,170,39,170,7,0,9,29,22,0,2,25,3.538,33.2,2.437,37.752,1.258,0.641,0.872,0.879,shakespeare
922,0,359,272,0,0,2,0,0,3.0,367,84,367,17,0,8,66,23,0,6,30,3.583,72.6,2.229,47.642,1.585,0.357,0.94,0.768,chesterton
923,0,624,488,0,0,0,0,0,1.0,655,135,655,19,0,31,94,23,0,4,58,3.985,130.2,2.35,140.928,1.552,0.43,0.963,0.828,shakespeare
924,0,138,97,0,0,2,2,0,1.5,146,35,146,12,0,8,25,23,0,8,23,3.514,28.4,2.344,29.1,1.25,0.657,0.857,0.882,chesterton
925,0,716,557,0,0,2,0,1,1.0,731,155,731,28,0,15,104,24,3,14,80,3.91,145.4,2.479,133.362,1.435,0.516,0.968,0.869,chesterton
926,0,548,427,0,0,1,0,0,3.0,556,116,556,15,0,8,81,25,0,6,57,3.905,110.4,2.366,53.313,1.487,0.491,0.957,0.851,chesterton
927,0,227,173,0,0,1,0,3,0.3333333333333333,233,49,233,15,0,6,31,24,0,7,34,4.041,45.8,2.731,37.97,1.195,0.694,0.898,0.906,austen
928,0,91,68,0,0,0,1,0,1.0,100,23,100,4,0,9,17,18,0,0,16,3.522,19.2,2.15,15.691,1.211,0.696,0.783,0.884,shakespeare
929,0,318,237,0,0,4,1,0,1.0,326,75,326,19,0,8,54,24,1,11,44,3.627,64.4,2.247,41.843,1.339,0.587,0.933,0.876,chesterton
930,0,777,626,0,0,0,0,0,2.0,782,152,782,14,0,5,99,24,0,5,52,4.243,155.6,2.479,66.467,1.831,0.342,0.967,0.786,chesterton
931,0,685,522,0,0,5,1,0,5.0,699,152,699,30,0,14,106,23,2,18,76,3.789,139.0,2.44,40.41,1.49,0.5,0.967,0.862,chesterton
932,0,268,195,0,0,1,0,4,1.0,275,65,275,16,0,7,51,25,0,10,40,3.4,54.2,2.442,44.178,1.3,0.615,0.923,0.884,austen
933,0,61,43,0,0,0,0,0,1.0,67,18,67,6,0,6,14,22,0,1,14,3.056,12.6,2.1,9.503,1.2,0.778,0.722,0.913,shakespeare
934,0,1177,934,0,0,0,0,0,1.3333333333333333,1194,242,1194,32,0,17,163,26,2,5,108,4.062,238.0,2.534,113.923,1.624,0.446,0.979,0.853,austen
935,0,79,61,0,0,0,1,0,1.0,87,18,87,4,0,8,10,20,0,0,15,4.056,16.6,2.287,13.795,1.125,0.833,0.722,0.937,shakespeare
936,0,697,497,0,1,4,2,1,2.0,719,171,719,61,0,22,135,25,1,30,63,3.444,143.0,2.572,106.348,1.71,0.368,0.971,0.806,austen
937,0,604,470,0,0,0,0,0,5.0,616,130,616,19,0,12,87,24,0,7,62,3.854,122.4,2.615,109.457,1.529,0.477,0.962,0.848,austen
938,0,970,788,0,0,0,0,0,4.0,986,182,986,20,1,16,103,26,0,4,98,4.533,196.4,2.814,188.853,1.48,0.538,0.973,0.881,austen
939,0,75,54,0,0,0,1,0,1.0,82,21,82,5,0,7,18,20,0,0,16,3.143,15.6,1.905,16.441,1.167,0.762,0.762,0.911,shakespeare
940,0,562,428,0,0,2,3,0,4.0,568,126,568,21,0,6,90,25,1,7,58,3.643,112.8,2.038,102.948,1.537,0.46,0.96,0.84,chesterton
941,0,567,443,0,0,1,0,0,0.5,579,122,579,20,0,12,87,23,0,4,53,3.91,115.0,2.405,66.821,1.584,0.434,0.959,0.826,austen
942,0,265,202,0,0,0,2,0,1.0,285,61,285,11,0,20,38,22,0,3,32,3.82,56.2,2.405,98.07,1.298,0.525,0.918,0.843,shakespeare
943,0,992,778,0,0,0,0,0,0.4,1003,210,1003,38,0,11,145,24,1,4,83,3.938,199.8,2.643,103.849,1.858,0.395,0.976,0.826,austen
944,0,1364,1075,0,0,2,0,0,0.25,1391,283,1391,39,0,27,200,25,0,13,112,4.046,277.4,2.521,258.791,1.826,0.396,0.982,0.836,austen
945,0,92,66,0,0,0,1,1,3.0,98,25,98,5,0,6,20,19,0,3,14,3.08,18.8,1.631,15.786,1.25,0.56,0.8,0.82,shakespeare
946,0,849,666,0,0,0,0,1,0.14285714285714285,860,179,860,27,0,11,121,26,0,5,81,3.933,171.2,2.29,82.366,1.598,0.453,0.972,0.847,austen
947,0,429,342,0,0,0,0,0,1.5,435,87,435,14,0,6,54,25,0,0,56,4.161,86.2,2.676,58.38,1.279,0.644,0.943,0.901,austen
948,3,680,545,0,0,0,0,0,2.0,712,135,712,18,0,32,80,27,2,7,79,4.407,141.6,2.827,147.671,1.421,0.585,0.963,0.891,chesterton
949,0,607,456,0,0,1,0,0,2.0,623,142,623,27,2,16,108,25,2,13,67,3.549,123.8,2.037,64.465,1.543,0.472,0.965,0.848,austen
950,0,582,443,0,0,0,0,2,4.0,593,130,593,25,0,11,92,25,1,11,69,3.7,117.8,2.417,131.709,1.413,0.531,0.962,0.87,austen
951,0,570,449,0,0,1,0,0,3.0,577,120,577,12,0,7,84,23,1,5,72,3.917,114.6,2.069,24.825,1.348,0.6,0.958,0.893,chesterton
952,0,45,29,0,0,0,2,0,1.0,52,15,52,5,0,7,13,17,0,2,11,2.733,9.6,1.907,8.706,1.154,0.733,0.667,0.885,shakespeare
953,0,458,355,0,0,1,1,0,4.0,465,98,465,16,0,7,68,24,3,10,57,3.888,92.2,2.341,53.406,1.342,0.582,0.949,0.882,chesterton
954,0,371,277,0,0,3,0,0,1.0,380,88,380,20,0,9,65,22,0,12,50,3.545,75.2,2.011,29.836,1.354,0.568,0.943,0.874,austen
955,0,409,329,0,0,0,0,0,0.25,415,80,415,12,0,6,46,24,0,0,46,4.338,82.2,2.737,72.133,1.356,0.575,0.938,0.874,austen
956,0,524,406,1,0,1,0,0,0.5,532,112,532,18,0,8,79,24,1,5,60,3.884,105.6,2.297,133.526,1.4,0.536,0.955,0.868,austen
957,0,73,52,0,0,0,0,0,1.0,79,21,79,6,0,6,18,18,0,1,13,3.048,15.0,1.936,14.9,1.235,0.619,0.762,0.842,shakespeare
958,0,502,393,0,0,0,0,0,2.0,507,106,507,9,0,5,74,25,0,2,59,3.84,100.6,2.174,49.105,1.452,0.557,0.953,0.874,chesterton
959,0,453,356,0,0,0,0,0,0.2,462,94,462,17,0,9,66,26,1,4,56,4.074,91.6,2.963,67.356,1.382,0.596,0.947,0.886,austen
960,0,551,427,0,0,1,0,0,1.25,558,121,558,20,0,7,94,23,0,5,65,3.769,110.8,2.529,47.22,1.44,0.537,0.959,0.87,austen
961,0,313,235,0,0,2,1,0,1.0,322,72,322,17,0,9,50,26,0,8,40,3.708,63.6,2.204,34.217,1.385,0.556,0.931,0.863,chesterton
962,0,410,317,0,0,0,1,0,0.3333333333333333,432,90,432,20,0,22,60,23,0,5,51,3.989,85.6,2.573,84.722,1.364,0.567,0.944,0.874,shakespeare
963,0,890,716,1,0,0,0,0,3.0,900,172,900,14,0,10,114,26,0,4,83,4.302,179.2,2.612,163.238,1.536,0.483,0.971,0.858,chesterton
964,0,156,112,0,0,2,0,1,1.0,161,42,161,12,0,5,34,22,0,5,27,3.167,31.4,2.23,10.714,1.235,0.643,0.881,0.882,austen
965,0,211,152,0,0,1,2,0,3.0,218,55,218,15,0,7,45,22,2,10,32,3.236,42.8,2.045,47.851,1.279,0.582,0.909,0.865,chesterton
966,0,824,662,0,0,0,0,0,5.0,831,162,831,16,0,7,102,24,0,1,79,4.228,165.4,2.554,68.266,1.588,0.488,0.969,0.859,chesterton
967,0,46,30,0,0,0,1,1,1.0,52,15,52,6,0,6,13,16,0,2,10,2.8,9.6,2.396,7.956,1.25,0.667,0.667,0.85,shakespeare
968,0,346,260,0,0,2,1,2,0.5,362,80,362,16,0,16,60,23,1,10,46,3.7,71.6,2.324,56.128,1.311,0.575,0.938,0.874,austen
969,0,416,326,0,0,0,0,0,2.0,435,89,435,10,0,19,59,24,0,4,49,3.989,86.2,2.264,87.984,1.309,0.551,0.944,0.867,shakespeare
970,0,90,65,0,0,0,1,0,1.0,97,25,97,5,0,7,21,22,0,3,21,3.08,18.6,1.778,15.143,1.087,0.84,0.8,0.946,shakespeare
971,0,657,507,0,0,1,0,0,2.0,671,144,671,28,0,14,102,25,5,13,71,3.84,133.4,2.519,37.766,1.5,0.493,0.965,0.858,chesterton
972,0,330,245,0,0,1,3,0,0.6666666666666666,345,77,345,19,0,15,58,24,0,7,40,3.649,68.2,2.437,46.056,1.375,0.519,0.935,0.849,austen
973,0,241,178,0,0,1,0,0,0.5,247,60,247,13,0,6,47,23,0,11,28,3.35,48.6,2.261,25.413,1.429,0.467,0.917,0.814,austen
974,0,134,100,0,0,0,0,0,1.0,144,33,144,6,0,10,24,21,0,3,22,3.515,28.0,2.017,22.034,1.222,0.667,0.848,0.884,shakespeare
975,0,413,319,0,0,1,0,1,0.3333333333333333,419,91,419,18,0,6,66,23,2,7,35,3.813,83.0,2.314,59.59,1.542,0.385,0.945,0.788,chesterton
976,0,330,240,0,0,4,2,0,3.0,339,84,339,22,0,9,63,24,1,13,33,3.321,67.0,2.489,37.729,1.585,0.393,0.94,0.789,chesterton
977,0,174,129,0,0,1,0,0,0.6666666666666666,180,40,180,14,0,6,26,22,0,6,25,3.825,35.2,2.659,8.289,1.29,0.625,0.875,0.873,austen
978,0,625,474,0,0,2,1,0,0.16666666666666666,635,145,635,26,0,10,110,24,0,11,65,3.545,126.2,2.179,65.861,1.611,0.448,0.966,0.839,austen
979,0,189,136,0,0,0,1,0,2.0,204,52,204,9,0,15,40,21,0,4,30,3.077,40.0,1.736,38.955,1.268,0.577,0.904,0.861,shakespeare
980,0,536,407,0,0,3,0,1,4.0,545,122,545,23,0,9,87,24,0,11,46,3.656,108.2,2.233,69.298,1.605,0.377,0.959,0.797,austen
981,0,248,183,0,0,0,1,0,3.0,257,63,257,12,0,9,47,22,1,4,40,3.238,50.6,1.663,34.717,1.286,0.635,0.921,0.89,shakespeare
982,0,807,630,0,0,0,0,0,1.0,823,171,823,22,0,16,120,25,0,18,77,3.912,163.8,2.432,178.885,1.527,0.45,0.971,0.845,austen
983,0,173,132,0,0,0,0,1,1.0,180,41,180,6,0,7,31,20,0,4,21,3.561,35.2,2.47,2.28,1.367,0.512,0.878,0.82,austen
984,0,698,542,0,0,1,1,0,3.0,713,148,713,28,0,15,104,24,2,11,72,3.973,141.8,2.655,61.382,1.48,0.486,0.966,0.856,chesterton
985,0,221,162,0,0,0,1,0,2.0,235,57,235,15,0,14,38,22,0,6,30,3.351,46.2,2.074,61.536,1.39,0.526,0.912,0.841,shakespeare
986,0,563,438,1,0,1,0,0,6.0,574,121,574,17,0,11,82,24,1,8,66,3.876,114.0,2.26,65.276,1.407,0.545,0.959,0.874,chesterton
987,0,96,68,0,0,0,1,0,1.0,101,28,101,8,0,5,25,18,5,2,21,2.893,19.4,1.397,21.09,1.167,0.75,0.821,0.914,shakespeare
988,0,578,455,0,0,1,1,0,2.0,587,119,587,16,0,9,82,24,0,3,72,4.05,116.6,2.386,56.783,1.368,0.605,0.958,0.895,chesterton
989,0,269,204,0,0,1,1,0,1.0,274,60,274,14,0,5,43,24,0,7,19,3.783,54.0,2.387,63.891,1.667,0.317,0.917,0.719,chesterton
990,0,487,374,0,0,2,0,0,2.0,497,106,497,21,0,10,76,24,0,10,59,3.858,98.6,2.396,61.574,1.359,0.557,0.953,0.874,austen
991,0,1190,926,0,0,3,0,0,0.75,1206,250,1206,43,0,16,175,26,1,18,116,3.968,240.4,2.378,254.64,1.623,0.464,0.98,0.861,austen
992,0,351,262,0,0,0,0,1,1.0,359,82,359,17,0,8,62,23,1,7,50,3.512,71.0,2.133,47.917,1.302,0.61,0.939,0.888,austen
993,0,885,699,0,0,1,0,0,2.0,917,183,917,26,0,32,113,24,1,4,90,4.148,182.6,2.678,148.123,1.634,0.492,0.973,0.864,chesterton
994,0,255,194,0,0,0,1,0,1.0,268,58,268,10,0,13,41,24,0,6,41,3.741,52.8,2.244,67.362,1.16,0.707,0.914,0.915,shakespeare
995,0,663,517,0,0,0,0,0,2.0,674,142,674,21,0,11,101,25,1,6,66,3.866,134.0,2.49,126.704,1.56,0.465,0.965,0.845,austen
996,0,98,71,0,0,0,1,0,1.0,103,27,103,7,0,5,21,20,0,0,16,3.074,19.8,1.859,25.47,1.35,0.593,0.815,0.841,shakespeare
997,0,348,273,0,0,0,0,0,1.0,354,76,354,9,0,6,54,25,0,5,36,3.789,70.0,2.66,19.609,1.49,0.474,0.934,0.827,austen
998,0,1167,927,0,0,0,0,0,4.0,1190,237,1190,25,0,23,160,26,0,4,96,4.118,237.2,2.547,117.159,1.756,0.405,0.979,0.835,austen
999,0,730,568,0,1,0,0,0,0.6666666666666666,749,158,749,24,2,19,110,26,4,15,74,3.886,149.0,2.436,124.376,1.505,0.468,0.968,0.85,austen
1000,0,160,116,0,0,0,0,0,2.0,173,41,173,11,0,13,30,23,1,2,26,3.415,33.8,2.48,43.205,1.281,0.634,0.878,0.877,shakespeare
1001,0,346,261,0,0,4,0,0,0.5,354,81,354,20,0,8,64,25,0,14,40,3.667,70.0,2.603,21.237,1.528,0.494,0.938,0.839,austen
1002,0,500,381,0,0,4,0,0,1.0,513,112,513,25,0,13,79,24,1,17,56,3.812,101.8,2.801,66.654,1.436,0.5,0.955,0.853,austen
1003,0,183,132,0,0,2,2,1,1.0,193,45,193,12,0,10,33,20,1,8,31,3.511,37.8,2.128,18.647,1.154,0.689,0.889,0.902,austen
1004,0,476,382,0,0,0,2,0,1.0,486,93,486,10,0,10,53,26,0,0,49,4.323,96.4,2.346,83.083,1.409,0.527,0.946,0.859,chesterton
1005,0,873,637,0,0,3,1,2,3.0,893,213,893,50,0,20,171,24,0,29,71,3.357,177.8,2.184,272.134,1.836,0.333,0.977,0.795,austen
1006,0,468,352,0,0,1,1,3,1.0,475,103,475,26,0,7,82,25,0,8,54,3.757,94.2,2.455,46.408,1.451,0.524,0.951,0.861,austen
1007,0,422,337,0,1,0,0,0,4.0,428,84,428,12,0,6,55,25,0,1,45,4.238,84.8,2.856,51.227,1.4,0.536,0.94,0.859,chesterton
1008,0,1086,858,0,0,0,0,0,0.25,1099,215,1099,29,0,13,145,23,2,10,85,4.186,219.0,2.529,130.851,1.762,0.395,0.977,0.827,austen
1009,0,593,479,0,1,0,0,0,2.0,602,112,602,11,0,9,70,26,1,2,62,4.455,119.6,2.809,58.183,1.418,0.554,0.955,0.875,chesterton
1010,0,666,518,0,0,0,0,0,3.0,682,149,682,19,0,16,102,23,1,14,65,3.711,135.6,2.154,68.002,1.552,0.436,0.966,0.834,austen
1011,0,57,40,0,0,0,1,0,1.0,64,16,64,5,0,7,11,17,0,1,12,3.25,12.0,1.915,7.874,1.067,0.75,0.688,0.896,shakespeare
1012,0,325,245,0,0,1,0,1,4.0,331,75,331,12,0,6,58,23,0,6,46,3.547,65.4,1.926,46.865,1.271,0.613,0.933,0.887,chesterton
1013,0,267,198,0,0,0,1,0,1.0,281,67,281,12,0,14,50,23,1,3,35,3.343,55.4,1.702,68.362,1.34,0.522,0.925,0.846,shakespeare
1014,0,561,432,0,0,2,0,0,1.0,573,126,573,20,0,12,90,23,0,8,55,3.714,113.8,2.287,134.867,1.556,0.437,0.96,0.829,austen
1015,0,329,240,0,0,3,1,0,1.0,339,81,339,21,0,10,66,23,0,14,35,3.432,67.0,2.191,49.573,1.5,0.432,0.938,0.809,chesterton
1016,0,63,48,0,0,0,1,0,1.0,69,15,69,3,0,6,10,18,0,1,13,3.8,13.0,2.305,8.718,1.071,0.867,0.667,0.947,shakespeare
1017,0,402,311,0,0,0,0,1,0.16666666666666666,409,86,409,15,0,7,61,24,0,4,51,3.884,81.0,2.272,51.711,1.365,0.593,0.942,0.883,austen
1018,0,1210,914,0,4,0,0,3,0.08333333333333333,1238,274,1238,55,0,28,203,27,3,20,80,3.642,246.8,2.09,247.564,2.03,0.292,0.982,0.781,austen
1019,0,240,180,0,0,0,1,0,1.0,257,58,257,14,0,17,38,24,0,3,38,3.638,50.6,2.276,84.073,1.261,0.655,0.914,0.896,shakespeare
1020,0,989,767,0,0,1,7,0,1.0,1002,200,1002,48,0,13,129,26,0,14,75,4.15,199.6,2.87,203.226,1.709,0.375,0.975,0.815,austen
1021,0,173,128,0,0,0,0,0,1.0,185,46,185,7,0,12,36,20,0,9,25,3.196,36.2,1.985,49.398,1.353,0.543,0.891,0.841,shakespeare
1022,0,348,261,0,0,0,2,0,1.0,363,86,363,16,0,15,65,23,0,9,42,3.395,71.8,1.954,48.956,1.483,0.488,0.942,0.839,shakespeare
1023,0,1027,809,0,0,0,0,0,0.125,1047,218,1047,26,0,20,151,25,1,4,82,3.922,208.6,2.172,216.601,1.896,0.376,0.977,0.818,austen
1024,0,213,162,0,0,0,0,1,0.5,221,49,221,10,0,8,37,21,0,6,29,3.673,43.4,2.672,28.85,1.289,0.592,0.898,0.865,austen
1025,0,829,662,0,0,0,0,0,4.0,837,167,837,18,0,8,99,26,0,3,93,4.12,166.6,2.323,69.212,1.452,0.557,0.97,0.886,chesterton
1026,0,638,513,0,0,0,0,0,0.3333333333333333,647,126,647,13,0,9,78,23,0,2,61,4.246,128.6,2.631,73.361,1.556,0.484,0.96,0.85,chesterton
1027,0,805,621,0,1,1,0,0,1.25,816,180,816,29,0,11,130,23,3,9,90,3.689,162.4,2.083,63.2,1.513,0.5,0.972,0.867,chesterton
1028,0,487,366,1,0,3,0,0,3.0,495,111,495,24,0,8,80,23,2,11,62,3.649,98.2,2.437,42.293,1.405,0.559,0.955,0.876,chesterton
1029,0,133,94,0,0,1,0,3,1.0,139,34,139,11,0,6,27,21,0,5,19,3.382,27.0,2.174,19.837,1.308,0.559,0.853,0.835,chesterton
1030,0,260,192,0,0,3,2,0,2.0,268,59,268,15,0,8,43,23,0,9,37,3.746,52.8,2.194,33.079,1.283,0.627,0.915,0.886,chesterton
1031,0,111,85,0,0,0,1,0,1.0,118,25,118,6,0,7,21,21,1,1,20,3.92,22.8,3.081,20.753,1.136,0.8,0.8,0.931,shakespeare
1032,0,609,475,0,0,1,0,1,2.0,622,127,622,21,0,13,83,23,0,6,71,4.024,123.6,2.509,58.773,1.427,0.559,0.961,0.88,chesterton
1033,0,622,494,0,0,0,0,0,3.0,639,126,639,18,0,17,76,23,1,2,60,4.198,127.0,2.463,69.253,1.518,0.476,0.96,0.847,chesterton
1034,0,486,385,0,0,0,0,0,2.0,494,98,494,18,0,8,64,25,0,3,50,4.194,98.0,2.567,66.344,1.4,0.51,0.949,0.853,austen
1035,0,372,273,0,0,2,0,2,1.0,382,93,382,21,0,10,76,23,0,11,38,3.323,75.6,2.533,52.691,1.576,0.409,0.946,0.803,austen
1036,0,519,399,0,0,4,1,0,2.0,528,112,528,26,0,9,73,23,0,12,54,3.946,104.8,2.677,27.761,1.556,0.482,0.955,0.845,chesterton
1037,0,266,206,0,0,1,1,0,3.0,274,58,274,12,0,8,38,23,3,7,40,3.948,54.0,2.431,36.159,1.208,0.69,0.914,0.908,chesterton
1038,0,552,425,0,0,2,0,1,2.0,560,119,560,21,0,8,88,25,0,7,58,3.857,111.2,2.199,45.069,1.469,0.487,0.958,0.85,chesterton
1039,0,809,640,0,0,0,0,0,0.75,817,166,817,18,0,8,117,24,0,4,71,4.012,162.6,2.612,67.954,1.612,0.428,0.97,0.834,austen
1040,0,213,165,0,0,0,1,0,1.0,225,48,225,6,0,12,35,22,0,1,31,3.812,44.2,2.331,46.078,1.263,0.646,0.896,0.887,shakespeare
1041,0,431,328,0,0,1,2,0,1.0,441,97,441,15,0,10,69,23,0,10,55,3.67,87.4,2.04,32.269,1.329,0.567,0.948,0.876,chesterton
1042,0,415,330,0,0,0,0,0,2.0,423,84,423,12,0,8,52,23,1,6,39,4.167,83.8,3.001,35.053,1.474,0.464,0.94,0.827,chesterton
1043,0,416,329,0,0,0,2,0,1.0,427,84,427,11,0,11,51,22,0,2,30,4.179,84.6,2.435,18.091,1.615,0.357,0.94,0.768,chesterton
1044,0,584,454,0,0,1,0,0,4.0,590,125,590,15,0,6,87,25,0,7,64,3.824,117.2,2.325,40.183,1.437,0.512,0.96,0.861,chesterton
1045,0,375,268,0,0,2,0,1,1.0,389,97,389,29,0,14,80,23,0,17,54,3.258,77.0,2.118,33.0,1.366,0.557,0.948,0.872,austen
1046,0,386,305,1,0,0,0,0,1.0,391,79,391,9,0,5,49,24,0,5,48,4.038,77.4,2.256,43.844,1.317,0.608,0.937,0.886,chesterton
1047,0,369,273,0,0,0,1,0,1.0,389,90,389,19,0,20,65,24,1,6,53,3.467,77.0,2.469,60.959,1.385,0.589,0.944,0.882,shakespeare
1048,0,360,262,0,0,4,0,1,2.0,373,88,373,25,0,13,65,23,1,20,56,3.523,73.8,2.176,49.363,1.313,0.636,0.943,0.899,austen
1049,0,329,258,0,0,0,1,0,2.0,338,68,338,12,0,9,44,23,0,3,41,4.118,66.8,2.391,51.775,1.308,0.603,0.926,0.88,chesterton
1050,0,511,401,0,0,1,0,0,6.0,520,109,520,17,0,9,74,24,1,5,59,3.936,103.2,2.374,83.29,1.397,0.541,0.954,0.869,austen
1051,4,569,453,0,0,0,0,0,3.0,594,117,594,10,0,25,73,24,1,5,59,4.171,118.0,2.472,70.171,1.427,0.504,0.957,0.856,chesterton
1052,0,454,353,0,0,0,0,1,1.0,469,101,469,12,0,15,74,23,1,7,47,3.772,93.0,2.391,69.696,1.485,0.465,0.95,0.834,austen
1053,0,985,783,0,0,0,0,0,0.4,996,201,996,30,0,11,129,25,3,5,90,4.1,198.4,2.506,167.127,1.675,0.448,0.975,0.848,austen
1054,0,90,67,0,0,0,0,0,1.0,98,24,98,5,0,8,18,21,0,2,20,3.333,18.8,2.014,18.539,1.143,0.833,0.792,0.943,shakespeare
1055,0,929,744,0,0,0,0,0,2.0,937,184,937,28,0,8,111,24,0,2,85,4.239,186.6,2.773,112.886,1.614,0.462,0.973,0.852,austen
1056,0,694,549,0,0,1,0,0,1.0,706,139,706,22,0,12,91,24,0,8,67,4.209,140.4,2.709,115.876,1.479,0.482,0.964,0.852,austen
1057,0,219,165,0,0,0,0,0,1.0,229,55,229,14,0,10,42,23,1,6,32,3.436,45.0,2.234,37.57,1.31,0.582,0.909,0.865,shakespeare
1058,0,881,672,0,0,4,1,1,0.5,892,198,892,32,0,11,146,26,0,14,82,3.657,177.6,2.456,75.666,1.692,0.414,0.975,0.833,austen
1059,0,55,42,0,0,0,0,0,1.0,61,14,61,4,0,6,8,16,0,0,10,3.714,11.4,2.091,6.427,1.273,0.714,0.643,0.873,shakespeare
1060,0,85,64,0,0,0,1,0,1.0,93,21,93,5,0,8,14,20,0,1,13,3.667,17.8,2.517,15.401,1.167,0.619,0.762,0.842,shakespeare
1061,0,598,460,0,1,2,0,0,1.3333333333333333,611,128,611,22,0,13,91,24,0,8,64,3.898,121.4,2.611,43.895,1.438,0.5,0.961,0.857,chesterton
1062,0,848,679,0,0,0,0,0,0.3333333333333333,858,164,858,20,0,10,99,24,0,6,73,4.323,170.8,2.63,137.336,1.624,0.445,0.97,0.841,austen
1063,0,204,158,0,0,0,0,0,1.0,211,46,211,8,0,7,31,23,0,0,23,3.761,41.4,1.968,42.069,1.314,0.5,0.891,0.819,shakespeare
1064,0,50,36,0,0,0,0,0,1.0,57,15,57,4,0,7,11,16,1,1,10,3.133,10.6,1.922,8.234,1.25,0.667,0.667,0.85,shakespeare
1065,0,409,317,0,0,0,1,0,2.0,426,87,426,17,0,17,61,23,0,4,50,4.034,84.4,2.764,99.1,1.261,0.575,0.943,0.876,shakespeare
1066,0,526,387,0,0,4,0,0,1.0,538,126,538,32,0,12,97,26,0,18,53,3.5,106.8,2.104,69.056,1.636,0.421,0.96,0.821,austen
1067,0,459,347,0,1,0,2,0,1.0,484,107,484,20,0,25,78,24,2,5,57,3.664,96.0,2.114,146.111,1.408,0.533,0.953,0.865,shakespeare
1068,0,424,327,0,0,2,0,1,4.0,434,90,434,19,0,10,61,24,0,11,57,4.022,86.0,2.756,62.622,1.324,0.633,0.944,0.898,chesterton
1069,0,129,92,0,0,2,0,2,1.0,134,32,134,11,0,5,23,22,0,5,21,3.531,26.0,2.016,19.812,1.185,0.656,0.844,0.878,chesterton
1070,0,266,199,0,0,1,1,1,1.0,278,64,278,13,0,12,46,24,1,10,32,3.562,54.8,2.481,30.211,1.422,0.5,0.922,0.833,chesterton
1071,0,459,365,0,0,0,1,0,0.2,468,93,468,14,0,9,58,25,1,1,52,4.172,92.8,2.8,34.274,1.431,0.559,0.946,0.872,austen
1072,0,735,562,0,0,2,0,0,7.0,744,167,744,22,0,9,120,24,0,7,72,3.581,148.0,2.109,69.732,1.653,0.431,0.97,0.836,austen
1073,0,328,248,0,0,2,1,0,1.0,338,77,338,16,0,10,59,22,2,12,36,3.623,66.8,2.097,54.655,1.426,0.468,0.935,0.825,chesterton
1074,0,158,118,0,0,0,0,0,1.0,173,40,173,8,0,15,28,22,0,6,30,3.525,33.8,2.16,48.298,1.176,0.75,0.875,0.922,shakespeare
1075,0,488,373,0,0,2,1,1,0.25,498,109,498,20,0,10,77,25,0,12,63,3.734,98.8,2.259,81.913,1.363,0.578,0.954,0.883,austen
1076,0,735,588,0,0,0,0,0,4.0,744,146,744,16,0,9,93,25,0,1,77,4.199,148.0,2.567,71.407,1.505,0.527,0.966,0.872,chesterton
1077,0,243,174,0,0,2,2,0,1.5,249,57,249,24,0,6,44,22,1,12,31,3.684,49.0,2.941,45.918,1.357,0.544,0.912,0.849,chesterton
1078,0,512,391,0,0,0,1,0,1.0,545,117,545,24,0,33,78,23,0,5,61,3.829,108.2,2.39,123.202,1.462,0.521,0.957,0.863,shakespeare
1079,0,427,324,0,0,0,0,0,2.0,449,102,449,18,0,22,76,25,1,5,61,3.569,89.0,2.155,130.317,1.291,0.598,0.951,0.889,shakespeare
1080,0,409,323,0,0,0,0,0,0.16666666666666666,414,85,414,15,0,5,59,24,0,1,52,4.035,82.0,2.485,45.984,1.328,0.612,0.941,0.889,austen
1081,0,319,230,0,0,1,3,0,1.0,329,78,329,22,0,10,60,23,2,12,40,3.397,65.0,1.819,47.545,1.393,0.513,0.936,0.847,chesterton
1082,0,358,256,0,0,1,1,3,5.0,368,86,368,31,0,10,68,23,0,13,42,3.488,72.8,2.665,45.735,1.458,0.488,0.942,0.839,austen
1083,0,299,222,0,0,0,1,0,1.0,314,75,314,12,0,15,59,23,1,7,43,3.32,62.0,1.839,111.068,1.316,0.573,0.933,0.871,shakespeare
1084,0,205,161,0,0,0,1,0,0.5,213,43,213,7,0,8,28,22,0,1,36,4.093,41.8,2.68,35.344,1.103,0.837,0.884,0.953,shakespeare
1085,0,229,174,0,0,0,0,1,0.5,234,49,234,10,0,5,35,25,0,5,32,3.878,46.0,2.386,52.674,1.225,0.653,0.898,0.891,austen
1086,0,799,642,0,0,0,0,0,8.0,810,157,810,12,0,11,98,26,0,1,86,4.236,161.2,2.525,52.108,1.454,0.548,0.968,0.881,chesterton
1087,0,416,304,0,0,4,0,0,2.0,429,98,429,28,0,13,72,24,0,17,48,3.612,85.0,2.113,25.583,1.441,0.49,0.949,0.844,chesterton
1088,0,357,257,0,0,1,0,0,3.0,366,87,366,24,0,9,70,24,2,15,35,3.368,72.4,2.092,18.636,1.706,0.402,0.943,0.796,chesterton
1089,0,482,375,0,0,1,0,0,1.0,493,103,493,16,0,11,75,24,0,6,41,3.932,97.8,2.353,78.404,1.537,0.398,0.951,0.801,austen
1090,0,851,654,0,0,1,0,0,2.0,866,194,866,29,0,15,140,26,1,12,102,3.608,172.4,2.099,25.195,1.516,0.526,0.974,0.878,austen
1091,0,366,281,0,0,2,0,0,3.0,373,82,373,19,0,7,61,24,1,7,44,3.805,73.8,2.641,45.62,1.367,0.537,0.939,0.859,chesterton
1092,0,371,276,0,0,2,0,0,0.3333333333333333,379,90,379,22,0,8,72,26,0,8,48,3.444,75.0,2.234,41.146,1.385,0.533,0.944,0.86,austen
1093,0,122,91,0,0,0,2,0,1.0,131,30,131,5,0,9,23,22,0,2,20,3.5,25.4,1.871,23.975,1.2,0.667,0.833,0.881,shakespeare
1094,0,792,615,0,0,3,1,0,11.0,801,167,801,33,0,9,111,25,6,17,68,3.97,159.4,2.243,72.096,1.74,0.407,0.97,0.824,chesterton
1095,1,355,278,0,0,0,0,0,1.0,373,73,373,13,0,18,43,23,0,6,39,4.233,73.8,2.447,86.291,1.404,0.534,0.932,0.854,chesterton
1096,0,808,644,0,0,0,0,0,3.0,820,160,820,26,0,12,103,25,1,4,81,4.263,163.2,2.998,41.65,1.538,0.506,0.969,0.866,austen
1097,0,544,411,0,0,0,0,0,3.0,571,130,571,25,0,27,91,23,0,7,63,3.562,113.4,2.178,99.123,1.413,0.485,0.962,0.851,shakespeare
1098,0,891,711,0,0,1,0,0,6.0,900,176,900,25,0,9,111,23,1,6,84,4.244,179.2,2.645,108.073,1.544,0.477,0.972,0.857,chesterton
1099,0,367,267,0,0,2,0,0,0.2,377,96,377,18,0,10,77,24,0,10,44,3.125,74.6,1.669,15.852,1.477,0.458,0.948,0.829,austen
1100,0,350,268,0,0,0,0,0,2.0,357,83,357,12,0,7,65,23,1,6,40,3.47,70.6,2.109,44.641,1.456,0.482,0.94,0.835,chesterton
1101,0,398,302,0,0,1,1,0,0.5,406,92,406,16,0,8,65,25,1,9,56,3.576,80.4,2.359,71.388,1.314,0.609,0.946,0.89,austen
1102,0,535,420,0,1,2,0,0,1.0,544,110,544,21,0,9,68,24,1,6,54,4.127,108.0,2.491,46.856,1.486,0.491,0.955,0.849,chesterton
1103,0,389,281,0,0,2,3,3,1.0,399,95,399,28,0,10,73,23,0,18,47,3.4,79.0,2.219,64.401,1.418,0.495,0.947,0.845,austen
1104,0,525,389,0,3,1,2,3,1.5,538,122,538,31,0,13,93,24,1,10,51,3.566,106.8,2.204,102.202,1.506,0.418,0.959,0.818,austen
1105,0,77,54,0,0,0,0,0,1.0,84,23,84,5,0,7,19,18,1,2,16,2.87,16.0,1.456,17.621,1.211,0.696,0.783,0.884,shakespeare
1106,0,729,572,0,0,0,0,0,9.0,734,151,734,24,0,5,98,25,0,3,70,3.98,146.0,2.459,31.741,1.525,0.464,0.967,0.847,chesterton
1107,0,455,348,0,0,2,1,0,2.0,467,100,467,23,0,12,67,24,0,9,49,3.87,92.6,2.493,81.153,1.449,0.49,0.95,0.845,austen
1108,0,805,638,1,0,0,0,0,4.0,819,165,819,23,0,14,105,26,2,6,79,4.091,163.0,2.539,113.567,1.514,0.479,0.97,0.856,austen
1109,0,643,507,0,0,2,0,0,2.0,656,132,656,16,0,13,83,24,0,12,76,4.091,130.4,2.578,77.668,1.389,0.576,0.962,0.887,chesterton
1110,0,213,172,0,0,0,0,0,0.3333333333333333,215,42,215,5,0,2,27,25,1,1,32,4.262,107.0,2.863,144.25,1.135,0.762,0.952,0.927,austen
1111,0,796,632,0,0,0,0,0,4.0,804,164,804,18,0,8,108,25,2,4,71,4.012,160.0,2.454,63.392,1.624,0.433,0.97,0.836,chesterton
1112,0,1179,913,0,0,0,0,2,5.0,1192,256,1192,37,0,13,181,27,2,9,101,3.762,237.6,2.204,212.272,1.896,0.395,0.98,0.832,austen
1113,0,132,95,0,0,0,1,0,1.0,145,36,145,11,0,13,26,20,0,3,26,3.306,28.2,2.24,39.379,1.241,0.722,0.861,0.909,shakespeare
1114,0,315,231,0,0,3,0,0,2.0,330,74,330,22,0,15,51,24,2,17,43,3.73,65.2,2.517,23.382,1.321,0.581,0.932,0.874,chesterton
1115,0,182,135,0,0,0,1,0,4.0,194,44,194,8,0,12,32,22,0,0,28,3.523,38.0,2.194,33.444,1.257,0.636,0.886,0.881,shakespeare
1116,0,373,278,0,0,1,2,0,3.0,381,89,381,19,0,8,66,24,0,10,31,3.461,75.4,2.341,49.197,1.589,0.348,0.944,0.765,austen
1117,0,563,413,0,0,2,2,0,2.0,574,137,574,33,0,11,108,24,2,21,64,3.372,114.0,2.265,64.152,1.539,0.467,0.964,0.845,austen
1118,0,760,588,0,0,0,0,0,1.0,774,164,774,28,0,14,112,26,0,6,80,3.848,154.0,2.277,168.318,1.533,0.488,0.97,0.859,austen
1119,0,510,389,0,0,0,0,0,1.0,542,117,542,16,0,32,80,23,0,11,60,3.735,107.6,2.272,100.116,1.393,0.513,0.957,0.86,shakespeare
1120,0,831,668,0,0,0,0,0,1.0,841,163,841,19,0,10,99,25,1,5,74,4.276,167.4,2.778,84.453,1.646,0.454,0.969,0.845,chesterton
1121,0,234,167,0,0,0,2,0,1.0,253,64,253,12,0,19,52,23,0,5,26,3.094,49.8,1.875,40.629,1.524,0.406,0.922,0.783,shakespeare
1122,0,438,319,0,0,3,0,0,2.0,449,106,449,27,0,11,83,24,0,17,38,3.443,89.0,2.116,33.993,1.71,0.358,0.953,0.78,chesterton
1123,0,255,197,0,0,0,1,0,1.0,268,58,268,11,0,13,41,21,2,3,35,3.81,52.8,2.328,59.722,1.318,0.603,0.914,0.876,shakespeare
1124,0,488,354,0,0,5,0,0,1.3333333333333333,496,122,496,30,0,8,97,23,0,16,58,3.295,98.4,2.007,52.766,1.525,0.475,0.959,0.845,chesterton
1125,0,616,487,0,0,0,0,0,0.6,625,129,625,20,0,9,87,26,1,2,60,4.0,124.2,2.883,154.028,1.554,0.465,0.961,0.842,austen
1126,0,468,346,0,0,1,2,0,2.0,476,110,476,28,0,8,83,23,0,13,59,3.5,94.4,1.943,48.737,1.392,0.536,0.955,0.867,austen
1127,0,276,208,0,0,1,0,0,1.0,281,66,281,13,0,5,48,26,0,9,33,3.47,55.4,2.644,37.554,1.467,0.5,0.924,0.835,austen
1128,0,896,719,0,0,0,0,0,3.0,922,176,922,17,0,26,107,27,2,6,81,4.33,183.6,2.551,153.804,1.544,0.46,0.972,0.85,austen
1129,0,375,273,0,0,3,1,0,1.0,384,94,384,25,0,9,74,23,0,8,45,3.351,76.0,2.113,44.232,1.469,0.479,0.947,0.838,chesterton
1130,0,518,393,0,0,5,0,0,3.0,526,113,526,23,0,8,78,23,0,16,56,3.85,104.4,2.304,59.727,1.487,0.496,0.956,0.851,chesterton
1131,0,472,370,0,0,0,0,1,1.0,479,93,479,17,2,7,59,25,0,5,42,4.269,95.0,2.775,80.374,1.576,0.452,0.946,0.825,austen
1132,0,91,60,0,0,0,3,0,1.0,97,28,97,7,0,6,26,20,0,4,19,2.607,18.6,1.343,16.742,1.167,0.679,0.821,0.884,shakespeare
1133,0,453,350,0,0,0,0,0,1.0,477,103,477,18,0,24,68,25,0,4,60,3.806,94.6,2.426,86.858,1.355,0.583,0.951,0.883,shakespeare
1134,0,661,496,0,0,2,0,1,0.75,679,146,679,40,0,18,107,24,2,14,74,3.822,135.0,2.449,39.166,1.417,0.507,0.966,0.864,austen
1135,0,833,657,0,0,0,0,0,1.0,854,177,854,21,0,21,117,25,3,12,74,3.955,170.0,2.347,193.732,1.67,0.418,0.972,0.832,austen
1136,0,1351,1038,0,0,2,0,0,5.0,1380,307,1380,45,0,29,224,24,0,11,88,3.638,275.2,2.235,126.258,2.147,0.287,0.984,0.782,austen
1137,0,505,384,0,0,0,0,0,1.0,535,119,535,22,0,30,82,23,0,7,57,3.664,106.2,2.08,111.084,1.451,0.479,0.958,0.846,shakespeare
1138,0,819,618,0,0,1,0,0,12.0,830,181,830,42,0,11,131,26,2,13,88,3.718,165.2,2.161,147.493,1.574,0.486,0.972,0.861,austen
1139,0,364,269,0,1,1,0,1,2.0,376,90,376,21,0,12,67,24,1,12,47,3.389,74.4,2.186,58.231,1.406,0.522,0.944,0.856,austen
1140,0,663,503,0,0,3,0,0,3.0,677,154,677,28,0,14,115,25,2,17,66,3.578,134.6,2.019,66.875,1.621,0.429,0.968,0.832,austen
1141,0,168,115,0,0,2,0,3,3.0,175,46,175,16,0,7,36,23,1,8,25,3.13,34.2,1.928,31.713,1.353,0.543,0.891,0.841,chesterton
1142,0,392,299,0,0,1,0,0,1.0,403,93,403,16,0,11,66,25,2,13,43,3.527,79.8,2.412,76.829,1.453,0.462,0.946,0.83,austen
1143,0,348,261,0,0,2,3,0,0.5,354,81,354,14,0,6,63,23,0,8,40,3.531,70.0,2.013,46.524,1.397,0.494,0.938,0.839,chesterton
1144,0,695,551,0,0,0,0,0,0.2,713,141,713,24,0,18,93,25,4,5,79,4.206,141.8,2.669,133.005,1.439,0.56,0.965,0.883,austen
1145,0,117,87,0,0,0,0,0,1.0,125,30,125,7,0,8,21,21,2,2,22,3.4,24.2,1.673,19.149,1.2,0.733,0.833,0.909,shakespeare
1146,0,235,169,0,0,2,0,0,1.0,243,65,243,16,0,8,54,23,0,7,30,3.031,47.8,2.0,16.498,1.548,0.462,0.923,0.815,austen
1147,0,474,367,0,0,0,0,0,7.0,483,104,483,15,0,9,70,24,3,3,39,3.76,95.8,2.288,66.311,1.651,0.375,0.952,0.789,chesterton
1148,0,242,184,0,0,2,1,0,1.0,247,56,247,10,0,5,36,23,0,5,31,3.625,48.6,2.094,26.359,1.302,0.554,0.911,0.853,austen
1149,0,207,159,0,0,0,0,0,1.0,214,49,214,7,0,7,36,23,0,7,28,3.531,42.0,2.55,23.484,1.361,0.571,0.898,0.856,austen
1150,0,182,138,0,0,0,1,0,2.0,192,43,192,6,0,10,30,23,0,1,34,3.581,37.6,2.174,62.903,1.132,0.791,0.884,0.938,shakespeare
1151,0,640,509,0,0,0,0,0,4.0,652,129,652,14,0,12,84,25,1,2,70,4.147,129.6,2.547,54.482,1.449,0.543,0.961,0.874,chesterton
1152,0,545,421,0,0,2,1,0,0.5,549,119,549,16,0,4,85,23,1,6,66,3.739,109.0,2.027,60.262,1.384,0.555,0.958,0.877,chesterton
1153,0,329,258,0,0,0,4,0,1.0,339,65,339,8,0,10,44,24,1,0,39,4.246,67.0,2.443,82.137,1.354,0.6,0.923,0.878,shakespeare
1154,0,410,311,0,0,3,1,0,1.0,419,93,419,20,0,9,60,27,0,9,53,3.72,83.0,2.018,86.594,1.329,0.57,0.946,0.876,chesterton
1155,0,687,547,0,0,0,0,0,3.0,693,139,693,15,0,6,92,25,0,0,59,4.086,137.8,2.388,43.13,1.655,0.424,0.964,0.826,chesterton
1156,0,640,502,0,0,1,2,0,5.0,651,134,651,18,0,11,93,26,1,5,71,3.978,129.4,2.568,101.451,1.441,0.53,0.963,0.87,austen
1157,0,245,184,0,0,0,0,0,2.0,255,60,255,9,0,10,44,22,0,6,38,3.383,50.2,1.975,80.714,1.277,0.633,0.917,0.888,shakespeare
1158,0,478,375,0,0,0,1,0,1.0,488,103,488,15,0,10,74,23,0,2,59,3.893,96.8,2.292,122.62,1.321,0.573,0.951,0.88,austen
1159,0,458,360,0,0,0,0,0,3.0,468,95,468,17,0,10,61,24,1,7,59,4.084,92.8,2.92,57.695,1.319,0.621,0.947,0.895,austen
1160,0,240,179,0,0,2,1,0,1.0,250,58,250,14,0,10,40,24,2,9,28,3.586,49.2,1.974,33.192,1.45,0.483,0.914,0.821,chesterton
1161,0,181,128,0,0,0,3,0,1.0,194,45,194,13,0,13,34,21,0,3,32,3.422,38.0,2.261,42.208,1.154,0.711,0.889,0.91,shakespeare
1162,0,328,243,0,0,2,1,0,1.0,338,80,338,18,0,10,64,24,0,14,39,3.438,66.8,2.175,33.811,1.455,0.487,0.938,0.836,austen
1163,0,670,505,0,0,5,0,0,0.5,681,154,681,33,0,11,110,26,4,18,74,3.63,135.4,2.249,94.577,1.54,0.481,0.968,0.854,chesterton
1164,0,142,110,0,0,0,0,0,1.0,158,29,158,6,4,16,13,23,0,2,19,4.69,30.8,2.804,26.818,1.208,0.655,0.828,0.874,shakespeare
1165,0,780,572,0,0,3,1,1,5.0,798,182,798,53,0,18,137,24,0,22,71,3.571,158.8,2.379,82.309,1.75,0.39,0.973,0.819,austen
1166,0,127,91,0,0,2,2,0,3.0,132,31,132,10,0,5,23,23,0,5,23,3.548,25.6,2.219,15.453,1.107,0.742,0.839,0.913,chesterton
1167,0,379,288,0,0,2,1,0,2.0,387,87,387,16,0,8,66,24,0,9,53,3.644,76.6,2.298,27.519,1.261,0.609,0.943,0.889,austen
1168,0,270,200,0,0,2,0,0,2.0,278,62,278,18,0,8,44,23,1,9,45,3.726,54.8,2.327,38.603,1.216,0.726,0.919,0.922,chesterton
1169,0,183,134,0,0,0,0,0,3.0,194,47,194,12,0,11,37,21,0,3,24,3.34,38.0,2.325,39.912,1.382,0.511,0.894,0.825,shakespeare
1170,0,310,218,0,0,0,0,0,1.0,326,78,326,27,0,16,61,22,1,15,25,3.359,64.4,2.045,27.898,1.66,0.321,0.936,0.739,austen
1171,0,491,375,0,0,2,0,3,1.5,501,108,501,23,0,10,76,25,0,10,56,3.824,99.4,2.371,93.383,1.403,0.519,0.954,0.86,austen
1172,0,183,132,0,0,1,2,0,2.0,191,47,191,10,0,8,37,22,0,7,30,3.234,37.4,1.844,11.718,1.205,0.638,0.894,0.883,austen
1173,0,151,105,0,0,1,0,1,1.0,157,42,157,11,0,6,34,22,0,7,22,2.976,30.6,1.841,15.662,1.355,0.524,0.881,0.827,austen
1174,0,643,513,0,0,0,0,1,0.3333333333333333,653,130,653,19,0,10,77,26,0,4,68,4.169,129.8,2.782,98.072,1.444,0.523,0.962,0.867,austen
1175,0,1003,801,0,1,0,0,0,2.0,1009,196,1009,22,0,6,126,25,1,2,103,4.23,201.0,2.703,91.654,1.496,0.526,0.974,0.878,chesterton
1176,0,215,149,0,0,1,2,0,5.0,222,60,222,17,0,7,48,21,6,15,23,2.933,43.6,1.726,28.395,1.538,0.383,0.917,0.766,chesterton
1177,0,611,449,0,0,4,1,0,1.0,624,144,624,34,0,13,105,25,0,17,68,3.5,124.0,2.106,94.3,1.532,0.472,0.965,0.849,chesterton
1178,0,302,229,0,0,0,0,1,3.0,309,73,309,12,0,7,60,24,0,4,39,3.397,61.0,2.482,28.974,1.46,0.534,0.932,0.854,austen
1179,0,648,513,0,0,0,0,0,2.0,657,132,657,16,0,9,87,24,0,2,67,4.076,130.6,2.507,88.302,1.517,0.508,0.962,0.861,chesterton
1180,0,305,216,0,2,0,0,2,1.0,318,77,318,26,0,13,61,24,1,11,48,3.312,62.8,2.092,41.776,1.283,0.623,0.935,0.891,austen
1181,0,663,508,0,4,2,0,0,2.0,681,148,681,29,0,18,101,25,0,16,65,3.784,135.4,2.661,79.065,1.609,0.439,0.966,0.835,austen
1182,0,246,180,0,0,2,1,0,1.0,252,59,252,16,0,6,47,23,0,10,33,3.508,49.6,2.2,40.104,1.283,0.559,0.915,0.858,chesterton
1183,0,602,462,0,0,1,0,1,1.0,611,132,611,29,0,9,86,25,2,15,53,3.811,121.4,2.524,59.383,1.517,0.402,0.962,0.813,austen
1184,0,405,315,1,0,0,0,0,1.0,411,90,411,13,0,6,64,23,0,3,45,3.711,81.4,2.409,42.512,1.525,0.5,0.944,0.846,austen
1185,0,486,374,0,0,0,0,0,6.0,498,113,498,16,0,12,83,23,0,1,36,3.558,98.8,2.299,40.941,1.852,0.319,0.956,0.758,chesterton
1186,4,249,191,0,0,1,0,0,1.0,273,56,273,11,0,24,36,24,0,8,39,4.071,53.8,2.5,44.606,1.143,0.696,0.911,0.91,chesterton
1187,0,638,487,0,0,3,0,0,3.5,648,144,648,26,0,10,106,24,0,15,68,3.681,128.8,2.426,112.728,1.548,0.472,0.965,0.849,austen
1188,0,554,410,0,1,3,1,0,2.0,569,136,569,31,0,15,103,23,1,12,64,3.397,113.0,2.297,54.245,1.581,0.471,0.963,0.847,austen
1189,0,447,327,0,0,5,1,0,5.0,459,105,459,29,0,12,76,24,0,15,54,3.61,91.0,2.133,54.521,1.438,0.514,0.952,0.857,chesterton
1190,0,708,565,0,0,0,0,0,0.3333333333333333,717,143,717,18,0,9,92,25,1,4,77,4.14,142.6,2.642,134.955,1.474,0.538,0.965,0.875,austen
1191,0,269,203,0,0,3,2,0,1.0,275,60,275,16,0,6,39,23,0,9,29,3.867,54.2,2.251,47.204,1.429,0.483,0.917,0.822,chesterton
1192,0,606,448,0,0,1,2,1,2.0,625,145,625,33,0,19,118,24,0,17,76,3.469,124.2,2.236,58.7,1.465,0.524,0.966,0.87,austen
1193,0,84,63,0,0,0,0,0,1.0,93,22,93,4,1,9,14,20,0,3,18,3.5,17.8,2.241,15.336,1.1,0.818,0.773,0.935,shakespeare
1194,0,325,230,0,3,2,0,1,1.0,341,78,341,26,2,16,56,24,0,15,43,3.564,67.4,2.474,56.998,1.345,0.551,0.936,0.863,austen
1195,0,163,126,0,0,0,0,0,1.0,169,39,169,5,0,6,29,21,0,2,24,3.513,33.0,2.235,27.568,1.258,0.615,0.872,0.867,shakespeare
1196,0,1038,815,2,0,0,0,0,0.16666666666666666,1054,219,1054,31,0,16,152,26,3,7,74,3.936,210.0,2.306,260.93,1.872,0.338,0.977,0.799,austen
1197,0,488,366,0,0,1,0,0,1.3333333333333333,501,116,501,27,0,13,87,24,2,13,57,3.534,99.4,2.149,49.551,1.45,0.491,0.957,0.851,austen
1198,0,63,45,0,0,0,1,0,1.0,73,17,73,5,0,10,12,19,3,2,15,3.529,13.8,2.035,8.758,1.062,0.882,0.706,0.956,shakespeare
1199,0,763,600,0,0,0,0,0,7.0,770,161,770,18,0,7,119,24,1,2,66,3.882,153.2,2.357,49.089,1.713,0.41,0.969,0.825,chesterton
1200,0,296,226,0,0,3,0,1,2.0,303,63,303,18,0,7,41,23,2,12,42,4.111,59.8,2.56,44.707,1.26,0.667,0.921,0.902,chesterton
1201,0,739,572,0,0,0,0,0,1.0,773,160,773,29,0,34,104,24,3,2,69,3.969,153.8,2.321,60.661,1.553,0.431,0.969,0.834,shakespeare
1202,0,623,490,0,0,0,1,1,0.3333333333333333,635,132,635,13,0,12,95,25,0,2,46,3.902,126.2,2.125,121.413,1.61,0.348,0.962,0.784,austen
1203,0,327,244,0,0,1,0,1,1.0,335,81,335,12,0,8,66,24,0,9,44,3.309,66.2,1.821,44.924,1.373,0.543,0.938,0.861,austen
1204,0,704,553,0,0,0,0,0,10.0,710,151,710,13,0,6,104,25,1,5,74,3.788,141.2,2.005,44.195,1.573,0.49,0.967,0.858,chesterton
1205,0,392,293,0,0,4,2,0,1.0,399,91,399,17,0,7,72,23,0,10,49,3.571,79.0,1.939,46.201,1.422,0.538,0.945,0.863,chesterton
1206,0,758,594,0,1,0,0,0,7.0,771,161,771,25,0,13,108,24,0,11,78,3.932,153.4,2.56,57.47,1.61,0.484,0.969,0.857,chesterton
1207,0,998,785,0,0,0,0,0,0.5,1021,203,1021,35,0,23,127,26,1,9,101,4.153,203.4,2.568,118.088,1.611,0.498,0.975,0.869,austen
1208,0,340,245,0,0,2,2,1,0.5,348,83,348,26,0,8,65,23,0,11,37,3.41,68.8,2.269,47.394,1.456,0.446,0.94,0.817,austen
1209,0,344,265,0,0,0,1,0,1.0,359,78,359,11,0,15,55,23,2,2,50,3.731,71.0,2.136,55.227,1.279,0.641,0.936,0.898,shakespeare
1210,0,522,398,0,0,2,0,0,2.0,531,119,531,18,0,9,88,26,0,7,62,3.622,105.4,1.97,63.347,1.451,0.521,0.958,0.864,chesterton
1211,0,683,514,0,0,0,0,1,1.0,718,164,718,27,0,35,119,23,0,11,58,3.512,142.8,1.98,151.312,1.708,0.354,0.97,0.796,shakespeare
1212,0,215,161,0,0,0,0,0,1.0,230,53,230,9,0,15,41,23,0,4,36,3.491,45.2,2.181,40.555,1.205,0.679,0.906,0.903,shakespeare
1213,0,273,207,0,0,0,2,0,2.0,291,65,291,13,0,18,46,23,1,2,37,3.662,57.4,2.432,106.164,1.354,0.569,0.923,0.865,shakespeare
1214,0,85,57,0,1,0,0,0,1.0,94,27,94,9,0,9,21,18,0,3,16,2.778,18.0,1.908,17.847,1.35,0.593,0.815,0.841,shakespeare
1215,0,467,349,0,0,0,0,1,1.0,483,113,483,22,0,16,84,24,0,15,52,3.434,95.8,2.158,62.416,1.507,0.46,0.956,0.836,austen
1216,0,431,335,0,0,2,1,1,1.0,440,88,440,18,0,9,59,25,0,7,49,4.159,87.2,2.864,79.185,1.313,0.557,0.943,0.869,austen
1217,0,599,469,0,1,0,0,0,0.5,609,122,609,23,0,10,76,24,0,7,68,4.123,121.0,2.462,56.094,1.435,0.557,0.959,0.878,austen
1218,0,559,434,0,0,2,1,0,3.0,572,122,572,17,0,13,87,24,0,11,60,3.844,113.6,2.584,33.493,1.488,0.492,0.959,0.852,chesterton
1219,0,548,405,0,0,2,0,4,0.6666666666666666,561,126,561,33,0,13,92,26,0,14,50,3.611,111.4,2.291,44.836,1.636,0.397,0.96,0.809,austen
1220,0,223,160,0,0,2,0,1,1.0,227,55,227,18,0,4,42,23,0,10,28,3.4,44.6,1.93,38.927,1.341,0.509,0.909,0.832,austen
1221,0,437,331,0,0,2,1,0,3.0,445,100,445,18,0,8,76,23,0,7,47,3.62,88.2,2.295,55.912,1.408,0.47,0.95,0.836,austen
1222,0,564,432,0,0,1,0,0,0.6666666666666666,573,129,573,20,0,9,98,24,0,10,62,3.597,113.8,2.245,82.469,1.5,0.481,0.961,0.849,austen
1223,0,156,111,0,1,1,0,0,1.0,163,43,163,13,0,7,34,22,0,6,25,3.116,31.8,2.301,12.558,1.303,0.581,0.884,0.856,austen
1224,0,559,438,0,0,2,0,0,0.5,570,118,570,23,0,11,82,25,1,10,68,4.034,113.2,2.947,77.254,1.388,0.576,0.958,0.884,austen
1225,0,957,761,0,0,1,0,1,0.75,968,193,968,26,0,11,125,26,1,7,91,4.145,192.8,2.584,162.045,1.556,0.472,0.974,0.857,austen
1226,0,675,536,0,0,0,0,0,4.0,690,137,690,18,0,15,84,24,1,6,79,4.153,137.2,2.431,76.195,1.384,0.577,0.964,0.888,austen
1227,0,539,419,0,0,2,0,0,2.5,552,117,552,17,0,13,79,23,0,13,54,3.872,109.6,2.598,49.293,1.5,0.462,0.957,0.838,austen
1228,0,955,739,0,0,1,0,0,2.5,971,210,971,34,2,16,146,26,2,16,87,3.781,193.4,2.446,143.54,1.641,0.414,0.976,0.835,austen
1229,0,233,177,0,0,0,1,0,1.0,248,54,248,9,0,15,34,21,0,4,37,3.722,48.8,1.847,69.492,1.149,0.685,0.907,0.905,shakespeare
1230,0,348,265,0,0,3,0,0,1.0,359,76,359,17,0,11,54,23,0,6,43,3.934,71.0,2.521,32.117,1.357,0.566,0.934,0.868,chesterton
1231,0,348,265,0,0,2,2,0,3.0,359,75,359,18,0,11,50,23,0,8,39,4.0,71.0,2.78,53.301,1.389,0.52,0.933,0.849,chesterton
1232,0,473,357,0,0,0,0,0,2.0,487,109,487,23,0,14,73,25,3,15,61,3.624,96.6,2.085,53.645,1.38,0.56,0.954,0.876,chesterton
1233,0,154,116,0,0,0,0,0,1.0,163,38,163,8,0,9,24,21,0,4,27,3.5,31.8,2.275,47.368,1.188,0.711,0.868,0.906,shakespeare
1234,0,75,54,0,0,0,2,0,1.0,81,20,81,5,0,6,15,19,0,1,13,3.25,15.4,1.916,10.114,1.25,0.65,0.75,0.856,shakespeare
1235,0,420,318,0,0,0,1,0,1.0,441,100,441,17,0,21,73,23,0,8,51,3.56,87.4,1.95,59.794,1.429,0.51,0.95,0.854,shakespeare
1236,0,249,179,0,0,1,0,1,1.0,258,69,258,16,0,9,58,22,1,10,31,2.986,50.8,2.018,39.468,1.438,0.449,0.928,0.811,austen
1237,0,1069,837,0,1,1,0,0,5.0,1087,218,1087,40,0,18,150,24,1,13,107,4.119,216.6,2.765,91.281,1.557,0.491,0.977,0.868,chesterton
1238,0,667,499,0,0,2,0,0,0.125,683,159,683,33,0,16,121,26,1,12,69,3.478,135.8,1.98,66.729,1.59,0.434,0.969,0.835,austen
1239,0,139,104,0,0,0,0,0,1.0,148,36,148,5,0,9,31,23,0,0,23,3.278,28.8,1.684,19.639,1.241,0.639,0.861,0.875,shakespeare
1240,1,34,26,0,0,0,0,0,1.0,43,9,43,2,0,9,5,17,0,1,7,4.111,43.0,2.892,0.0,1.125,0.778,0.889,0.886,shakespeare
1241,0,506,388,0,0,0,0,0,3.0,518,118,518,18,0,12,86,25,0,5,56,3.542,102.8,2.263,57.63,1.494,0.475,0.958,0.844,austen
1242,0,765,594,0,0,0,0,0,0.6,785,171,785,21,1,20,131,24,2,9,66,3.719,156.2,2.332,96.253,1.763,0.386,0.971,0.815,austen
1243,0,421,320,0,0,2,1,0,3.0,430,94,430,19,0,9,66,23,2,10,52,3.755,85.2,2.505,28.587,1.306,0.553,0.947,0.87,chesterton
1244,0,586,456,0,0,1,2,0,0.2,599,126,599,19,0,13,88,23,0,6,65,3.889,119.0,2.33,118.239,1.432,0.516,0.96,0.863,austen
1245,0,216,161,0,0,1,0,0,1.0,225,50,225,16,0,9,35,25,1,7,29,3.8,44.2,2.673,26.023,1.282,0.58,0.9,0.861,chesterton
1246,0,275,195,0,0,2,0,1,2.0,289,72,289,25,0,14,56,23,0,14,40,3.333,57.0,2.188,66.412,1.358,0.556,0.931,0.863,austen
1247,0,450,348,0,0,0,0,0,4.0,455,101,455,13,0,5,75,25,0,2,50,3.624,90.2,2.121,36.942,1.443,0.495,0.95,0.848,chesterton
1248,0,240,184,0,0,1,1,0,1.0,246,54,246,9,0,6,37,23,1,5,40,3.722,48.4,2.149,29.645,1.149,0.741,0.907,0.925,chesterton
1249,0,634,497,0,0,1,0,1,6.0,643,133,643,19,0,9,86,24,1,7,61,3.97,127.8,2.351,84.224,1.529,0.459,0.962,0.841,austen
1250,0,106,77,0,1,0,0,0,1.0,113,29,113,9,0,7,22,21,0,2,20,3.207,21.8,2.111,26.584,1.261,0.69,0.828,0.89,shakespeare
1251,0,497,379,0,0,2,0,1,0.5,507,114,507,20,0,10,89,24,2,14,60,3.632,100.6,2.37,119.874,1.443,0.526,0.956,0.864,austen
1252,0,304,240,0,0,0,0,0,1.0,313,64,313,11,0,9,43,23,0,3,32,4.078,61.8,2.813,43.66,1.422,0.5,0.922,0.833,chesterton
1253,0,771,617,0,0,0,0,0,2.0,779,153,779,14,0,8,103,25,1,3,86,4.176,155.0,2.455,52.849,1.404,0.562,0.967,0.885,chesterton
1254,0,355,248,0,0,1,1,1,0.5,368,92,368,33,0,13,73,24,2,18,48,3.217,72.8,2.357,33.432,1.46,0.522,0.946,0.856,austen
1255,0,872,664,0,0,1,1,0,0.5,889,195,889,35,0,17,143,26,1,20,96,3.682,177.0,2.362,179.705,1.535,0.492,0.974,0.866,austen
1256,0,359,263,0,0,2,1,0,2.0,368,91,368,21,0,9,69,22,0,12,44,3.275,72.8,1.955,26.948,1.517,0.484,0.945,0.839,austen
1257,0,573,442,0,0,0,1,0,2.0,589,127,589,26,0,16,91,24,0,6,65,3.811,117.0,2.445,100.583,1.46,0.512,0.961,0.862,austen
1258,0,475,364,0,0,1,0,2,4.0,488,102,488,25,0,13,68,24,0,12,54,3.971,96.8,2.712,56.61,1.417,0.529,0.951,0.862,austen
1259,0,378,278,0,2,2,0,3,1.0,392,91,392,24,0,14,71,23,1,10,39,3.527,77.6,2.491,64.302,1.468,0.429,0.945,0.812,austen
1260,0,102,78,0,0,0,0,0,1.0,112,25,112,5,0,10,17,18,0,1,19,3.72,21.6,2.716,17.799,1.136,0.76,0.8,0.915,shakespeare
1261,0,452,335,0,0,0,0,0,1.0,483,115,483,22,0,31,86,22,0,14,59,3.374,95.8,2.002,58.747,1.42,0.513,0.957,0.859,shakespeare
1262,0,302,218,0,0,2,2,0,1.0,313,78,313,19,0,11,61,23,0,10,32,3.244,61.8,2.211,53.34,1.529,0.41,0.936,0.795,austen
1263,0,200,152,0,0,1,0,3,3.0,207,43,207,11,0,7,28,23,0,7,28,4.047,40.6,3.031,32.47,1.229,0.651,0.884,0.886,austen
1264,0,425,325,0,0,2,1,0,1.0,435,94,435,19,0,10,70,25,2,11,47,3.819,86.2,2.337,70.977,1.446,0.5,0.947,0.847,austen
1265,0,465,356,0,1,1,0,0,4.0,474,106,474,17,0,9,79,23,1,5,57,3.623,94.0,2.202,71.533,1.413,0.538,0.953,0.867,chesterton
1266,0,227,172,0,0,2,1,0,1.0,236,51,236,12,0,9,33,23,1,8,35,3.882,46.4,2.651,32.462,1.186,0.686,0.902,0.904,chesterton
1267,0,629,487,0,0,1,0,2,0.3333333333333333,638,136,638,24,0,9,94,24,2,9,63,3.838,126.8,2.447,102.38,1.528,0.463,0.963,0.843,austen
1268,0,517,398,0,0,0,0,0,2.0,531,113,531,18,0,14,78,26,0,10,59,3.823,105.4,2.284,43.293,1.413,0.522,0.956,0.863,austen
1269,0,383,286,0,0,0,1,0,1.0,407,90,407,23,0,24,63,24,0,7,49,3.7,80.6,2.546,141.403,1.406,0.544,0.944,0.865,shakespeare
1270,0,494,374,0,0,0,0,0,2.0,517,118,517,23,0,23,85,24,0,8,58,3.559,102.6,2.057,76.664,1.494,0.492,0.958,0.851,shakespeare
1271,0,962,757,0,1,0,0,0,6.0,979,204,979,25,0,17,145,26,0,3,80,3.917,195.0,2.524,158.688,1.838,0.392,0.975,0.824,austen
1272,0,216,164,0,0,0,1,0,1.0,231,51,231,8,0,15,35,22,0,3,41,3.667,45.4,2.132,65.561,1.109,0.804,0.902,0.944,shakespeare
1273,0,511,384,0,0,0,0,0,2.0,536,126,536,26,0,25,92,22,1,10,42,3.452,106.4,2.061,79.135,1.75,0.333,0.96,0.773,shakespeare
1274,0,369,283,0,0,2,1,0,2.0,381,78,381,18,0,12,54,23,2,11,45,4.077,75.4,2.562,45.774,1.258,0.577,0.936,0.874,chesterton
1275,0,853,689,1,0,0,0,0,1.5,865,160,865,19,0,12,97,25,1,6,74,4.5,172.2,2.715,98.057,1.495,0.463,0.969,0.848,austen
1276,0,150,114,0,0,0,1,0,1.0,162,35,162,9,0,12,21,20,0,1,26,3.857,31.6,2.185,22.03,1.207,0.743,0.857,0.916,shakespeare
1277,0,223,159,0,0,1,0,0,2.0,230,63,230,14,0,7,52,22,0,6,23,2.905,45.2,1.532,14.89,1.75,0.365,0.921,0.757,austen
1278,5,340,260,0,0,0,0,0,1.0,376,81,376,7,0,36,58,24,0,6,43,3.753,74.4,2.053,66.222,1.397,0.531,0.938,0.856,chesterton
1279,0,136,100,0,0,0,1,0,2.0,148,35,148,7,0,12,27,22,0,3,21,3.4,28.8,2.047,37.904,1.296,0.6,0.857,0.856,shakespeare
1280,0,632,493,0,0,2,0,1,0.25,650,134,650,22,0,18,86,23,0,7,55,4.007,129.2,2.256,102.263,1.634,0.41,0.963,0.818,austen
1281,0,533,419,0,0,2,0,0,2.0,540,111,540,17,0,7,75,23,0,5,58,4.027,107.2,2.349,67.113,1.5,0.523,0.955,0.862,chesterton
1282,0,958,756,0,0,0,0,0,1.3333333333333333,968,195,968,31,0,10,132,25,0,4,81,4.087,192.8,2.616,182.423,1.681,0.415,0.974,0.833,austen
1283,0,809,655,0,0,0,0,1,2.5,822,154,822,12,0,13,91,26,0,3,81,4.416,163.6,2.634,20.268,1.495,0.526,0.968,0.872,austen
1284,0,835,670,0,0,1,0,0,2.0,847,162,847,19,0,12,101,25,1,5,91,4.34,168.6,2.696,65.546,1.473,0.562,0.969,0.887,chesterton
1285,0,220,163,0,0,0,0,0,1.0,235,56,235,12,0,15,43,22,1,5,37,3.393,46.2,2.221,51.819,1.217,0.661,0.911,0.897,shakespeare
1286,0,339,264,0,0,0,1,0,2.0,346,73,346,14,0,7,50,23,0,4,43,3.904,68.4,3.137,31.262,1.352,0.589,0.932,0.877,austen
1287,0,1020,812,0,0,2,0,1,1.0,1029,203,1029,25,0,9,137,25,0,7,78,4.187,205.0,2.765,184.178,1.75,0.384,0.975,0.82,austen
1288,0,120,86,0,0,0,1,1,1.0,130,32,130,6,0,10,23,22,0,2,26,3.188,25.2,2.177,22.264,1.103,0.812,0.844,0.94,shakespeare
1289,0,574,464,0,0,0,0,0,0.3333333333333333,585,110,585,14,0,11,72,24,0,0,59,4.445,116.2,2.966,86.682,1.467,0.536,0.955,0.867,austen
1290,0,470,369,0,0,1,1,0,3.0,483,99,483,13,0,13,66,24,0,2,60,4.01,95.8,2.529,39.099,1.303,0.606,0.949,0.891,chesterton
1291,0,299,212,0,0,4,2,0,3.0,308,73,308,24,0,9,54,23,0,15,32,3.493,60.8,2.292,21.765,1.521,0.438,0.932,0.808,chesterton
1292,0,196,135,0,0,2,0,0,0.2,204,52,204,20,0,8,39,23,0,9,25,3.231,40.0,2.045,17.378,1.444,0.481,0.904,0.815,austen
1293,0,878,678,0,0,1,0,0,1.5,895,184,895,36,0,17,128,24,0,14,83,3.984,178.2,2.477,213.84,1.614,0.451,0.973,0.847,austen
1294,0,580,456,0,0,1,0,0,4.0,587,119,587,17,0,7,79,26,1,9,60,4.05,116.6,2.5,50.51,1.4,0.504,0.958,0.857,chesterton
1295,0,593,473,0,0,0,0,0,0.16666666666666666,601,120,601,19,0,8,76,23,0,2,52,4.167,119.4,2.748,80.593,1.622,0.433,0.958,0.825,austen
1296,0,324,245,0,0,3,1,0,2.0,330,73,330,20,0,6,51,24,1,7,44,3.795,65.2,2.646,55.531,1.327,0.603,0.932,0.882,chesterton
1297,0,525,390,0,0,0,1,0,1.0,557,132,557,21,0,32,99,24,0,18,52,3.356,110.6,1.958,101.749,1.61,0.394,0.962,0.809,shakespeare
1298,0,440,341,0,0,0,0,0,2.0,460,100,460,18,0,20,69,23,1,7,52,3.79,91.2,2.189,121.531,1.429,0.52,0.95,0.858,shakespeare
1299,0,362,270,0,0,3,0,0,3.0,370,86,370,20,0,8,65,22,1,14,44,3.558,73.2,2.156,37.679,1.433,0.512,0.942,0.85,chesterton
1300,0,648,496,1,0,0,1,0,0.1111111111111111,660,147,660,26,0,12,109,26,1,5,65,3.639,131.2,2.208,186.143,1.652,0.442,0.966,0.836,austen
1301,0,345,271,0,0,1,1,0,4.0,352,69,352,14,0,7,45,22,1,8,51,4.29,69.6,2.635,79.255,1.169,0.739,0.928,0.929,chesterton
1302,0,548,426,0,0,1,0,0,7.0,560,121,560,16,0,12,80,25,0,5,62,3.769,111.2,2.305,48.515,1.551,0.512,0.959,0.861,chesterton
1303,0,520,397,0,0,2,0,1,1.0,526,120,526,25,0,6,84,24,0,7,55,3.608,104.4,2.391,77.141,1.558,0.458,0.958,0.837,austen
1304,0,522,407,0,0,0,2,0,1.0,527,111,527,17,0,5,77,26,1,3,56,3.865,104.6,2.514,77.326,1.48,0.505,0.955,0.855,austen
1305,0,149,113,0,0,0,1,0,1.0,161,35,161,6,0,12,28,22,0,4,25,3.743,31.4,2.147,39.475,1.167,0.714,0.857,0.905,shakespeare
1306,0,396,302,0,0,3,0,1,1.0,401,85,401,24,0,5,59,24,2,15,40,3.988,79.4,2.797,67.144,1.466,0.471,0.941,0.83,chesterton
1307,0,617,471,0,0,0,0,0,3.0,653,145,653,23,0,36,100,23,1,13,68,3.655,129.8,2.096,96.414,1.465,0.469,0.966,0.848,shakespeare
1308,0,354,276,0,0,0,0,0,1.0,373,80,373,12,0,19,57,23,0,11,38,3.837,73.8,2.533,43.654,1.404,0.475,0.938,0.83,shakespeare
1309,0,292,215,0,0,2,0,0,3.0,303,71,303,15,0,11,53,25,0,10,39,3.479,59.8,2.144,48.879,1.34,0.549,0.93,0.859,chesterton
1310,0,417,309,0,0,3,0,0,0.5,429,104,429,20,0,12,81,24,1,14,54,3.346,85.0,2.103,17.364,1.486,0.519,0.952,0.859,chesterton
1311,0,98,72,0,0,0,1,0,1.0,103,25,103,6,0,5,20,19,0,1,18,3.32,19.8,1.909,21.982,1.136,0.72,0.8,0.898,shakespeare
1312,0,738,567,1,0,2,0,0,4.0,750,162,750,25,0,12,120,26,0,14,74,3.753,149.2,2.246,148.124,1.528,0.457,0.969,0.846,austen
1313,0,116,84,0,0,0,1,0,1.0,125,33,125,8,0,9,26,22,1,2,25,3.061,24.2,1.694,27.581,1.179,0.758,0.848,0.921,shakespeare
1314,0,158,112,0,0,2,1,2,3.0,165,41,165,11,0,7,32,21,1,8,28,3.293,32.2,2.028,20.142,1.139,0.683,0.878,0.897,chesterton
1315,0,315,235,0,0,2,1,1,0.5,330,73,330,15,0,15,55,23,1,10,41,3.699,65.2,2.289,60.342,1.259,0.562,0.932,0.866,austen
1316,0,614,480,0,0,1,0,0,4.0,626,127,626,21,0,12,83,25,1,7,67,4.063,124.4,2.487,69.977,1.427,0.528,0.961,0.868,chesterton
1317,0,779,605,0,0,1,0,2,3.5,791,168,791,28,0,12,114,24,0,6,63,3.851,157.4,2.315,133.554,1.768,0.375,0.97,0.809,austen
1318,0,141,108,0,0,0,0,1,3.0,147,32,147,7,0,6,20,23,0,1,26,3.781,28.6,2.419,16.319,1.103,0.812,0.844,0.94,austen
1319,0,289,222,0,0,2,1,1,1.0,296,63,296,10,0,7,43,23,0,7,38,3.857,58.4,2.093,34.804,1.312,0.603,0.921,0.878,chesterton
1320,0,767,569,0,0,0,0,0,1.0,812,189,812,37,0,45,137,24,0,14,86,3.444,161.6,2.239,215.115,1.602,0.455,0.974,0.85,shakespeare
1321,0,229,179,0,0,0,0,0,1.0,244,50,244,7,0,15,32,22,0,2,37,4.02,48.0,2.478,58.429,1.163,0.74,0.9,0.923,shakespeare
1322,0,595,464,0,0,3,0,0,3.0,610,126,610,20,0,15,87,24,2,9,64,4.008,121.2,2.547,58.221,1.518,0.508,0.96,0.86,chesterton
1323,0,371,271,0,0,4,2,1,2.0,376,92,376,19,0,5,76,24,0,10,47,3.304,74.4,1.656,38.102,1.438,0.511,0.946,0.851,chesterton
1324,0,274,201,0,0,3,1,0,1.0,281,67,281,20,0,7,50,24,0,11,43,3.522,55.4,2.325,42.229,1.367,0.642,0.925,0.895,chesterton
1325,0,334,254,0,0,1,0,1,1.0,348,72,348,17,0,14,49,23,0,9,51,3.986,68.8,2.274,58.238,1.2,0.708,0.931,0.919,austen
1326,0,412,314,0,0,1,0,0,1.0,434,90,434,21,0,22,54,28,0,9,42,4.056,86.0,2.683,47.65,1.607,0.467,0.944,0.831,chesterton
1327,0,600,461,0,0,0,0,0,0.14285714285714285,609,138,609,22,0,9,101,23,0,1,59,3.565,121.0,1.925,73.495,1.586,0.428,0.964,0.828,austen
1328,0,118,82,0,0,3,0,1,1.0,125,30,125,12,0,7,20,20,0,9,13,3.567,24.2,2.359,17.852,1.5,0.433,0.833,0.754,chesterton
1329,0,454,347,0,0,1,1,0,5.0,463,101,463,17,0,9,75,24,0,8,48,3.713,91.8,2.334,62.886,1.365,0.475,0.95,0.839,austen
1330,0,482,357,0,0,3,1,1,2.0,495,111,495,31,0,13,83,23,0,21,62,3.667,98.2,2.52,59.234,1.423,0.559,0.955,0.876,austen
1331,0,233,169,0,1,3,0,0,1.0,241,59,241,20,0,8,45,23,1,13,23,3.458,47.4,2.725,29.602,1.686,0.39,0.915,0.769,chesterton
1332,0,172,121,0,0,0,1,0,1.0,184,48,184,9,0,12,38,22,1,5,27,2.958,36.0,1.65,30.008,1.297,0.562,0.896,0.851,shakespeare
1333,0,413,310,0,0,2,2,0,1.0,426,94,426,24,0,13,70,24,0,12,44,3.745,84.4,2.501,50.604,1.446,0.468,0.947,0.833,austen
1334,0,367,268,0,0,3,1,0,0.4,372,88,372,25,0,5,61,26,0,13,39,3.477,73.6,2.034,56.77,1.492,0.443,0.943,0.818,chesterton
1335,0,151,112,0,0,0,2,0,3.0,158,37,158,8,0,7,27,20,0,1,19,3.432,30.8,2.243,36.759,1.233,0.514,0.865,0.815,shakespeare
1336,0,380,296,0,0,0,0,3,0.3333333333333333,388,81,388,13,0,8,57,23,0,3,37,3.914,76.8,2.57,20.62,1.446,0.457,0.938,0.822,austen
1337,0,630,501,0,0,1,0,1,2.0,638,127,638,16,0,8,80,25,0,4,75,4.15,126.8,2.682,107.843,1.38,0.591,0.961,0.891,austen
1338,0,260,180,0,0,5,1,0,0.5,269,68,269,23,0,9,51,24,0,14,31,3.279,53.0,2.006,42.714,1.581,0.456,0.926,0.814,chesterton
1339,0,158,120,0,0,0,1,2,3.0,164,36,164,6,0,6,25,23,0,3,26,3.667,32.0,2.461,19.962,1.125,0.722,0.861,0.909,austen
1340,0,351,265,1,0,0,1,0,3.0,366,85,366,15,0,15,65,25,0,6,51,3.471,72.4,2.245,81.776,1.349,0.6,0.941,0.885,shakespeare
1341,0,189,134,0,0,2,3,0,1.0,195,48,195,16,0,6,36,24,0,6,24,3.375,38.2,2.15,18.295,1.455,0.5,0.896,0.821,chesterton
1342,0,1056,846,0,0,0,0,0,3.0,1068,205,1068,30,0,12,126,26,1,8,108,4.332,212.8,2.735,151.67,1.507,0.527,0.976,0.88,austen
1343,0,493,374,0,0,2,0,1,0.6666666666666666,504,114,504,24,0,11,84,24,0,11,64,3.632,100.0,2.447,102.281,1.425,0.561,0.956,0.878,austen
1344,0,687,536,0,0,0,0,0,0.3333333333333333,705,143,705,31,0,18,96,23,3,9,65,4.091,140.2,2.452,114.185,1.538,0.455,0.965,0.841,austen
1345,0,431,327,0,0,0,1,1,1.0,444,103,444,14,0,13,84,23,0,1,60,3.437,88.0,1.882,126.675,1.338,0.583,0.951,0.883,austen
1346,0,429,326,0,0,2,0,0,1.0,443,96,443,22,0,14,75,24,0,12,52,3.823,87.8,2.683,61.84,1.433,0.542,0.948,0.866,austen
1347,0,330,262,0,0,0,0,0,7.0,339,69,339,7,0,9,45,23,0,0,39,4.029,67.0,2.413,12.748,1.353,0.565,0.928,0.865,chesterton
1348,0,811,642,0,0,0,0,0,0.3333333333333333,822,164,822,27,0,11,96,24,1,3,80,4.146,163.6,2.358,19.718,1.547,0.488,0.97,0.859,austen
1349,0,531,416,0,0,2,0,0,1.0,541,112,541,19,0,10,75,24,0,7,59,4.009,107.4,2.455,67.549,1.455,0.527,0.955,0.864,austen
1350,0,227,170,0,0,0,1,0,1.0,235,57,235,10,0,8,41,21,0,3,31,3.298,46.2,2.179,48.023,1.425,0.544,0.912,0.849,shakespeare
1351,0,945,742,0,0,0,0,0,6.0,955,202,955,15,0,10,150,24,1,6,81,3.797,190.2,2.173,129.987,1.726,0.401,0.975,0.828,chesterton
1352,0,263,199,0,0,0,1,1,1.0,276,60,276,12,0,13,43,22,3,10,42,3.733,54.4,2.342,52.224,1.176,0.7,0.917,0.913,shakespeare
1353,0,633,490,0,0,0,2,0,0.5,647,142,647,18,0,14,102,26,0,6,66,3.676,128.6,2.185,107.463,1.511,0.465,0.965,0.845,austen
1354,0,1010,805,0,0,0,0,0,0.2,1015,203,1015,23,0,5,144,26,0,2,84,4.103,202.2,2.588,38.707,1.765,0.414,0.975,0.834,chesterton
1355,0,272,198,0,0,2,0,0,1.0,281,71,281,15,0,9,54,24,0,12,36,3.211,55.4,2.028,33.351,1.392,0.507,0.93,0.841,austen
1356,0,252,182,0,0,3,1,1,3.0,257,62,257,15,0,5,43,21,0,10,38,3.371,50.6,2.144,47.574,1.24,0.613,0.919,0.881,chesterton
1357,0,584,433,0,0,5,0,0,2.0,597,140,597,32,0,13,102,24,3,25,51,3.493,118.6,2.181,42.465,1.795,0.364,0.964,0.796,chesterton
1358,0,90,65,0,0,0,2,0,1.0,97,21,97,9,0,7,15,19,1,2,14,3.857,18.6,2.594,24.286,1.235,0.667,0.762,0.867,shakespeare
1359,0,657,532,0,0,0,0,1,0.25,667,122,667,18,0,10,73,25,1,3,73,4.59,132.6,2.865,94.055,1.356,0.598,0.959,0.893,austen
1360,0,847,682,0,0,0,0,0,2.0,869,161,869,21,0,22,93,26,3,6,82,4.509,173.0,2.716,113.928,1.505,0.509,0.969,0.867,chesterton
1361,0,398,309,0,0,0,0,0,1.0,405,86,405,15,0,7,59,24,0,8,43,3.86,80.2,2.563,35.117,1.433,0.5,0.942,0.844,chesterton
1362,0,759,599,0,0,0,0,0,5.0,764,160,764,15,0,5,113,24,0,3,67,3.869,152.0,2.337,101.176,1.684,0.419,0.969,0.828,chesterton
1363,0,510,384,0,0,2,0,0,1.0,524,121,524,23,0,14,89,24,0,15,63,3.529,104.0,2.058,64.858,1.458,0.521,0.959,0.864,austen
1364,0,594,449,0,0,2,0,0,5.0,600,137,600,25,0,6,96,24,2,11,61,3.54,119.2,2.239,17.796,1.593,0.445,0.964,0.836,chesterton
1365,0,348,259,0,0,2,2,0,1.0,359,80,359,19,0,11,59,24,0,7,44,3.663,71.0,2.134,71.795,1.356,0.55,0.938,0.864,austen
1366,0,321,233,0,2,0,0,0,2.0,336,85,336,19,0,15,73,23,3,6,47,3.141,66.4,1.953,56.743,1.371,0.553,0.941,0.867,shakespeare
1367,0,541,407,0,0,0,0,0,1.0,563,133,563,22,0,22,101,24,0,9,54,3.391,111.8,1.992,40.837,1.622,0.406,0.962,0.816,shakespeare
1368,0,603,480,0,0,0,0,0,6.0,611,124,611,8,0,8,84,24,0,0,62,4.0,121.4,2.19,40.358,1.55,0.5,0.96,0.856,chesterton
1369,0,483,375,0,0,0,0,2,0.125,490,107,490,17,0,7,79,24,1,2,55,3.729,97.2,2.467,72.109,1.507,0.514,0.953,0.858,austen
1370,2,488,380,0,0,0,0,0,0.3333333333333333,508,107,508,19,0,20,71,24,3,8,63,3.925,100.8,2.535,112.578,1.39,0.589,0.953,0.887,austen
1371,0,1926,1528,0,1,0,0,3,3.5,1948,381,1948,54,0,22,252,25,0,9,145,4.21,388.8,2.735,411.251,1.934,0.381,0.987,0.837,austen
1372,0,662,508,0,0,0,0,0,0.75,668,155,668,21,0,6,118,24,0,4,61,3.452,132.8,2.139,60.147,1.761,0.394,0.968,0.815,austen
1373,0,265,177,0,0,3,0,1,1.0,277,77,277,30,0,12,65,23,1,16,32,2.935,54.6,1.873,15.582,1.571,0.416,0.935,0.798,austen
1374,0,145,102,0,0,2,1,1,1.0,150,36,150,13,0,5,26,23,0,9,20,3.5,29.2,2.444,21.742,1.333,0.556,0.861,0.836,chesterton
1375,0,195,152,0,0,0,2,0,1.0,210,41,210,7,0,15,27,20,0,2,27,4.244,41.2,2.853,45.637,1.171,0.659,0.878,0.888,shakespeare
1376,0,486,375,0,0,2,0,0,2.0,495,105,495,21,0,9,68,23,2,12,58,3.895,98.2,2.345,125.454,1.382,0.552,0.952,0.872,chesterton
1377,0,508,385,0,0,2,0,2,1.0,518,114,518,25,0,10,80,23,1,9,61,3.719,102.8,2.268,76.881,1.39,0.535,0.956,0.868,austen
1378,0,764,609,0,0,0,0,0,4.0,775,156,775,14,0,11,103,24,0,3,75,4.064,154.2,2.231,63.488,1.592,0.481,0.968,0.855,chesterton
1379,0,727,584,0,0,0,0,0,1.6666666666666667,738,141,738,21,0,11,88,24,4,7,74,4.376,146.8,2.877,98.106,1.5,0.525,0.965,0.87,austen
1380,0,513,387,0,0,2,0,2,0.25,525,116,525,28,0,12,87,24,0,10,59,3.724,104.2,2.324,110.929,1.381,0.509,0.957,0.858,austen
1381,0,477,383,0,0,1,0,1,1.0,485,92,485,8,0,8,52,24,0,3,53,4.359,96.2,2.328,78.446,1.394,0.576,0.946,0.878,chesterton
1382,0,350,274,0,0,0,0,0,2.0,355,77,355,14,0,5,56,26,0,0,43,3.805,70.2,2.519,36.396,1.4,0.558,0.935,0.866,austen
1383,0,567,429,0,0,2,0,0,0.5,585,135,585,26,0,18,102,24,1,9,64,3.533,116.2,2.047,26.357,1.552,0.474,0.963,0.848,austen
1384,0,480,367,0,0,3,1,0,3.0,496,103,496,23,0,16,66,24,3,16,42,4.0,98.4,2.453,69.648,1.537,0.408,0.951,0.806,chesterton
1385,0,322,241,0,1,0,0,0,4.0,333,78,333,16,0,11,59,24,3,5,43,3.449,65.8,2.231,55.088,1.393,0.551,0.936,0.863,chesterton
1386,0,620,487,0,0,1,0,0,0.5,633,128,633,23,0,13,87,25,3,7,74,4.102,125.8,2.593,48.174,1.376,0.578,0.961,0.887,austen
1387,0,406,315,0,0,2,1,0,0.5,417,86,417,15,0,11,60,24,1,10,53,4.012,82.6,2.499,57.83,1.284,0.616,0.942,0.891,austen
1388,0,626,465,0,0,5,0,0,5.0,635,145,635,35,0,9,103,23,1,19,78,3.579,126.2,2.197,27.472,1.526,0.538,0.966,0.875,chesterton
1389,2,648,511,0,0,0,0,0,7.0,671,137,671,14,0,23,84,24,0,2,65,4.0,133.4,2.176,72.631,1.489,0.474,0.964,0.848,chesterton
1390,0,579,429,0,1,0,0,2,1.0,618,145,618,32,0,39,104,24,2,18,63,3.448,122.8,2.279,146.58,1.576,0.434,0.966,0.833,shakespeare
1391,0,550,437,0,0,1,1,0,2.0,557,111,557,13,0,7,69,24,0,3,70,4.135,110.6,2.168,37.574,1.306,0.631,0.955,0.902,chesterton
1392,0,342,253,0,0,4,2,0,2.0,351,80,351,24,0,9,55,23,0,8,47,3.675,69.4,2.26,50.713,1.429,0.588,0.938,0.879,chesterton
1393,0,280,217,0,0,0,0,0,3.0,297,62,297,8,0,17,39,22,0,3,39,3.903,58.6,2.148,50.257,1.216,0.629,0.919,0.888,shakespeare
1394,0,595,461,0,0,2,1,0,4.0,605,128,605,25,0,10,92,24,3,9,68,3.906,120.2,2.555,158.953,1.438,0.531,0.961,0.87,chesterton
1395,0,190,143,0,0,1,0,0,1.0,198,43,198,9,0,8,29,23,0,6,34,3.791,38.8,2.284,22.073,1.132,0.791,0.884,0.938,austen
1396,0,136,99,0,0,0,1,0,1.0,146,35,146,10,0,10,26,21,0,1,27,3.4,28.4,2.061,34.414,1.129,0.771,0.857,0.927,shakespeare
1397,0,302,231,0,0,1,4,0,2.0,309,64,309,14,0,7,41,23,0,6,34,4.0,61.0,2.643,47.381,1.333,0.531,0.922,0.848,chesterton
1398,0,536,409,0,0,2,0,0,3.0,544,120,544,26,0,8,86,24,0,12,55,3.733,108.0,2.553,93.191,1.579,0.458,0.958,0.837,austen
1399,0,374,284,0,0,2,0,0,0.5,380,85,380,14,0,6,60,23,0,8,50,3.624,75.2,2.0,40.764,1.288,0.588,0.941,0.881,chesterton
1400,0,431,334,0,1,2,0,1,1.0,439,91,439,19,0,8,65,23,1,11,53,4.011,87.0,2.631,55.295,1.282,0.582,0.945,0.88,austen
1401,0,237,179,0,0,1,1,0,1.0,247,55,247,10,0,10,41,24,0,6,40,3.655,48.6,2.413,18.823,1.17,0.727,0.909,0.921,austen
1402,0,828,655,0,0,0,0,0,3.0,839,174,839,17,0,11,119,24,1,3,77,3.925,167.0,2.227,61.575,1.657,0.443,0.971,0.842,chesterton
1403,0,220,168,0,1,0,0,3,1.0,231,48,231,10,0,11,33,23,0,1,25,3.938,45.4,2.935,15.646,1.333,0.521,0.896,0.831,austen
1404,0,452,333,0,0,4,2,0,1.0,466,108,466,27,0,14,81,25,1,16,55,3.556,92.4,2.057,50.103,1.521,0.509,0.954,0.856,chesterton
1405,0,224,161,0,1,1,1,1,3.0,232,58,232,14,0,8,44,23,0,7,35,3.207,45.6,2.39,26.169,1.289,0.603,0.914,0.876,austen
1406,0,939,763,0,0,0,0,0,4.0,950,172,950,21,0,11,96,24,1,3,85,4.622,189.2,2.892,54.706,1.536,0.494,0.971,0.863,chesterton
1407,0,360,255,0,0,4,0,1,1.0,373,95,373,27,0,13,77,23,1,18,36,3.211,73.8,1.867,47.315,1.667,0.379,0.947,0.787,chesterton
1408,0,512,404,0,0,1,0,0,1.0,525,106,525,19,0,13,66,24,0,6,59,4.151,104.2,2.64,23.446,1.395,0.557,0.953,0.874,chesterton
1409,0,708,565,0,0,1,0,0,10.0,715,143,715,12,0,7,97,23,0,4,65,4.098,142.2,2.436,56.238,1.474,0.455,0.965,0.841,chesterton
1410,0,255,186,0,0,3,0,1,1.0,263,60,263,18,0,8,44,24,0,15,33,3.65,51.8,2.869,48.946,1.395,0.55,0.917,0.854,austen
1411,0,236,169,0,0,3,2,0,1.0,243,58,243,18,0,7,45,23,1,10,32,3.483,47.8,2.088,43.597,1.415,0.552,0.914,0.854,chesterton
1412,0,331,240,0,0,1,1,2,2.0,341,85,341,19,0,10,70,24,0,11,44,3.2,67.4,2.058,68.292,1.417,0.518,0.941,0.852,austen
1413,0,314,235,1,0,2,0,0,0.8,325,77,325,13,0,11,58,25,0,9,42,3.429,64.2,2.185,30.136,1.351,0.545,0.935,0.86,austen
1414,5,323,235,0,0,2,0,0,1.0,357,80,357,20,0,34,57,23,0,16,42,3.663,70.6,2.5,75.105,1.379,0.525,0.938,0.853,chesterton
1415,0,62,43,0,0,0,0,0,1.0,68,19,68,6,0,6,15,17,0,2,10,2.895,12.8,1.823,10.986,1.357,0.526,0.737,0.782,shakespeare
1416,0,862,688,0,0,0,0,0,3.0,870,173,870,20,0,8,121,26,1,2,85,4.139,173.2,2.582,77.651,1.545,0.491,0.971,0.862,chesterton
1417,0,641,503,0,0,0,0,0,5.0,647,136,647,19,0,6,99,24,0,2,69,3.882,128.6,2.639,83.521,1.545,0.507,0.963,0.862,chesterton
1418,0,731,561,0,0,2,0,0,7.0,741,162,741,25,0,10,117,24,0,15,73,3.71,147.4,2.289,62.716,1.558,0.451,0.969,0.843,chesterton
1419,0,731,580,0,0,0,0,0,3.0,747,149,747,16,0,16,96,26,0,2,79,4.107,148.6,2.354,77.284,1.52,0.53,0.966,0.873,chesterton
1420,0,664,493,0,0,4,0,2,5.0,678,146,678,42,0,14,108,25,0,23,64,3.815,134.8,2.787,118.447,1.553,0.438,0.966,0.835,austen
1421,3,553,432,0,0,0,0,0,1.0,575,122,575,10,0,22,83,26,0,6,52,3.803,114.2,1.978,97.05,1.584,0.426,0.959,0.822,chesterton
1422,2,926,739,0,0,0,0,0,0.14285714285714285,952,180,952,26,0,26,120,26,2,11,86,4.394,189.6,2.796,162.64,1.622,0.478,0.972,0.858,austen
1423,1,483,386,0,0,0,0,0,1.0,495,98,495,9,0,12,68,23,0,1,41,4.153,98.2,2.657,47.84,1.607,0.418,0.949,0.81,chesterton
1424,0,445,334,0,0,2,0,0,3.0,453,108,453,19,0,8,87,24,2,10,54,3.38,89.8,2.063,60.197,1.421,0.5,0.954,0.852,chesterton
1425,0,816,630,0,0,0,0,0,2.0,836,186,836,23,0,20,136,25,0,9,78,3.618,166.4,2.141,47.226,1.771,0.419,0.973,0.834,chesterton
1426,0,285,218,0,0,0,1,0,1.0,303,65,303,12,0,18,40,22,0,1,39,3.815,59.8,2.022,63.433,1.3,0.6,0.923,0.878,shakespeare
1427,0,74,50,0,0,0,1,0,1.0,80,24,80,8,0,6,20,16,0,0,10,2.667,15.2,1.633,11.212,1.6,0.417,0.792,0.725,shakespeare
1428,0,670,538,0,0,0,0,0,0.3333333333333333,678,132,678,15,0,8,87,24,0,4,63,4.25,134.8,2.685,104.279,1.535,0.477,0.962,0.849,austen
1429,0,522,411,0,0,1,0,0,2.0,531,109,531,15,0,9,72,24,1,3,55,4.009,105.4,2.167,58.295,1.416,0.505,0.954,0.854,chesterton
1430,0,906,727,0,1,0,0,0,6.0,919,176,919,16,0,13,115,26,0,2,81,4.295,183.0,2.732,98.138,1.571,0.46,0.972,0.85,chesterton
1431,0,377,289,0,0,1,0,1,1.0,388,83,388,16,0,11,60,24,1,8,46,3.843,76.8,2.583,53.635,1.407,0.554,0.94,0.866,austen
1432,0,378,291,0,0,0,1,0,2.0,393,86,393,17,0,15,61,24,2,6,50,3.756,77.8,2.326,134.464,1.344,0.581,0.942,0.878,shakespeare
1433,16,466,344,0,2,0,0,0,1.0,556,110,556,20,8,90,65,26,0,23,62,4.2,110.4,2.688,59.794,1.325,0.564,0.955,0.878,chesterton
1434,0,364,276,0,0,2,2,0,1.0,375,83,375,19,0,11,63,23,3,9,49,3.735,74.2,2.519,37.93,1.339,0.59,0.94,0.881,chesterton
1435,0,387,308,0,0,0,0,0,0.25,394,80,394,12,0,7,54,24,2,3,44,4.088,78.0,2.654,39.693,1.356,0.55,0.938,0.864,austen
1436,0,628,501,0,0,0,0,0,0.14285714285714285,636,120,636,23,0,8,76,24,2,7,48,4.433,126.4,2.777,78.328,1.644,0.4,0.958,0.809,austen
1437,0,322,243,0,0,2,0,4,1.0,327,69,327,18,0,5,46,23,0,8,34,3.913,64.6,2.548,61.199,1.408,0.493,0.928,0.833,austen
1438,0,364,274,0,0,0,1,0,1.0,388,88,388,18,0,24,59,24,0,4,50,3.591,76.8,2.026,67.651,1.313,0.568,0.943,0.874,shakespeare
1439,0,866,635,0,1,0,1,3,0.5,885,213,885,46,0,19,164,24,0,22,81,3.286,176.2,2.011,90.817,1.836,0.38,0.977,0.82,austen
1440,0,386,300,0,0,0,0,0,6.0,392,87,392,11,0,6,63,23,0,3,46,3.644,77.6,2.406,30.997,1.426,0.529,0.943,0.857,austen
1441,0,127,94,0,0,0,1,0,1.0,134,33,134,4,0,7,26,20,0,3,20,3.182,26.0,1.509,27.505,1.179,0.606,0.848,0.857,shakespeare
1442,0,625,474,0,0,4,0,0,1.0,634,145,634,24,0,9,104,24,0,11,73,3.552,126.0,2.007,68.502,1.51,0.503,0.966,0.862,chesterton
1443,0,580,451,0,0,2,1,0,2.0,585,123,585,25,0,5,81,25,0,7,65,3.959,116.2,2.517,94.022,1.482,0.528,0.959,0.867,chesterton
1444,0,97,71,0,1,0,0,0,2.0,101,23,101,8,0,4,14,21,0,2,16,3.609,19.4,2.759,25.205,1.278,0.696,0.783,0.884,austen
1445,0,286,211,0,0,3,0,1,2.0,294,69,294,19,0,8,51,23,3,15,38,3.551,58.0,2.153,30.96,1.38,0.551,0.928,0.859,chesterton
1446,0,355,275,0,0,0,0,2,0.5,366,74,366,14,0,11,50,24,0,4,47,4.054,72.4,2.828,50.9,1.276,0.635,0.932,0.895,austen
1447,0,374,290,0,0,1,1,0,2.0,380,81,380,12,0,6,57,23,1,7,54,3.84,75.2,2.205,28.56,1.246,0.667,0.938,0.908,chesterton
1448,0,504,382,0,0,3,0,0,0.5,516,114,516,31,0,12,84,24,1,14,60,3.789,102.4,2.738,40.501,1.425,0.526,0.956,0.864,austen
1449,0,316,228,0,0,0,1,2,0.3333333333333333,329,76,329,23,0,13,59,24,0,9,39,3.487,65.0,2.03,64.323,1.407,0.513,0.934,0.846,austen
1450,0,680,518,0,0,1,0,0,3.0,693,159,693,21,0,13,120,26,0,8,67,3.491,137.8,2.11,58.862,1.639,0.421,0.969,0.83,austen
1451,0,522,415,1,0,0,0,0,7.0,528,108,528,13,0,6,77,25,0,2,58,4.019,104.8,2.788,45.362,1.521,0.537,0.954,0.867,austen
1452,0,101,78,0,0,0,1,0,1.0,108,23,108,5,0,7,17,22,0,1,17,3.913,20.8,3.175,15.32,1.211,0.739,0.783,0.904,shakespeare
1453,0,569,445,0,0,0,0,0,1.0,578,124,578,14,0,9,86,23,3,9,52,3.774,114.8,2.171,33.767,1.59,0.419,0.96,0.82,chesterton
1454,0,361,277,0,0,2,0,0,2.0,366,81,366,13,0,5,57,24,0,5,44,3.691,72.4,2.311,46.629,1.373,0.543,0.938,0.861,chesterton
1455,0,281,210,0,0,0,1,0,3.0,296,67,296,16,1,15,48,21,0,4,34,3.612,58.4,2.303,92.419,1.34,0.507,0.925,0.839,shakespeare
1456,0,646,488,0,0,2,2,2,0.4,658,143,658,33,0,12,100,23,0,15,56,3.755,130.8,2.356,55.648,1.607,0.392,0.965,0.811,austen
1457,0,2039,1569,1,0,0,2,2,0.4,2070,446,2070,85,0,31,319,26,1,44,159,3.778,413.2,2.546,471.578,2.055,0.357,0.989,0.831,austen
1458,0,802,637,0,0,0,0,0,2.0,814,165,814,15,0,12,106,24,0,6,91,4.024,162.0,2.366,68.044,1.435,0.552,0.97,0.883,chesterton
1459,0,356,278,0,0,0,0,1,0.2,363,78,363,13,0,7,53,26,0,1,37,3.821,71.8,2.612,33.863,1.56,0.474,0.936,0.829,austen
1460,0,619,493,0,0,0,0,0,2.0,625,120,625,19,0,6,76,23,0,7,72,4.333,124.2,2.766,45.68,1.304,0.6,0.958,0.893,chesterton
1461,0,70,49,0,0,0,1,0,1.0,76,21,76,6,0,6,18,19,2,2,15,2.905,14.4,1.609,9.476,1.105,0.714,0.762,0.889,shakespeare
1462,0,240,180,0,0,0,0,0,1.0,250,57,250,12,0,10,39,22,1,3,35,3.544,49.2,2.307,52.737,1.239,0.614,0.912,0.879,shakespeare
1463,0,192,132,0,0,3,1,0,1.0,201,51,201,20,0,9,38,22,0,12,27,3.314,39.4,2.102,23.544,1.417,0.529,0.902,0.838,chesterton
1464,0,354,264,0,0,2,0,1,1.0,366,86,366,17,0,12,62,23,0,9,41,3.465,72.4,1.998,44.898,1.458,0.477,0.942,0.834,chesterton
1465,0,366,278,0,0,1,0,0,1.0,377,86,377,17,0,11,60,23,1,12,57,3.581,74.6,2.344,32.723,1.303,0.663,0.942,0.908,austen
1466,0,1015,813,0,0,0,0,0,0.14285714285714285,1031,202,1031,22,0,16,132,25,1,5,79,4.213,205.4,2.645,101.599,1.788,0.391,0.975,0.823,austen
1467,0,744,580,0,0,0,0,0,0.5,757,157,757,28,0,13,106,25,0,7,70,3.955,150.6,2.453,74.641,1.653,0.446,0.968,0.84,austen
1468,0,492,381,0,0,0,0,0,3.0,500,112,500,14,0,8,76,23,0,5,57,3.598,99.2,2.158,36.595,1.474,0.509,0.955,0.857,chesterton
1469,0,732,558,0,0,3,0,0,1.0,750,166,750,33,0,18,124,24,5,23,71,3.705,149.2,2.489,101.381,1.694,0.428,0.97,0.834,chesterton
1470,0,830,620,0,0,0,0,1,1.0,848,172,848,22,32,18,112,26,2,13,81,4.023,168.8,2.413,142.649,1.483,0.471,0.971,0.854,chesterton
1471,0,833,643,1,0,2,0,2,0.25,852,175,852,40,0,19,116,25,2,15,84,4.034,169.6,2.493,117.847,1.591,0.48,0.971,0.858,austen
1472,0,618,482,0,1,1,0,0,0.3333333333333333,635,132,635,21,0,17,94,25,0,7,68,3.962,126.2,2.368,126.181,1.435,0.515,0.962,0.864,austen
1473,0,615,489,0,0,1,1,0,1.0,621,125,621,18,0,6,84,25,0,6,72,4.128,123.4,2.691,64.655,1.389,0.576,0.96,0.886,chesterton
1474,0,437,330,0,0,0,2,0,1.0,461,103,461,19,0,24,67,23,1,9,63,3.621,91.4,2.025,46.431,1.321,0.612,0.951,0.894,shakespeare
1475,0,130,95,0,0,0,1,0,1.0,139,35,139,7,0,9,28,22,0,4,23,3.171,27.0,1.948,20.285,1.207,0.657,0.857,0.882,shakespeare
1476,0,832,660,0,0,0,0,0,2.0,837,169,837,20,0,5,108,24,0,6,83,4.065,166.6,2.435,90.406,1.536,0.491,0.97,0.861,chesterton
1477,0,686,533,0,0,0,0,0,5.0,694,152,694,20,0,8,113,26,0,4,76,3.697,138.0,2.217,86.64,1.535,0.5,0.967,0.862,chesterton
1478,2,309,226,0,0,0,0,4,1.0,330,69,330,24,0,21,48,24,1,13,35,3.942,65.2,3.171,57.199,1.468,0.507,0.928,0.84,austen
1479,0,706,546,0,0,0,0,0,2.0,742,156,742,26,0,36,104,24,0,13,76,3.897,147.6,2.337,129.022,1.458,0.487,0.968,0.858,shakespeare
1480,0,712,541,0,0,3,0,0,0.3333333333333333,728,162,728,29,0,16,124,24,2,14,57,3.66,144.8,2.349,134.814,1.723,0.352,0.969,0.795,austen
1481,0,145,111,0,0,0,0,0,1.0,156,34,156,5,0,11,23,23,0,5,21,3.735,30.4,2.233,40.116,1.172,0.618,0.853,0.863,shakespeare
1482,0,1346,1035,0,0,0,1,1,0.3,1362,288,1362,62,0,16,201,26,0,14,106,3.865,271.6,2.483,158.214,1.811,0.368,0.983,0.823,austen
1483,0,399,305,0,0,1,0,0,0.2,412,89,412,18,0,13,65,25,2,10,46,3.809,81.6,2.142,60.094,1.328,0.517,0.944,0.853,austen
1484,0,940,744,0,0,0,0,0,1.0,959,190,959,25,0,19,123,26,5,12,84,4.147,191.0,2.364,79.347,1.712,0.442,0.974,0.844,chesterton
1485,0,738,597,0,0,0,0,0,3.0,743,142,743,15,0,5,83,24,2,1,75,4.345,147.8,2.527,77.442,1.479,0.528,0.965,0.871,chesterton
1486,0,1652,1285,0,0,0,0,1,1.5,1674,345,1674,71,0,22,227,25,3,19,128,3.994,334.0,2.421,273.207,1.906,0.371,0.986,0.83,austen
1487,0,361,269,0,0,0,3,0,1.0,380,87,380,13,0,19,66,24,0,8,43,3.46,75.2,1.981,118.329,1.381,0.494,0.943,0.842,shakespeare
1488,0,220,163,0,0,0,0,0,1.0,239,57,239,10,0,19,43,23,0,6,30,3.368,47.0,2.304,40.921,1.39,0.526,0.912,0.841,shakespeare
1489,0,396,300,0,0,3,1,0,3.0,403,89,403,17,0,7,64,22,0,12,40,3.719,79.8,2.374,43.419,1.508,0.449,0.944,0.822,chesterton
1490,0,1037,827,0,2,0,0,0,1.5,1050,208,1050,35,0,13,134,26,3,3,97,4.207,209.2,2.815,79.559,1.564,0.466,0.976,0.857,austen
1491,0,939,745,0,0,0,0,0,0.1111111111111111,958,194,958,26,0,19,134,25,0,3,86,4.072,190.8,2.515,114.894,1.702,0.443,0.974,0.846,austen
1492,0,453,350,0,0,0,0,0,3.5,460,104,460,14,0,7,77,23,0,4,51,3.567,91.2,2.224,63.673,1.507,0.49,0.952,0.847,austen
1493,0,1230,933,0,1,0,0,1,0.25,1250,249,1250,76,0,20,161,26,1,19,116,4.133,249.2,2.488,109.796,1.596,0.466,0.98,0.862,austen
1494,0,777,596,0,0,5,0,0,1.0,788,165,788,34,0,11,114,26,0,19,80,3.945,156.8,2.413,90.159,1.528,0.485,0.97,0.858,chesterton
1495,4,572,432,0,1,0,0,0,1.0,605,104,605,16,28,33,59,27,0,14,54,4.894,120.2,3.306,45.773,1.316,0.519,0.952,0.859,chesterton
1496,0,1185,957,0,0,0,0,0,0.14285714285714285,1206,228,1206,23,0,21,149,26,2,5,76,4.39,240.4,2.833,187.788,1.932,0.333,0.978,0.798,austen
1497,0,971,742,0,0,2,0,0,0.1111111111111111,992,208,992,52,0,21,145,24,5,22,80,3.938,197.6,2.5,174.05,1.763,0.385,0.976,0.821,austen
1498,0,421,322,0,0,1,1,0,3.0,434,97,434,16,0,13,67,24,0,8,53,3.66,86.0,2.402,74.041,1.386,0.546,0.948,0.868,austen
1499,0,357,270,0,0,0,0,0,1.0,362,88,362,11,0,5,67,23,2,5,39,3.25,71.6,1.808,19.295,1.517,0.443,0.943,0.818,chesterton
1500,0,926,723,0,2,1,0,0,0.75,946,198,946,34,0,20,139,26,1,10,81,3.939,188.4,2.58,85.474,1.722,0.409,0.975,0.831,austen
1501,0,509,412,0,0,0,0,0,1.0,519,95,519,12,0,10,57,25,0,0,52,4.568,103.0,2.901,89.797,1.439,0.547,0.947,0.868,austen
1502,0,474,380,0,0,0,0,0,0.2,482,95,482,12,0,8,62,24,0,2,52,4.211,95.6,2.629,37.793,1.357,0.547,0.947,0.868,austen
1503,0,152,116,0,0,0,0,0,1.0,164,35,164,7,0,12,25,22,0,2,27,3.857,32.0,2.002,33.144,1.167,0.771,0.857,0.927,shakespeare
1504,0,298,223,0,0,0,1,0,1.0,313,70,313,17,0,15,43,22,1,9,45,3.643,61.8,2.39,98.619,1.296,0.643,0.929,0.896,shakespeare
1505,0,336,253,0,0,2,0,1,2.0,343,79,343,16,0,7,60,23,0,9,46,3.57,67.8,2.346,51.183,1.317,0.582,0.937,0.876,chesterton
1506,0,232,177,0,0,0,0,0,2.0,246,55,246,11,0,14,39,23,0,4,29,3.673,48.4,2.546,61.978,1.31,0.527,0.909,0.84,shakespeare
1507,0,559,423,0,0,4,0,0,2.0,567,126,567,35,0,8,96,24,3,19,48,3.77,112.6,3.215,53.154,1.703,0.381,0.96,0.8,chesterton
1508,0,455,349,0,0,2,0,0,1.0,466,99,466,17,0,11,74,24,0,9,52,3.848,92.4,2.318,52.224,1.394,0.525,0.949,0.86,austen
1509,0,210,147,0,0,3,1,2,1.0,221,52,221,20,0,11,36,20,0,16,23,3.558,43.4,2.547,38.024,1.444,0.442,0.904,0.794,austen
1510,0,34,22,0,0,0,1,0,1.0,40,12,40,4,0,6,11,14,0,1,7,2.667,7.2,1.435,4.494,1.333,0.583,0.583,0.783,shakespeare
1511,0,559,443,0,0,0,0,0,3.0,573,115,573,15,0,14,74,24,0,1,60,4.104,113.8,2.539,67.31,1.494,0.522,0.957,0.863,chesterton
1512,0,425,308,0,0,3,0,2,1.0,437,100,437,35,0,12,73,24,1,16,59,3.63,86.6,2.394,91.04,1.389,0.59,0.95,0.885,austen
1513,0,173,140,0,0,0,0,0,2.0,174,33,174,3,0,1,21,22,0,1,23,4.364,174.0,2.759,0.0,1.138,0.697,0.97,0.897,chesterton
1514,0,489,370,0,0,5,0,0,2.0,498,111,498,25,0,9,73,24,0,13,51,3.748,98.8,2.051,39.833,1.632,0.459,0.955,0.835,chesterton
1515,0,333,257,0,0,0,0,2,1.0,344,73,344,12,0,11,55,25,0,5,43,3.849,68.0,2.425,37.855,1.327,0.589,0.932,0.877,austen
1516,0,762,599,0,0,1,0,0,1.0,781,158,781,20,0,19,104,24,0,10,66,4.057,155.4,2.765,61.598,1.612,0.418,0.968,0.828,chesterton
1517,0,408,308,0,0,0,0,1,1.0,423,100,423,17,0,15,75,25,1,10,51,3.4,83.8,2.331,74.901,1.471,0.51,0.95,0.854,austen
1518,0,55,38,0,0,0,1,0,1.0,61,17,61,5,0,6,15,18,0,0,12,2.882,11.4,1.764,8.989,1.214,0.706,0.706,0.877,shakespeare
1519,0,210,162,0,0,0,1,0,1.0,215,47,215,8,0,5,31,23,0,3,36,3.745,42.2,2.409,32.729,1.146,0.766,0.894,0.931,austen
1520,0,394,305,1,0,0,0,2,0.3333333333333333,400,81,400,17,0,6,56,24,0,5,52,4.062,79.2,2.955,128.574,1.246,0.642,0.938,0.899,austen
1521,0,187,140,0,0,1,0,1,1.0,193,41,193,12,0,6,27,23,0,7,33,3.927,37.8,2.161,27.151,1.108,0.805,0.878,0.942,chesterton
1522,0,197,142,0,0,2,0,0,0.5,204,51,204,13,0,7,42,21,0,6,29,3.255,40.0,1.885,22.237,1.342,0.569,0.902,0.856,austen
1523,0,324,255,0,0,0,0,0,0.2,331,69,331,10,0,7,48,23,0,3,39,3.957,65.4,2.631,11.929,1.38,0.565,0.928,0.865,austen
1524,0,230,174,0,0,0,0,0,3.0,242,55,242,9,0,12,39,25,0,2,32,3.545,47.6,2.044,61.174,1.279,0.582,0.909,0.865,shakespeare
1525,0,239,170,0,0,3,1,0,1.0,244,64,244,18,0,5,51,24,0,8,42,3.109,48.0,1.903,25.836,1.28,0.656,0.922,0.899,austen
1526,0,271,209,0,0,0,0,0,1.0,288,62,288,11,0,17,38,24,0,6,41,3.823,56.8,2.162,63.97,1.216,0.661,0.919,0.9,shakespeare
1527,0,1402,1065,0,0,0,0,1,0.8181818181818182,1423,309,1423,72,0,21,222,24,2,26,108,3.751,283.8,2.324,361.711,1.931,0.35,0.984,0.817,austen
1528,0,284,204,0,0,3,1,0,2.0,290,69,290,25,0,6,51,23,2,13,39,3.522,57.2,2.33,27.344,1.38,0.565,0.928,0.865,chesterton
1529,0,469,361,0,0,1,0,0,4.0,487,105,487,15,0,18,76,24,0,10,63,3.781,96.6,2.345,35.823,1.364,0.6,0.952,0.89,chesterton
1530,0,461,365,0,0,1,0,1,1.3333333333333333,466,93,466,15,0,5,63,25,1,4,62,4.161,92.4,2.534,51.189,1.24,0.667,0.946,0.911,chesterton
1531,0,152,114,0,0,0,1,0,1.0,159,34,159,9,0,7,24,22,0,2,30,3.824,31.0,2.342,24.839,1.062,0.882,0.853,0.965,shakespeare
1532,0,849,661,0,1,2,0,1,3.0,862,181,862,26,0,13,125,26,0,8,77,3.89,171.6,2.584,149.319,1.631,0.425,0.972,0.836,chesterton
1533,0,160,105,0,1,1,0,0,0.5,171,48,171,18,0,11,42,22,1,11,28,2.833,33.4,1.521,14.064,1.371,0.583,0.896,0.861,austen
1534,0,415,323,0,0,2,1,0,4.0,426,87,426,15,0,11,55,24,1,7,50,4.057,84.4,2.359,115.448,1.318,0.575,0.943,0.876,chesterton
1535,0,615,493,0,0,0,0,1,0.5,635,120,635,17,0,20,74,25,0,4,72,4.433,126.2,2.725,57.738,1.395,0.6,0.958,0.893,austen
1536,0,328,239,0,0,1,0,0,1.0,342,76,342,22,4,14,54,25,0,10,43,3.711,67.6,2.555,41.956,1.407,0.566,0.934,0.868,austen
1537,0,436,327,0,0,3,1,1,0.3333333333333333,448,98,448,25,0,12,70,26,0,11,50,3.776,88.8,2.456,110.439,1.485,0.51,0.949,0.853,austen
1538,0,488,383,0,0,0,0,1,1.0,495,104,495,15,0,7,70,24,0,4,62,3.894,98.2,2.461,76.044,1.333,0.596,0.952,0.889,austen
1539,0,350,253,0,2,2,0,0,1.0,360,88,360,26,0,10,64,22,0,8,47,3.33,71.2,2.201,37.466,1.443,0.534,0.943,0.86,austen
1540,0,245,189,0,0,0,0,0,1.0,256,56,256,9,0,11,41,23,0,2,35,3.732,50.4,2.416,66.688,1.302,0.625,0.911,0.883,shakespeare
1541,0,705,563,0,0,0,0,0,0.16666666666666666,713,143,713,17,0,8,93,25,0,3,72,4.112,141.8,2.456,137.181,1.538,0.503,0.965,0.862,austen
1542,0,848,663,0,0,1,1,0,5.0,855,178,855,29,0,7,119,25,3,10,77,3.944,170.2,2.623,85.081,1.633,0.433,0.972,0.838,chesterton
1543,0,378,283,0,0,2,0,3,0.5,388,87,388,20,0,10,62,23,0,8,45,3.644,76.8,2.085,60.33,1.359,0.517,0.943,0.852,austen
1544,0,264,204,0,0,0,0,1,1.0,272,59,272,11,0,8,39,22,0,4,42,3.814,53.6,2.27,43.108,1.229,0.712,0.915,0.917,chesterton
1545,0,475,369,0,0,1,0,0,5.0,481,105,481,13,0,6,78,24,0,4,57,3.714,95.4,2.448,44.992,1.364,0.543,0.952,0.869,chesterton
1546,0,335,252,0,0,0,1,0,2.0,341,82,341,13,0,6,60,23,0,7,39,3.305,67.4,1.762,22.788,1.367,0.476,0.939,0.831,austen
1547,0,315,240,0,0,1,3,0,1.0,330,72,330,11,0,15,53,24,1,8,43,3.722,65.2,2.247,33.267,1.286,0.597,0.931,0.879,austen
1548,0,506,394,0,0,0,0,0,0.25,518,107,518,20,0,12,76,24,1,6,55,3.981,102.8,2.359,110.269,1.486,0.514,0.953,0.858,austen
1549,0,355,265,0,0,3,1,0,5.0,363,83,363,19,0,8,56,23,0,8,42,3.602,71.8,1.938,62.375,1.456,0.506,0.94,0.846,chesterton
1550,0,690,526,0,0,0,0,0,0.25,705,163,705,19,0,15,128,25,0,9,58,3.442,140.2,2.088,77.021,1.831,0.356,0.969,0.797,austen
1551,0,136,104,0,0,0,1,0,1.0,143,31,143,5,0,7,21,21,0,0,24,3.742,27.8,2.25,21.417,1.107,0.774,0.839,0.925,shakespeare
1552,5,176,129,0,0,0,0,0,2.0,197,48,197,7,0,21,38,22,0,7,32,3.292,38.6,1.701,35.767,1.143,0.667,0.896,0.895,chesterton
1553,0,749,604,0,0,0,0,0,1.0,763,146,763,15,0,14,94,25,1,2,81,4.336,151.8,2.747,42.576,1.431,0.555,0.966,0.882,chesterton
1554,0,441,342,0,0,2,1,1,3.0,448,93,448,18,0,7,64,26,0,5,55,3.989,88.8,2.447,82.306,1.31,0.591,0.946,0.884,chesterton
1555,0,1102,872,0,0,0,0,0,0.16666666666666666,1117,221,1117,42,0,15,142,25,1,8,104,4.204,222.6,2.632,140.294,1.625,0.471,0.977,0.86,austen
1556,0,189,144,0,0,0,0,0,1.0,203,42,203,11,0,14,27,22,0,6,29,4.024,39.8,2.673,42.611,1.2,0.69,0.881,0.901,shakespeare
1557,0,103,74,0,0,0,0,0,1.0,115,28,115,11,0,12,20,20,0,2,15,3.464,22.2,2.728,23.339,1.4,0.536,0.821,0.813,shakespeare
1558,0,509,389,0,0,3,2,0,3.0,517,109,517,25,0,8,76,26,0,8,51,3.927,102.6,2.811,89.263,1.493,0.468,0.954,0.838,chesterton
1559,0,744,568,0,0,2,0,0,5.0,760,173,760,26,0,16,131,25,0,16,74,3.555,151.2,2.271,120.533,1.73,0.428,0.971,0.835,austen
1560,0,960,750,0,0,1,0,1,0.42857142857142855,977,194,977,37,0,17,133,24,2,13,79,4.155,194.6,2.577,180.414,1.687,0.407,0.974,0.829,austen
1561,0,817,642,0,0,1,0,1,0.6666666666666666,832,164,832,25,0,15,101,25,2,13,65,4.177,165.6,2.595,192.777,1.624,0.396,0.97,0.819,austen
1562,2,387,300,0,0,0,0,0,0.5,409,86,409,12,0,22,58,25,0,6,57,3.884,81.0,2.313,75.608,1.265,0.663,0.942,0.908,austen
1563,0,569,431,0,0,3,0,0,0.4,579,133,579,19,0,10,101,23,0,12,61,3.519,115.0,1.816,62.121,1.529,0.459,0.962,0.841,chesterton
1564,0,569,446,0,0,0,0,0,1.0,584,121,584,16,0,15,81,24,0,8,67,3.942,116.0,2.413,114.261,1.375,0.554,0.959,0.877,austen
1565,0,592,466,0,1,0,0,0,2.0,605,123,605,20,0,13,80,24,0,3,65,4.057,120.2,2.571,35.696,1.538,0.528,0.959,0.867,chesterton
1566,0,603,425,0,2,2,2,1,1.0,623,154,623,42,0,20,123,25,1,25,64,3.195,123.8,1.927,126.138,1.588,0.416,0.968,0.826,austen
1567,0,636,513,0,0,0,0,0,1.6666666666666667,642,121,642,14,0,6,71,26,0,1,73,4.405,127.6,2.638,98.287,1.344,0.603,0.959,0.895,chesterton
1568,0,286,214,0,0,0,1,0,1.0,301,71,301,13,0,15,55,23,0,4,47,3.408,59.4,2.06,57.117,1.268,0.662,0.93,0.903,shakespeare
1569,0,960,771,0,1,0,0,0,3.0,973,188,973,20,0,13,116,27,3,4,95,4.277,193.8,2.634,115.383,1.541,0.505,0.973,0.87,chesterton
1570,0,186,141,0,0,1,0,0,1.0,190,45,190,8,0,4,33,23,0,6,33,3.444,37.2,2.262,19.499,1.184,0.733,0.889,0.919,austen
1571,0,165,112,0,0,2,1,1,1.0,174,46,174,17,0,9,35,22,0,10,27,3.109,34.0,2.046,35.993,1.278,0.587,0.891,0.861,austen
1572,0,386,294,0,2,1,0,2,1.0,393,87,393,18,0,7,63,24,0,7,48,3.701,77.8,2.552,61.108,1.359,0.552,0.943,0.867,austen
1573,0,316,238,0,0,2,1,1,4.0,324,75,324,17,0,8,54,23,2,9,47,3.573,64.0,2.231,51.127,1.271,0.627,0.933,0.892,chesterton
1574,0,581,454,0,0,0,0,0,1.0,591,125,591,21,0,10,86,23,0,11,60,3.888,117.4,2.742,92.018,1.488,0.48,0.96,0.848,austen
1575,0,1149,835,0,1,0,1,0,0.1,1171,289,1171,57,0,22,234,25,2,32,66,3.163,233.4,1.731,216.529,2.312,0.228,0.983,0.739,austen
1576,0,370,278,0,0,1,1,0,0.3333333333333333,376,89,376,16,0,6,71,23,0,8,51,3.404,74.4,2.245,31.793,1.369,0.573,0.944,0.876,austen
1577,0,186,140,0,0,2,0,2,1.0,194,42,194,12,0,8,28,25,0,6,29,3.905,38.0,2.477,18.055,1.2,0.69,0.881,0.901,austen
1578,0,773,609,0,0,1,0,2,0.5,790,153,790,29,0,17,96,24,1,10,75,4.294,157.2,2.618,71.601,1.515,0.49,0.967,0.858,austen
1579,0,355,276,0,0,0,0,0,2.0,363,77,363,13,0,8,52,24,1,6,50,3.87,71.8,2.302,31.847,1.242,0.649,0.935,0.901,austen
1580,0,628,446,0,3,0,3,1,1.0,650,158,650,43,0,22,128,24,1,25,67,3.241,129.2,1.863,140.347,1.663,0.424,0.968,0.831,austen
1581,0,449,353,0,0,1,0,1,1.0,457,94,457,10,0,8,61,24,0,2,57,3.968,90.6,2.076,68.189,1.343,0.606,0.947,0.89,chesterton
1582,0,239,179,0,0,0,0,1,4.0,247,59,247,9,0,8,47,22,0,4,43,3.322,48.6,1.842,27.474,1.204,0.729,0.915,0.922,austen
1583,0,341,246,0,0,1,1,0,1.0,357,88,357,22,0,16,72,24,1,11,44,3.25,70.6,2.102,68.325,1.517,0.5,0.943,0.845,austen
1584,0,393,298,0,0,0,0,0,1.0,401,92,401,18,0,8,73,23,1,6,47,3.522,79.4,2.483,52.228,1.438,0.511,0.946,0.851,austen
1585,0,840,668,0,0,0,0,0,1.0,845,172,845,16,0,5,111,23,1,1,70,4.006,168.2,2.129,104.686,1.686,0.407,0.971,0.825,chesterton
1586,0,223,170,0,0,0,0,0,0.3333333333333333,230,51,230,9,0,7,36,22,1,7,34,3.667,45.2,2.33,22.016,1.214,0.667,0.902,0.897,austen
1587,0,428,344,0,0,0,1,1,1.0,437,82,437,13,0,9,49,24,1,2,51,4.463,86.6,2.63,123.86,1.323,0.622,0.939,0.892,austen
1588,0,409,320,0,0,0,1,1,0.5,424,87,424,13,0,15,57,25,0,5,54,4.0,84.0,2.543,83.525,1.279,0.621,0.943,0.893,austen
1589,0,652,518,0,0,0,0,0,1.0,657,133,657,23,0,5,88,24,0,1,61,4.105,130.6,2.737,96.896,1.565,0.459,0.962,0.841,austen
1590,0,431,331,0,0,2,0,0,7.0,438,97,438,14,0,7,66,24,0,7,50,3.67,86.8,2.183,15.723,1.406,0.515,0.948,0.855,austen
1591,0,731,569,0,0,2,0,0,1.0,743,156,743,21,0,12,110,24,0,5,78,3.885,147.8,2.325,58.109,1.486,0.5,0.968,0.863,chesterton
1592,0,278,211,0,0,2,0,0,1.0,284,63,284,18,0,6,42,22,0,9,32,3.81,56.0,2.693,19.937,1.4,0.508,0.921,0.837,austen
1593,0,923,733,0,0,0,0,0,2.0,930,191,930,13,0,7,128,23,0,4,87,3.942,185.2,2.08,58.692,1.632,0.455,0.974,0.85,chesterton
1594,0,304,220,0,0,4,1,0,1.0,318,76,318,23,0,14,55,24,1,14,42,3.513,62.8,2.485,32.027,1.382,0.553,0.934,0.863,chesterton
1595,0,340,268,0,0,0,0,0,1.0,345,74,345,15,0,5,53,25,0,2,49,3.905,68.2,2.68,63.417,1.321,0.662,0.932,0.904,austen
1596,4,707,529,0,1,1,0,0,1.0,748,160,748,38,0,41,108,25,0,26,78,3.819,148.8,2.284,308.707,1.495,0.487,0.969,0.858,austen
1597,0,495,379,0,0,2,1,0,2.0,507,104,507,23,0,12,74,24,2,11,60,4.029,100.6,2.82,62.384,1.316,0.577,0.952,0.882,chesterton
1598,0,873,688,0,0,2,0,0,5.0,890,181,890,25,0,17,119,25,4,11,81,4.055,177.2,2.471,73.121,1.602,0.448,0.972,0.845,austen
1599,0,800,633,0,0,2,0,0,0.3333333333333333,819,159,819,29,0,19,107,25,2,16,73,4.308,163.0,2.927,114.188,1.606,0.459,0.969,0.846,austen
1600,0,256,195,0,0,0,0,0,1.0,267,61,267,11,0,11,45,22,1,7,26,3.574,52.6,1.995,30.005,1.452,0.426,0.918,0.793,austen
1601,0,417,317,0,0,2,0,0,1.0,429,97,429,13,0,12,72,23,0,10,50,3.567,85.0,2.081,56.067,1.492,0.515,0.948,0.855,chesterton
1602,0,301,242,0,0,0,0,0,2.0,310,59,310,11,0,9,38,24,0,1,35,4.441,61.2,2.699,19.791,1.341,0.593,0.915,0.872,austen
1603,0,427,331,0,0,1,0,0,0.16666666666666666,442,90,442,19,0,15,58,24,1,8,48,4.078,87.6,2.409,28.29,1.429,0.533,0.944,0.86,austen
1604,0,40,27,0,0,0,0,0,1.0,47,15,47,4,0,7,13,16,0,3,8,2.533,8.6,1.506,5.177,1.364,0.533,0.667,0.768,shakespeare
1605,0,680,543,0,0,0,0,0,0.6666666666666666,691,134,691,21,0,11,88,24,0,5,69,4.291,137.4,2.796,101.429,1.457,0.515,0.963,0.864,austen
1606,0,1056,839,0,0,0,0,0,0.125,1067,214,1067,30,0,11,145,25,1,6,94,4.112,212.6,2.728,174.794,1.726,0.439,0.977,0.847,austen
1607,0,444,317,0,0,5,3,0,1.0,464,113,464,34,0,20,85,23,4,23,55,3.389,92.0,2.21,75.743,1.527,0.487,0.956,0.848,chesterton
1608,0,270,194,0,0,2,0,1,1.0,280,68,280,19,0,10,56,26,0,11,45,3.338,55.2,1.975,25.704,1.214,0.662,0.926,0.902,austen
1609,0,449,343,0,0,3,1,0,1.5,458,100,458,21,0,9,67,24,3,11,64,3.8,90.8,2.188,75.807,1.333,0.64,0.95,0.903,chesterton
1610,0,117,88,0,0,0,1,0,2.0,123,28,123,6,0,6,17,20,0,0,23,3.571,23.8,2.218,18.116,1.12,0.821,0.821,0.941,shakespeare
1611,0,535,410,0,0,2,1,0,2.0,542,117,542,20,0,7,81,25,0,7,55,3.769,107.6,2.287,60.587,1.56,0.47,0.957,0.841,chesterton
1612,0,669,535,0,0,0,0,0,0.1111111111111111,681,134,681,15,0,12,91,26,0,5,67,4.194,135.4,2.776,66.074,1.489,0.5,0.963,0.858,austen
1613,0,860,674,0,0,0,0,0,1.0,876,178,876,33,0,16,116,25,2,10,97,4.067,174.4,2.515,124.883,1.534,0.545,0.972,0.883,austen
1614,0,1785,1396,0,0,0,0,0,0.16666666666666666,1806,379,1806,66,0,21,259,25,1,14,138,3.913,360.4,2.43,266.098,1.974,0.364,0.987,0.83,austen
1615,0,256,195,0,0,0,0,0,3.0,263,60,263,9,0,7,45,23,0,1,32,3.533,51.8,2.361,43.649,1.395,0.533,0.917,0.846,austen
1616,0,1594,1263,0,0,0,0,0,2.0,1611,332,1611,44,0,17,237,25,4,5,139,3.988,321.4,2.474,279.173,1.834,0.419,0.985,0.85,austen
1617,0,515,409,0,0,0,0,0,0.3333333333333333,529,104,529,18,0,14,66,25,3,6,65,4.24,105.0,2.612,87.844,1.368,0.625,0.952,0.899,austen
1618,0,177,129,0,0,0,1,0,1.0,188,48,188,14,0,11,38,22,1,7,31,3.208,36.8,2.212,58.204,1.333,0.646,0.896,0.887,shakespeare
1619,0,623,494,0,0,0,0,0,0.3333333333333333,636,126,636,18,0,13,82,25,0,7,63,4.167,126.4,2.51,53.041,1.537,0.5,0.96,0.857,chesterton
1620,0,318,252,0,0,0,0,0,2.0,326,67,326,10,0,8,43,24,0,2,42,4.045,64.4,2.312,63.975,1.264,0.627,0.925,0.889,chesterton
1621,0,357,262,0,0,4,0,2,0.5,364,87,364,22,0,7,67,26,0,15,41,3.46,72.0,2.482,48.099,1.554,0.471,0.943,0.832,chesterton
1622,0,385,294,0,0,0,1,0,1.0,402,89,402,15,0,17,59,23,0,5,46,3.663,79.6,1.942,77.09,1.369,0.517,0.944,0.853,shakespeare
1623,0,1152,919,0,0,0,0,0,0.75,1159,232,1159,25,0,7,148,26,1,5,98,4.099,231.0,2.593,146.294,1.758,0.422,0.978,0.842,austen
1624,0,618,481,0,0,1,0,1,1.3333333333333333,627,134,627,21,0,9,92,24,1,8,75,3.843,124.6,2.513,128.265,1.411,0.56,0.963,0.882,austen
1625,0,490,367,0,0,4,1,0,3.0,504,115,504,26,0,14,78,24,0,12,68,3.617,100.0,2.101,45.717,1.369,0.591,0.957,0.889,chesterton
1626,0,442,331,0,0,2,1,0,2.0,448,105,448,19,0,6,79,25,1,8,55,3.429,88.8,1.975,25.411,1.419,0.524,0.952,0.861,chesterton
1627,0,150,108,0,3,0,0,0,4.0,157,40,157,10,0,7,32,23,0,2,25,3.125,30.6,2.174,23.266,1.29,0.625,0.875,0.873,austen
1628,0,522,386,0,2,0,0,2,10.0,532,129,532,24,0,10,103,25,0,7,57,3.264,105.6,2.192,97.205,1.613,0.442,0.961,0.832,austen
1629,0,290,212,0,0,4,1,0,1.0,298,71,298,17,0,8,55,22,0,12,34,3.465,58.8,2.395,24.427,1.543,0.479,0.93,0.827,chesterton
1630,0,637,511,0,0,0,0,0,1.5,647,123,647,13,0,10,77,25,0,3,66,4.341,128.6,2.658,71.828,1.447,0.537,0.959,0.871,austen
1631,0,74,50,0,0,0,1,0,1.0,82,23,82,7,1,8,19,18,0,1,11,2.87,15.6,1.938,16.149,1.353,0.478,0.783,0.765,shakespeare
1632,0,349,255,0,0,3,0,0,4.0,359,85,359,22,0,10,63,24,0,14,43,3.447,71.0,2.233,25.348,1.393,0.506,0.941,0.847,chesterton
1633,0,745,559,0,1,0,0,0,1.0,780,171,780,35,0,35,121,25,0,10,78,3.678,155.2,2.652,194.078,1.66,0.456,0.971,0.847,shakespeare
1634,0,514,404,0,0,0,0,2,0.5,527,106,527,11,0,13,75,23,0,6,67,4.047,104.6,2.364,144.306,1.309,0.632,0.953,0.902,austen
1635,0,267,209,0,0,0,0,2,6.0,271,57,271,8,0,4,36,23,1,2,31,3.895,53.4,2.447,44.747,1.357,0.544,0.912,0.849,austen
1636,0,668,505,0,0,0,0,0,0.5,707,161,707,25,0,39,110,24,1,18,86,3.534,140.6,2.104,93.9,1.464,0.534,0.969,0.877,shakespeare
1637,0,404,311,0,0,0,0,3,3.0,409,88,409,11,0,5,63,24,0,4,48,3.727,81.0,2.11,71.951,1.313,0.545,0.943,0.865,chesterton
1638,0,882,689,0,0,2,0,0,1.5,893,184,893,34,0,11,123,27,2,13,90,4.016,177.8,2.392,86.474,1.546,0.489,0.973,0.863,austen
1639,0,257,196,0,0,0,0,1,0.5,264,61,264,9,0,7,47,22,0,2,37,3.475,52.0,2.203,27.34,1.298,0.607,0.918,0.878,austen
1640,0,350,267,0,0,1,0,0,2.0,358,79,358,17,0,8,56,23,3,10,49,3.734,70.8,2.5,24.098,1.295,0.62,0.937,0.891,chesterton
1641,0,83,61,0,0,0,1,0,1.0,88,22,88,3,0,5,16,21,0,2,18,3.136,16.8,1.859,13.18,1.048,0.818,0.773,0.935,shakespeare
1642,0,231,169,0,0,1,2,0,2.0,238,58,238,13,0,7,46,21,1,9,30,3.328,46.8,2.32,39.909,1.318,0.517,0.914,0.838,chesterton
1643,0,498,385,0,0,2,0,0,1.0,511,110,511,19,0,13,76,24,0,6,58,3.827,101.4,2.633,77.594,1.486,0.527,0.955,0.864,chesterton
1644,4,724,576,0,0,0,0,0,4.0,756,142,756,18,5,32,86,24,0,8,71,4.451,150.4,2.797,265.472,1.434,0.5,0.965,0.86,austen
1645,0,156,115,0,0,0,0,0,1.0,169,40,169,6,0,13,29,22,0,4,22,3.35,33.0,1.929,57.11,1.333,0.55,0.875,0.838,shakespeare
1646,0,831,660,0,0,2,0,0,0.4,846,168,846,25,0,15,106,25,0,5,66,4.19,168.4,2.672,112.72,1.697,0.393,0.97,0.818,austen
1647,0,444,332,0,0,0,0,0,1.0,472,109,472,25,0,28,78,22,1,9,54,3.532,93.6,1.975,63.618,1.434,0.495,0.954,0.85,shakespeare
1648,0,364,263,0,0,0,2,1,1.0,386,91,386,21,0,22,71,23,0,8,44,3.363,76.4,2.003,58.697,1.422,0.484,0.945,0.839,shakespeare
1649,0,327,254,0,0,0,2,0,1.0,347,72,347,11,0,20,49,22,0,6,36,3.958,68.6,2.298,119.759,1.412,0.5,0.931,0.838,shakespeare
1650,0,435,333,1,0,2,0,0,1.5,446,98,446,16,0,11,71,24,0,11,42,3.714,88.4,2.475,50.267,1.485,0.429,0.949,0.815,austen
1651,0,172,123,0,0,2,2,0,1.0,179,39,179,17,0,7,27,22,0,8,20,3.897,35.0,2.77,23.367,1.393,0.513,0.872,0.818,chesterton
1652,0,204,139,0,1,3,0,1,1.0,210,58,210,21,0,6,48,24,0,10,23,2.966,41.2,1.747,56.087,1.611,0.397,0.914,0.772,austen
1653,0,808,646,0,1,0,0,0,1.0,819,157,819,18,0,11,100,24,1,10,82,4.312,163.0,2.895,104.422,1.495,0.522,0.968,0.872,chesterton
1654,0,483,361,0,0,0,0,0,2.0,518,119,518,23,0,35,88,23,5,8,55,3.521,102.8,2.147,99.374,1.506,0.462,0.958,0.839,shakespeare
1655,0,679,505,0,0,3,0,0,1.0,695,161,695,36,0,16,124,26,0,23,72,3.509,138.2,2.367,36.962,1.563,0.447,0.969,0.842,austen
1656,0,686,540,1,0,1,0,0,1.0,700,142,700,26,0,14,96,24,1,9,66,4.106,139.2,2.83,81.751,1.614,0.465,0.965,0.845,austen
1657,0,277,205,0,0,2,2,0,2.0,286,68,286,16,0,9,49,22,0,7,33,3.441,56.4,2.054,29.126,1.417,0.485,0.926,0.829,chesterton
1658,0,491,362,0,0,2,0,2,1.0,501,116,501,26,0,10,89,23,3,16,47,3.483,99.4,2.309,101.554,1.547,0.405,0.957,0.81,chesterton
1659,0,380,292,0,0,2,0,0,1.0,390,87,390,12,0,10,63,25,1,11,51,3.655,77.2,2.317,35.563,1.318,0.586,0.943,0.88,austen
1660,0,333,240,0,0,6,1,0,1.0,341,80,341,30,0,8,54,24,0,15,42,3.65,67.4,2.625,37.833,1.509,0.525,0.938,0.853,chesterton
1661,0,379,300,0,0,0,0,0,1.0,386,80,386,8,0,7,48,22,1,5,36,3.938,76.4,1.905,29.526,1.481,0.45,0.938,0.818,chesterton
1662,0,764,600,0,0,0,0,0,1.0,774,159,774,22,0,10,108,25,1,8,87,3.987,154.0,2.455,77.256,1.459,0.547,0.969,0.881,austen
1663,0,1048,812,0,0,0,2,0,2.0,1103,234,1103,38,0,55,153,25,2,13,109,3.868,219.8,2.242,119.188,1.614,0.466,0.979,0.86,shakespeare
1664,0,719,551,0,0,1,1,1,0.5,733,162,733,30,0,14,116,25,0,9,70,3.691,145.8,2.301,195.57,1.573,0.432,0.969,0.835,austen
1665,0,1287,1027,0,0,0,0,0,0.1111111111111111,1299,260,1299,37,0,12,171,25,1,1,101,4.138,259.0,2.891,88.02,1.955,0.388,0.981,0.83,austen
1666,0,376,286,0,0,1,0,0,1.0,385,82,385,17,0,9,58,23,1,13,54,3.841,76.2,2.333,62.287,1.242,0.659,0.939,0.905,austen
1667,0,84,59,0,0,0,2,0,1.0,91,24,91,6,0,7,19,19,0,1,9,3.0,17.4,2.064,24.755,1.6,0.375,0.792,0.691,shakespeare
1668,0,624,497,0,0,1,0,0,1.0,636,123,636,15,0,12,80,25,0,4,59,4.285,126.4,2.61,78.961,1.482,0.48,0.959,0.847,chesterton
1669,0,406,321,0,0,1,0,0,2.0,417,80,417,17,0,11,50,26,0,7,43,4.412,82.6,2.902,42.986,1.379,0.537,0.938,0.858,austen
1670,0,267,193,0,0,0,2,1,1.0,277,66,277,18,0,10,48,23,0,8,36,3.348,54.6,1.965,27.355,1.435,0.545,0.924,0.855,austen
1671,0,143,103,0,0,0,0,0,1.0,152,40,152,7,0,9,35,21,0,7,26,2.975,29.6,1.641,29.28,1.29,0.65,0.875,0.883,shakespeare
1672,0,511,403,0,0,1,0,0,7.0,519,106,519,13,0,8,72,23,0,3,52,4.019,103.0,2.503,35.27,1.514,0.491,0.953,0.847,chesterton
1673,0,910,727,0,0,0,0,0,1.0,917,177,917,22,0,7,115,24,0,3,89,4.271,182.6,2.683,48.201,1.553,0.503,0.972,0.867,chesterton
1674,0,925,707,0,0,1,3,0,1.0,951,197,951,42,0,26,140,26,1,22,85,3.949,189.4,2.509,114.866,1.589,0.431,0.975,0.841,austen
1675,0,381,288,0,0,0,0,0,1.0,387,88,387,17,0,6,63,24,0,4,48,3.534,76.6,2.133,75.801,1.419,0.545,0.943,0.865,austen
1676,0,103,76,0,0,0,1,0,1.0,111,26,111,6,0,8,19,23,0,2,19,3.462,21.4,2.213,31.667,1.182,0.731,0.808,0.904,shakespeare
1677,0,530,399,0,0,1,0,2,5.0,542,123,542,22,0,12,95,24,0,9,62,3.537,107.6,2.14,49.868,1.414,0.504,0.959,0.858,austen
1678,0,715,568,0,0,0,0,0,1.0,728,140,728,30,0,13,88,25,0,3,72,4.364,144.8,3.063,50.167,1.474,0.514,0.964,0.865,austen
1679,0,951,743,0,0,0,2,0,0.5,966,197,966,41,0,15,123,24,0,13,95,4.056,192.4,2.785,219.917,1.602,0.482,0.975,0.862,austen
1680,0,1119,890,0,0,2,0,0,0.25,1138,226,1138,28,0,19,155,24,1,6,78,4.164,226.8,2.585,141.268,1.837,0.345,0.978,0.804,austen
1681,0,454,340,0,0,2,1,0,0.25,466,110,466,20,0,12,88,23,1,9,57,3.418,92.4,2.002,50.644,1.429,0.518,0.955,0.86,austen
1682,0,92,59,0,0,2,0,3,2.0,98,26,98,11,0,6,20,17,1,7,11,3.077,18.8,2.279,12.795,1.529,0.423,0.808,0.736,chesterton
1683,0,121,94,0,0,0,0,0,1.0,128,28,128,4,0,7,20,23,0,2,21,3.75,24.8,2.489,29.21,1.12,0.75,0.821,0.914,shakespeare
1684,0,1237,991,0,0,0,0,0,0.3333333333333333,1256,246,1256,27,0,19,164,25,1,2,102,4.215,250.4,2.595,158.248,1.77,0.415,0.98,0.84,austen
1685,0,421,310,0,0,2,1,0,2.0,434,102,434,23,0,13,80,24,3,16,44,3.451,86.0,2.123,29.942,1.569,0.431,0.951,0.818,chesterton
1686,0,898,702,0,1,0,0,0,11.0,919,188,919,32,0,21,124,25,2,4,76,4.016,183.0,2.492,91.047,1.709,0.404,0.973,0.827,austen
1687,0,81,59,0,0,0,0,0,1.0,89,23,89,5,0,8,19,21,0,1,14,3.13,17.0,2.074,15.33,1.211,0.609,0.783,0.842,shakespeare
1688,0,528,388,0,0,4,0,0,0.5,542,128,542,29,0,14,101,25,1,22,54,3.43,107.6,2.39,41.902,1.62,0.422,0.961,0.822,austen
1689,0,877,691,0,0,0,0,0,1.0,885,185,885,22,0,8,119,25,1,4,90,3.897,176.2,2.273,64.224,1.568,0.486,0.973,0.862,chesterton
1690,0,258,199,0,1,0,0,0,1.0,268,57,268,7,0,10,40,21,1,2,40,3.789,52.8,2.21,49.636,1.213,0.702,0.912,0.912,shakespeare
1691,2,342,258,0,0,2,1,0,4.0,362,77,362,19,0,20,56,23,1,12,50,3.909,71.6,2.885,86.277,1.283,0.649,0.935,0.901,chesterton
1692,0,427,338,0,0,2,0,0,1.0,442,87,442,12,0,15,54,22,0,6,32,4.241,87.6,2.689,33.118,1.582,0.368,0.943,0.776,chesterton
1693,0,486,368,0,2,0,0,2,1.0,498,115,498,17,0,12,88,23,0,8,48,3.452,98.8,2.197,98.016,1.575,0.417,0.957,0.816,austen
1694,0,252,191,0,0,0,0,3,0.5,261,55,261,9,0,9,35,23,0,3,28,3.8,51.4,2.549,20.513,1.447,0.509,0.909,0.832,austen
1695,0,614,487,0,0,3,0,1,1.0,628,121,628,17,0,14,77,25,0,13,57,4.339,124.8,3.021,71.184,1.512,0.471,0.959,0.843,chesterton
1696,0,297,226,0,0,0,0,0,1.0,303,72,303,8,0,6,56,23,0,7,39,3.333,59.8,1.695,40.208,1.385,0.542,0.931,0.857,austen
1697,0,57,39,0,0,0,1,0,1.0,64,18,64,5,0,7,14,19,0,3,9,2.833,12.0,1.855,9.823,1.385,0.5,0.722,0.76,shakespeare
1698,0,626,477,0,0,1,0,0,2.0,641,140,641,23,3,15,96,23,0,10,67,3.721,127.4,2.267,77.665,1.556,0.479,0.964,0.851,chesterton
1699,2,411,325,0,0,0,0,0,1.0,437,84,437,16,0,26,55,24,0,5,48,4.369,86.6,2.936,60.818,1.424,0.571,0.94,0.874,austen
1700,0,713,558,0,2,1,0,0,2.0,722,150,722,26,0,9,105,25,0,13,81,3.973,143.6,2.931,53.687,1.471,0.54,0.967,0.877,austen
1701,0,528,393,0,0,5,0,0,0.75,538,122,538,31,0,10,91,25,0,21,43,3.656,106.8,2.237,18.458,1.671,0.352,0.959,0.783,austen
1702,0,558,415,0,0,2,1,2,0.75,572,134,572,28,0,14,110,24,0,12,49,3.44,113.6,2.164,86.829,1.614,0.366,0.963,0.795,austen
1703,0,586,456,0,0,3,1,0,3.0,592,124,592,21,0,6,84,23,0,6,57,3.944,117.6,2.42,102.439,1.512,0.46,0.96,0.839,chesterton
1704,0,331,248,0,0,4,0,0,1.0,341,76,341,18,0,10,52,22,0,10,42,3.737,67.4,2.106,42.093,1.357,0.553,0.934,0.863,chesterton
1705,0,67,48,0,0,0,2,0,1.0,72,18,72,5,0,5,14,20,1,1,14,3.222,13.6,1.768,11.393,1.125,0.778,0.722,0.913,shakespeare
1706,0,1209,955,0,0,0,0,0,0.875,1227,248,1227,37,0,18,170,25,7,11,93,4.073,244.6,2.457,185.144,1.837,0.375,0.98,0.822,austen
1707,0,231,180,0,0,0,2,0,1.0,245,50,245,7,0,14,31,22,0,2,33,4.02,48.2,1.9,37.831,1.163,0.66,0.9,0.894,shakespeare
1708,0,162,119,0,0,1,0,1,1.0,169,40,169,13,0,7,32,23,0,5,28,3.55,33.0,2.943,10.886,1.212,0.7,0.875,0.903,austen
1709,0,170,130,0,0,0,0,0,1.0,181,40,181,9,0,11,30,22,0,3,26,3.75,35.4,2.57,44.405,1.25,0.65,0.875,0.883,shakespeare
1710,0,406,314,0,0,0,0,0,1.0,419,92,419,14,0,13,69,25,0,8,50,3.717,83.0,2.67,48.151,1.373,0.543,0.946,0.865,austen
1711,0,266,192,0,0,3,2,0,5.0,274,69,274,16,0,8,55,23,0,6,31,3.217,54.0,1.984,27.973,1.5,0.449,0.928,0.811,austen
1712,0,677,537,0,0,0,0,2,1.0,684,137,684,22,0,7,88,25,0,1,71,4.131,136.0,2.626,62.052,1.457,0.518,0.964,0.866,austen
1713,0,138,106,1,0,0,0,0,1.0,150,33,150,9,0,12,23,20,0,1,20,3.848,29.2,2.83,48.329,1.375,0.606,0.848,0.857,shakespeare
1714,0,638,496,0,2,0,0,0,0.5,649,138,649,28,0,11,95,24,2,7,71,3.884,129.0,2.506,98.219,1.438,0.514,0.964,0.865,austen
1715,0,95,64,0,0,2,0,1,0.5,101,26,101,10,0,6,21,19,0,5,20,3.231,19.4,1.557,9.317,1.083,0.769,0.808,0.919,austen
1716,0,329,251,0,0,0,2,0,1.0,336,75,336,12,0,7,58,21,0,5,41,3.6,66.4,2.449,123.504,1.415,0.547,0.933,0.86,shakespeare
1717,0,514,403,0,0,0,0,0,6.0,519,112,519,13,0,5,73,26,0,2,60,3.759,103.0,2.059,94.987,1.436,0.536,0.955,0.868,austen
1718,0,570,428,0,0,2,0,0,1.0,586,139,586,26,0,16,106,24,0,13,59,3.41,116.4,2.116,51.111,1.616,0.424,0.964,0.826,austen
1719,0,187,140,0,0,0,0,1,2.0,197,45,197,10,0,10,36,23,0,3,26,3.578,38.6,2.281,31.126,1.364,0.578,0.889,0.856,austen
1720,0,166,116,0,0,4,2,0,1.0,173,42,173,16,0,7,32,23,0,10,25,3.5,33.8,2.653,13.737,1.355,0.595,0.881,0.861,chesterton
1721,0,508,393,0,0,0,0,0,2.0,516,113,516,16,0,8,81,25,0,6,52,3.69,102.4,2.406,103.621,1.569,0.46,0.956,0.836,austen
1722,0,595,457,0,0,1,1,1,0.5,610,130,610,21,0,15,94,24,1,12,75,3.808,121.2,2.146,151.549,1.34,0.577,0.962,0.887,austen
1723,0,182,136,0,0,0,0,0,1.0,190,46,190,7,1,8,34,21,1,3,20,3.304,37.2,1.908,38.173,1.438,0.435,0.891,0.782,shakespeare
1724,0,103,71,0,0,0,0,1,1.0,111,32,111,11,0,8,24,19,0,5,11,2.812,21.4,2.007,22.854,1.778,0.344,0.844,0.692,shakespeare
1725,0,837,674,0,0,0,0,0,1.0,849,163,849,14,0,12,103,25,0,3,75,4.294,169.0,2.282,99.654,1.598,0.46,0.969,0.848,chesterton
1726,0,501,380,0,0,3,1,0,2.0,517,115,517,24,0,16,81,25,0,17,52,3.713,102.6,2.568,67.144,1.575,0.452,0.957,0.833,austen
1727,0,420,320,0,0,0,0,0,2.0,445,98,445,16,0,25,68,22,1,9,62,3.684,88.2,2.103,126.634,1.289,0.633,0.949,0.9,shakespeare
1728,0,1057,846,0,0,0,0,0,7.0,1071,208,1071,24,0,14,128,26,0,5,88,4.25,213.4,2.644,120.523,1.719,0.423,0.976,0.839,austen
1729,0,155,106,0,0,1,1,2,1.0,160,41,160,17,0,5,32,22,0,6,26,3.171,31.2,2.312,22.643,1.242,0.634,0.878,0.877,austen
1730,0,314,240,0,0,1,0,0,2.0,323,70,323,11,0,9,52,23,0,9,37,3.757,63.8,2.476,52.68,1.346,0.529,0.929,0.85,chesterton
1731,0,79,57,0,0,0,1,0,1.0,84,21,84,5,0,5,18,18,0,2,16,3.19,16.0,1.632,19.066,1.167,0.762,0.762,0.911,shakespeare
1732,0,586,465,0,0,0,0,0,3.5,594,120,594,17,0,8,86,24,1,4,61,4.083,118.0,2.912,79.536,1.538,0.508,0.958,0.859,austen
1733,0,278,212,0,0,1,2,0,2.0,285,64,285,10,0,7,46,23,0,5,29,3.625,56.2,2.34,30.671,1.422,0.453,0.922,0.81,chesterton
1734,0,216,163,0,0,1,5,0,1.0,222,46,222,11,0,6,32,22,0,8,23,3.978,43.6,2.654,33.842,1.438,0.5,0.891,0.819,chesterton
1735,0,306,231,0,2,0,2,0,1.0,316,72,316,11,0,10,55,23,0,6,38,3.5,62.4,2.495,38.843,1.358,0.528,0.931,0.851,austen
1736,0,805,603,0,0,3,0,0,5.0,825,184,825,46,0,20,136,25,1,22,73,3.674,164.2,2.591,84.704,1.72,0.397,0.973,0.823,austen
1737,0,631,496,0,0,0,0,0,1.0,644,135,644,26,0,13,88,25,1,8,64,3.963,128.0,2.816,82.228,1.57,0.474,0.963,0.848,austen
1738,0,349,256,0,0,4,0,1,2.0,356,82,356,26,0,7,61,25,0,12,37,3.646,70.4,2.411,48.562,1.608,0.451,0.939,0.819,chesterton
1739,0,131,91,0,0,0,0,1,1.0,138,36,138,12,0,7,30,23,0,9,27,3.111,26.8,2.616,21.534,1.2,0.75,0.861,0.92,austen
1740,0,143,106,0,0,0,0,1,2.0,149,36,149,9,0,6,30,22,0,7,27,3.417,29.0,2.832,23.791,1.2,0.75,0.861,0.92,austen
1741,0,998,785,0,0,0,0,1,0.25,1024,213,1024,27,0,26,150,26,2,9,69,3.934,204.0,2.36,136.581,1.902,0.324,0.977,0.79,austen
1742,0,332,235,0,1,2,0,0,2.0,341,81,341,28,0,9,62,23,0,14,50,3.407,67.4,2.235,25.274,1.306,0.617,0.938,0.89,austen
1743,0,533,417,0,0,0,0,0,1.0,543,109,543,21,0,10,74,23,1,7,51,4.11,107.8,2.76,34.903,1.473,0.468,0.954,0.838,austen
1744,0,612,475,0,0,2,0,1,2.0,624,134,624,20,0,12,97,25,1,9,62,3.813,124.0,2.295,129.064,1.54,0.463,0.963,0.843,austen
1745,0,242,186,0,0,0,0,0,1.0,260,55,260,9,0,18,35,23,0,7,32,3.873,51.2,2.365,70.602,1.279,0.582,0.909,0.865,shakespeare
1746,0,934,748,0,0,0,0,0,2.0,948,184,948,19,0,14,123,25,1,2,84,4.245,188.8,2.569,125.83,1.6,0.457,0.973,0.85,chesterton
1747,0,412,305,0,0,3,0,1,0.5,425,93,425,29,0,13,63,23,1,16,50,3.817,84.2,2.608,80.107,1.476,0.538,0.946,0.863,austen
1748,0,1271,977,1,0,4,0,1,0.1,1285,276,1285,56,0,14,187,26,2,19,98,3.822,256.2,2.391,172.898,1.865,0.355,0.982,0.816,austen
1749,0,458,344,0,0,0,0,0,9.0,467,108,467,31,0,9,82,23,9,15,41,3.556,92.6,2.566,33.148,1.636,0.38,0.954,0.793,chesterton
1750,0,580,446,0,0,1,0,0,1.0,592,130,592,25,0,12,92,24,3,10,69,3.731,117.6,2.265,84.772,1.429,0.531,0.962,0.87,austen
1751,0,228,154,0,0,1,4,2,6.0,241,61,241,23,0,13,48,24,1,12,29,3.18,47.4,1.727,38.766,1.452,0.475,0.918,0.819,austen
1752,0,805,633,0,0,2,0,0,0.2,819,168,819,20,0,14,116,25,0,10,78,3.994,163.0,2.561,48.472,1.6,0.464,0.97,0.85,austen
1753,0,610,483,0,0,0,0,0,0.6666666666666666,620,125,620,19,0,10,85,26,1,5,71,4.104,123.2,2.753,138.581,1.404,0.568,0.96,0.883,austen
1754,0,245,186,0,0,2,1,1,3.0,252,55,252,12,0,7,41,24,0,4,33,3.8,49.6,2.313,49.136,1.222,0.6,0.909,0.873,austen
1755,0,605,481,0,0,0,0,0,1.0,613,123,613,15,0,8,77,23,0,1,77,4.098,121.8,2.591,50.356,1.352,0.626,0.959,0.903,chesterton
1756,0,470,374,0,0,1,0,0,2.0,476,94,476,11,0,6,61,23,0,4,56,4.181,94.4,2.418,56.549,1.343,0.596,0.947,0.886,chesterton
1757,0,403,306,0,0,0,2,0,0.5,413,93,413,18,0,10,67,25,1,8,53,3.602,81.8,2.086,115.565,1.368,0.57,0.946,0.876,austen
1758,0,336,249,0,0,0,0,0,2.0,350,82,350,16,0,14,63,24,0,8,46,3.402,69.2,1.735,32.019,1.367,0.561,0.939,0.869,austen
1759,0,735,577,0,0,1,0,1,2.0,745,152,745,25,0,10,94,23,1,8,87,4.039,148.2,2.449,53.602,1.462,0.572,0.967,0.889,chesterton
1760,0,288,202,0,0,0,1,6,0.5,301,70,301,30,0,13,54,25,0,9,39,3.5,59.4,2.345,39.96,1.429,0.557,0.929,0.862,austen
1761,0,502,384,0,0,4,2,0,2.0,511,106,511,25,0,9,71,24,0,13,66,4.038,101.4,2.541,67.196,1.359,0.623,0.953,0.898,chesterton
1762,0,356,267,0,0,1,0,1,3.0,371,83,371,16,0,15,67,25,0,6,42,3.627,73.4,2.134,57.908,1.407,0.506,0.94,0.846,austen
1763,0,208,142,0,0,3,0,1,1.0,217,54,217,21,0,9,39,22,1,13,29,3.315,42.6,2.144,20.231,1.35,0.537,0.907,0.844,chesterton
1764,0,706,537,0,0,0,0,1,0.3333333333333333,717,154,717,37,0,11,108,26,1,16,72,3.805,142.6,2.521,107.048,1.556,0.468,0.968,0.849,austen
1765,0,455,339,0,0,2,1,0,1.0,463,106,463,26,0,8,77,25,0,12,59,3.557,91.8,2.454,54.979,1.377,0.557,0.953,0.874,austen
1766,0,347,265,0,0,0,0,2,1.0,359,75,359,16,0,12,53,26,0,7,41,3.92,71.0,2.561,39.887,1.316,0.547,0.933,0.86,austen
1767,0,333,246,0,0,1,0,3,2.0,341,79,341,20,0,8,56,23,0,8,47,3.494,67.4,2.105,50.983,1.295,0.595,0.937,0.881,austen
1768,0,579,452,1,0,2,0,0,3.0,586,123,586,14,0,7,83,25,0,4,59,3.878,116.4,2.126,41.962,1.5,0.48,0.959,0.847,chesterton
1769,0,304,230,0,0,0,1,0,1.0,323,68,323,15,0,19,47,23,0,5,45,3.882,63.8,2.583,55.747,1.236,0.662,0.926,0.902,shakespeare
1770,0,541,405,0,0,3,0,0,2.0,557,123,557,33,0,16,91,23,3,15,61,3.74,110.6,2.265,121.096,1.519,0.496,0.959,0.854,austen
1771,0,213,158,0,0,1,2,0,3.0,219,51,219,14,0,6,36,24,1,5,32,3.569,43.0,2.184,28.009,1.214,0.627,0.902,0.881,chesterton
1772,0,673,499,0,0,3,2,0,3.0,691,160,691,37,0,18,120,23,1,20,73,3.506,137.4,2.342,110.237,1.553,0.456,0.969,0.845,austen
1773,0,595,458,0,0,0,0,1,0.3333333333333333,614,129,614,25,0,19,89,24,0,8,72,3.899,122.0,2.589,54.392,1.402,0.558,0.961,0.88,austen
1774,0,771,609,0,0,0,0,0,1.0,795,163,795,25,0,24,109,26,3,6,68,4.037,158.2,2.516,131.991,1.663,0.417,0.969,0.828,austen
1775,0,164,124,0,0,0,2,0,1.0,174,39,174,8,0,10,26,21,2,4,32,3.641,34.0,2.311,24.9,1.083,0.821,0.872,0.946,shakespeare
1776,0,192,145,0,0,0,0,0,1.0,204,43,204,10,0,12,27,18,1,4,29,3.884,40.0,2.195,37.901,1.229,0.674,0.884,0.895,shakespeare
1777,0,221,164,0,0,1,0,0,0.5,228,55,228,11,0,7,42,24,0,9,27,3.345,44.8,2.154,28.891,1.447,0.491,0.909,0.822,austen
1778,0,527,380,0,0,3,2,2,2.0,541,126,541,36,0,14,99,25,0,23,50,3.476,107.4,2.342,86.616,1.575,0.397,0.96,0.809,austen
1779,0,376,285,0,0,1,1,0,1.5,390,86,390,14,0,14,62,24,1,12,47,3.674,77.2,2.183,80.204,1.284,0.547,0.942,0.864,austen
1780,0,118,86,0,0,0,0,0,2.0,125,33,125,7,0,7,29,20,1,3,25,3.03,24.2,1.591,35.975,1.179,0.758,0.848,0.921,shakespeare
1781,0,401,302,0,0,1,1,1,3.0,419,96,419,17,0,18,73,23,4,12,60,3.531,83.0,1.973,49.117,1.231,0.625,0.948,0.897,chesterton
1782,0,239,169,0,0,0,0,1,2.0,251,65,251,14,0,12,52,23,0,11,43,3.015,49.4,1.644,44.444,1.275,0.662,0.923,0.901,austen
1783,0,242,183,0,0,0,1,0,1.0,253,57,253,10,0,11,40,23,1,2,35,3.579,49.8,2.203,56.936,1.295,0.614,0.912,0.879,shakespeare
1784,0,77,57,0,0,0,1,0,2.0,83,20,83,5,0,6,15,20,0,1,15,3.4,15.8,2.186,17.627,1.176,0.75,0.75,0.904,shakespeare
1785,0,813,625,0,0,0,1,4,0.2222222222222222,829,170,829,36,0,16,115,25,1,11,67,3.982,165.0,2.392,168.355,1.717,0.394,0.971,0.819,austen
1786,0,909,678,0,4,0,0,1,0.2857142857142857,940,213,940,40,0,31,168,27,1,19,67,3.521,187.2,2.082,119.028,1.836,0.315,0.977,0.784,austen
1787,0,238,175,0,0,2,1,1,1.0,244,59,244,13,0,6,45,24,1,10,38,3.373,48.0,2.075,49.739,1.283,0.644,0.915,0.892,austen
1788,0,175,140,0,0,0,2,0,1.0,181,34,181,4,0,6,19,21,0,2,24,4.412,35.4,2.698,31.919,1.172,0.706,0.853,0.901,shakespeare
1789,0,645,494,0,0,0,2,0,1.0,678,148,678,23,0,33,100,25,0,18,83,3.716,134.8,2.116,203.163,1.396,0.561,0.966,0.884,shakespeare
1790,0,470,359,0,2,0,0,0,0.3333333333333333,485,110,485,17,0,15,81,24,0,8,61,3.555,96.2,2.414,64.271,1.429,0.555,0.955,0.875,austen
1791,0,448,338,0,1,0,0,0,0.8333333333333334,454,106,454,17,0,6,86,23,0,1,48,3.406,90.0,1.886,74.76,1.536,0.453,0.953,0.83,austen
1792,0,66,48,0,0,0,0,0,1.0,70,19,70,7,0,4,13,16,0,0,9,3.105,13.2,2.183,12.112,1.462,0.474,0.737,0.746,shakespeare
1793,0,555,446,0,0,0,0,0,1.0,563,110,563,11,0,8,73,22,0,0,64,4.227,111.8,2.399,96.854,1.358,0.582,0.955,0.885,austen
1794,0,140,107,0,0,0,0,0,1.0,149,33,149,6,0,9,24,21,0,3,22,3.727,29.0,2.414,11.979,1.269,0.667,0.848,0.884,chesterton
1795,0,332,263,0,0,0,0,0,2.0,338,69,338,11,0,6,41,24,1,3,42,4.072,66.8,2.297,38.311,1.255,0.609,0.928,0.883,chesterton
1796,0,410,295,0,0,3,0,0,1.0,430,106,430,26,0,20,83,25,0,22,52,3.292,85.2,2.173,60.375,1.514,0.491,0.953,0.847,austen
1797,0,660,506,0,0,1,0,4,1.0,681,142,681,34,0,21,92,26,1,15,56,3.965,135.4,2.519,82.531,1.632,0.394,0.965,0.812,austen
1798,0,729,571,0,0,0,0,0,2.0,741,156,741,20,0,12,100,25,0,12,71,3.865,147.4,2.394,34.341,1.625,0.455,0.968,0.844,chesterton
1799,0,405,309,0,0,0,2,0,1.0,432,93,432,20,0,27,63,23,0,5,57,3.828,85.6,2.599,58.56,1.329,0.613,0.946,0.892,shakespeare
1800,0,372,267,0,0,4,0,0,2.0,384,90,384,27,0,12,63,25,0,17,23,3.5,76.0,2.319,54.685,1.8,0.256,0.944,0.697,chesterton
1801,0,648,507,0,0,2,0,0,2.0,657,138,657,21,0,9,90,24,2,12,81,3.92,130.6,2.283,69.053,1.38,0.587,0.964,0.892,chesterton
1802,0,558,430,0,0,2,0,0,3.0,575,125,575,19,0,17,91,25,2,8,46,3.76,114.2,2.287,44.415,1.689,0.368,0.96,0.793,austen
1803,0,2240,1763,1,1,2,1,0,3.0,2274,463,2274,72,0,34,307,26,3,24,152,4.048,454.0,2.731,337.644,2.049,0.328,0.989,0.819,austen
1804,0,534,407,1,0,0,0,0,3.0,562,124,562,16,0,28,85,22,0,8,50,3.637,111.6,2.069,77.277,1.512,0.403,0.96,0.812,shakespeare
1805,0,562,445,0,0,1,1,0,4.0,569,114,569,18,0,7,73,26,1,4,67,4.14,113.0,2.492,70.221,1.39,0.588,0.956,0.888,chesterton
1806,0,485,378,0,0,3,0,0,1.0,490,100,490,20,0,5,69,25,2,11,56,4.09,97.2,2.965,80.89,1.429,0.56,0.95,0.874,chesterton
1807,0,229,155,0,1,3,3,1,1.0,238,60,238,24,0,9,46,21,0,14,24,3.25,46.8,2.128,29.719,1.463,0.4,0.917,0.776,austen
1808,0,372,264,1,0,1,0,3,3.0,385,95,385,23,0,13,77,24,0,15,55,3.189,76.2,1.8,54.08,1.377,0.579,0.947,0.88,austen
1809,0,512,389,0,0,4,0,0,2.0,520,113,520,23,0,8,77,24,0,15,55,3.788,103.2,2.541,92.729,1.569,0.487,0.956,0.848,chesterton
1810,0,161,116,0,0,0,1,0,1.0,173,44,173,9,0,12,34,21,0,6,35,3.114,33.8,1.498,46.981,1.1,0.795,0.886,0.94,shakespeare
1811,0,202,150,0,0,0,0,1,2.0,210,51,210,10,0,8,40,23,1,3,33,3.294,41.2,1.758,37.413,1.214,0.647,0.902,0.889,austen
1812,0,319,234,0,0,1,0,2,2.0,329,77,329,20,0,10,57,24,0,9,37,3.468,65.0,2.28,48.539,1.481,0.481,0.935,0.831,austen
1813,0,604,469,0,1,0,1,0,0.16666666666666666,624,131,624,25,0,20,83,24,1,4,72,3.924,124.0,2.296,210.962,1.351,0.55,0.962,0.877,shakespeare
1814,0,245,174,0,0,4,0,2,3.0,255,61,255,19,0,10,48,22,0,13,33,3.459,50.2,1.911,40.456,1.326,0.541,0.918,0.851,austen
1815,0,273,197,0,0,4,1,0,0.5,281,70,281,17,0,8,54,24,0,13,38,3.286,55.4,1.754,30.713,1.429,0.543,0.929,0.856,austen
1816,0,357,268,0,0,1,1,0,1.0,370,88,370,12,0,13,67,22,0,14,34,3.364,73.2,2.129,36.765,1.692,0.386,0.943,0.788,chesterton
1817,0,732,554,0,1,0,0,2,1.0,748,163,748,32,0,16,117,25,0,19,62,3.699,148.8,2.32,118.014,1.68,0.38,0.969,0.81,austen
1818,0,560,429,0,0,0,0,0,3.0,568,128,568,21,0,8,90,25,0,7,59,3.578,112.8,2.282,102.505,1.561,0.461,0.961,0.84,austen
1819,0,1103,861,0,2,3,0,0,1.3333333333333333,1119,230,1119,38,0,16,152,26,3,13,100,4.004,223.0,2.562,233.808,1.667,0.435,0.978,0.847,austen
1820,0,294,218,0,1,0,0,0,1.0,308,72,308,17,0,14,52,23,0,8,50,3.458,60.8,2.069,57.308,1.286,0.694,0.931,0.915,shakespeare
1821,0,287,219,0,0,0,0,0,0.25,296,69,296,9,0,9,54,22,0,1,33,3.435,58.4,2.018,30.884,1.438,0.478,0.928,0.826,austen
1822,0,289,206,0,0,3,1,0,4.0,297,72,297,23,0,8,57,24,3,17,37,3.403,58.6,2.482,53.975,1.412,0.514,0.931,0.844,chesterton
1823,0,274,210,0,0,0,1,0,0.5,280,61,280,11,0,6,44,23,0,4,39,3.738,55.2,2.421,33.589,1.271,0.639,0.918,0.891,austen
1824,0,376,296,0,0,1,0,0,0.3333333333333333,386,79,386,11,0,10,53,26,0,6,44,4.038,76.4,2.514,28.841,1.339,0.557,0.937,0.866,austen
1825,0,102,76,0,0,0,1,0,1.0,111,25,111,6,0,9,18,22,0,2,22,3.64,21.4,2.177,24.152,1.087,0.88,0.8,0.96,shakespeare
1826,0,390,301,0,0,1,0,0,3.0,401,86,401,13,0,11,59,24,0,9,47,3.802,79.4,2.656,16.087,1.365,0.547,0.942,0.864,chesterton
1827,0,99,72,0,0,0,1,0,1.0,108,26,108,8,0,9,19,20,1,3,19,3.423,20.8,2.419,20.873,1.182,0.731,0.808,0.904,shakespeare
1828,0,505,392,0,0,0,0,0,0.2857142857142857,518,113,518,16,0,13,85,24,1,2,53,3.726,102.8,2.403,101.583,1.548,0.469,0.956,0.84,austen
1829,0,1154,877,0,0,0,0,1,6.0,1174,255,1174,51,0,20,186,26,0,28,88,3.725,234.0,2.479,216.261,1.875,0.345,0.98,0.808,austen
1830,0,708,568,0,0,0,0,0,11.0,726,139,726,19,0,18,90,26,1,4,57,4.353,144.4,3.237,68.868,1.716,0.41,0.964,0.819,chesterton
1831,0,468,349,0,0,3,0,0,2.0,479,108,479,25,0,11,81,25,1,11,52,3.62,95.0,2.178,72.371,1.543,0.481,0.954,0.844,chesterton
1832,0,143,104,0,0,2,3,0,1.0,156,34,156,10,0,13,24,23,0,5,19,3.853,30.4,2.337,8.877,1.308,0.559,0.853,0.835,austen
1833,0,372,280,0,0,0,1,0,1.0,394,90,394,15,0,22,65,23,0,9,54,3.522,78.0,2.294,110.975,1.304,0.6,0.944,0.886,shakespeare
1834,0,288,219,0,0,1,0,0,1.0,299,67,299,14,0,11,47,24,0,7,43,3.672,59.0,2.513,47.786,1.314,0.642,0.925,0.895,austen
1835,0,472,366,0,0,1,0,2,1.3333333333333333,481,104,481,17,0,9,72,24,2,6,49,3.788,95.4,2.404,59.819,1.486,0.471,0.952,0.838,austen
1836,0,996,786,0,0,0,0,0,0.2,1018,210,1018,30,1,22,142,25,3,7,83,3.995,202.8,2.472,114.327,1.736,0.395,0.976,0.826,austen
1837,0,654,509,0,0,4,2,0,3.0,663,136,663,24,0,9,90,24,1,12,63,4.051,131.8,2.637,90.123,1.495,0.463,0.963,0.843,chesterton
1838,0,382,305,0,0,0,0,0,4.0,389,75,389,11,0,7,48,25,1,5,33,4.307,77.0,2.995,36.667,1.442,0.44,0.933,0.81,chesterton
1839,0,653,498,0,2,2,0,1,0.2,663,144,663,30,0,10,103,25,0,12,63,3.764,131.8,2.421,139.071,1.636,0.438,0.965,0.834,austen
1840,0,74,54,0,0,0,1,0,1.0,81,20,81,5,0,7,15,19,0,1,14,3.3,15.4,1.895,11.887,1.176,0.7,0.75,0.881,shakespeare
1841,0,695,528,0,0,3,1,0,0.5,708,158,708,30,0,13,109,23,1,15,68,3.658,140.8,2.164,48.215,1.663,0.43,0.968,0.833,chesterton
1842,0,372,292,0,0,0,0,0,3.0,381,81,381,12,0,9,53,25,3,4,50,3.877,75.4,1.92,25.314,1.266,0.617,0.938,0.89,chesterton
1843,0,492,380,0,0,0,0,0,4.0,497,109,497,13,0,5,77,24,0,3,54,3.661,98.6,1.992,39.081,1.514,0.495,0.954,0.85,chesterton
1844,0,848,668,0,0,0,0,0,0.14285714285714285,866,170,866,33,0,18,109,26,1,11,76,4.229,172.4,2.44,109.573,1.604,0.447,0.971,0.843,austen
1845,0,622,486,0,0,1,0,3,0.3333333333333333,634,131,634,22,0,12,94,25,1,8,68,3.985,126.0,2.521,90.728,1.456,0.519,0.962,0.866,austen
1846,0,1756,1375,0,0,0,0,0,0.14285714285714285,1776,354,1776,71,0,20,240,25,2,16,130,4.141,354.4,2.753,164.69,1.956,0.367,0.986,0.829,austen
1847,0,53,36,0,0,0,0,0,1.0,60,17,60,5,0,7,16,16,0,2,12,2.824,11.2,1.776,8.843,1.214,0.706,0.706,0.877,shakespeare
1848,1,424,330,0,0,1,0,1,1.0,436,93,436,12,0,12,63,24,0,7,48,3.839,86.4,2.143,71.318,1.388,0.516,0.946,0.854,chesterton
1849,0,707,547,0,0,0,0,0,1.0,722,159,722,19,0,15,113,23,1,13,81,3.66,143.6,2.065,66.864,1.559,0.509,0.969,0.867,chesterton
1850,0,603,472,0,0,0,0,0,3.0,609,132,609,13,0,6,96,25,0,2,48,3.72,121.0,2.145,83.442,1.692,0.364,0.962,0.793,chesterton
1851,0,880,684,0,0,0,0,0,1.0,894,192,894,28,0,14,131,27,2,11,78,3.781,178.0,2.381,70.658,1.811,0.406,0.974,0.829,chesterton
1852,0,747,591,0,0,2,0,0,1.0,760,150,760,22,0,13,104,24,0,7,66,4.207,151.2,2.673,81.977,1.613,0.44,0.967,0.836,chesterton
1853,0,168,124,0,0,0,2,0,1.0,175,43,175,8,0,7,36,21,0,1,24,3.233,34.2,1.445,47.257,1.344,0.558,0.884,0.845,shakespeare
1854,0,270,205,0,0,1,0,1,0.5,282,63,282,13,0,12,46,25,0,8,38,3.698,55.6,2.454,22.177,1.286,0.603,0.921,0.878,austen
1855,0,993,780,0,0,0,0,0,4.0,1002,207,1002,29,0,9,138,24,2,5,95,3.957,199.6,2.301,107.081,1.643,0.459,0.976,0.854,chesterton
1856,0,386,305,0,0,0,1,0,0.5,394,79,394,9,0,8,53,25,0,3,53,4.076,78.0,2.716,25.913,1.215,0.671,0.937,0.909,austen
1857,0,742,586,0,0,0,0,0,2.0,750,155,750,16,0,8,108,25,0,2,83,3.942,149.2,2.339,30.565,1.52,0.535,0.968,0.876,chesterton
1858,0,873,693,0,0,0,0,0,2.0,883,174,883,25,0,10,111,24,0,3,71,4.184,175.8,2.547,103.521,1.723,0.408,0.971,0.826,chesterton
1859,0,211,151,0,0,3,0,0,2.0,218,55,218,17,0,7,40,22,2,10,30,3.327,42.8,1.963,35.675,1.375,0.545,0.909,0.849,chesterton
1860,0,339,256,0,0,0,3,0,0.5,348,77,348,15,0,9,58,24,1,7,40,3.649,68.8,2.448,60.508,1.4,0.519,0.935,0.849,austen
1861,0,624,487,0,0,0,0,0,1.0,638,135,638,18,0,14,96,24,0,11,63,3.852,126.8,2.633,84.615,1.552,0.467,0.963,0.845,austen
1862,0,250,172,0,0,3,1,0,2.0,255,66,255,25,0,5,50,23,1,18,30,3.182,50.2,1.779,34.774,1.467,0.455,0.924,0.812,chesterton
1863,0,322,241,0,0,2,1,0,1.0,333,75,333,21,0,11,57,23,2,7,46,3.707,65.8,2.603,39.821,1.339,0.613,0.933,0.887,chesterton
1864,0,725,573,0,0,0,0,0,2.5,735,152,735,14,0,10,105,25,0,1,72,3.928,146.2,2.065,33.387,1.583,0.474,0.967,0.851,chesterton
1865,0,268,197,0,0,1,0,1,2.0,276,68,276,16,0,8,52,22,4,11,32,3.309,54.4,2.082,42.081,1.417,0.471,0.926,0.821,chesterton
1866,0,1414,1106,0,0,0,0,0,0.1,1444,294,1444,58,0,30,194,25,6,19,105,4.061,288.0,2.707,177.627,1.973,0.357,0.983,0.819,austen
1867,0,365,282,0,0,0,0,0,1.0,378,83,378,11,0,13,63,24,0,6,52,3.687,74.8,2.274,43.928,1.339,0.627,0.94,0.894,austen
1868,0,449,330,0,0,0,0,1,0.5,464,116,464,16,0,15,96,24,0,12,57,3.129,92.0,1.712,67.557,1.506,0.491,0.957,0.851,austen
1869,0,269,198,1,0,1,0,1,2.0,278,66,278,14,0,9,51,24,1,10,48,3.394,54.8,2.211,31.697,1.2,0.727,0.924,0.924,austen
1870,0,715,566,0,0,0,0,0,8.0,721,140,721,19,0,6,94,23,0,9,67,4.229,143.4,2.543,77.41,1.538,0.479,0.964,0.851,chesterton
1871,0,646,518,0,0,0,0,0,1.0,654,129,654,12,0,8,76,24,0,5,70,4.171,130.0,2.349,27.982,1.466,0.543,0.961,0.874,chesterton
1872,0,1717,1347,0,0,0,0,0,0.375,1743,360,1743,52,0,26,245,24,5,16,142,3.958,347.8,2.29,191.978,1.905,0.394,0.986,0.842,austen
1873,0,911,711,0,0,0,1,0,4.0,964,192,964,36,0,53,115,25,0,7,94,4.167,192.0,2.641,213.925,1.466,0.49,0.974,0.864,shakespeare
1874,0,378,279,0,0,4,1,1,1.0,392,92,392,24,0,14,72,23,0,9,48,3.533,77.6,2.365,48.686,1.438,0.522,0.946,0.856,austen
1875,0,210,159,0,0,0,0,0,1.0,223,52,223,9,0,13,37,23,0,3,34,3.481,43.8,2.015,51.271,1.209,0.654,0.904,0.892,shakespeare
1876,0,90,66,0,0,0,2,0,2.0,95,23,95,6,0,5,18,21,0,1,15,3.348,18.2,2.724,16.316,1.211,0.652,0.783,0.864,shakespeare
1877,0,462,362,0,0,0,1,0,2.0,485,98,485,14,0,23,61,25,0,6,54,4.071,96.2,2.496,117.108,1.289,0.551,0.949,0.87,shakespeare
1878,0,955,759,0,0,0,0,0,0.3333333333333333,979,197,979,21,0,24,134,26,2,6,74,4.081,195.0,2.417,140.586,1.841,0.376,0.975,0.815,austen
1879,0,673,534,0,0,0,2,0,0.2,691,138,691,14,0,18,94,24,1,3,67,4.101,137.4,2.45,127.86,1.438,0.486,0.964,0.853,austen
1880,0,527,409,0,0,2,1,0,4.0,536,111,536,18,0,9,76,24,0,7,65,3.964,106.4,2.416,13.795,1.354,0.586,0.955,0.886,chesterton
1881,0,544,416,0,0,0,0,0,2.0,553,128,553,17,0,9,93,23,0,11,60,3.469,109.8,2.195,21.441,1.506,0.469,0.961,0.844,austen
1882,2,333,262,0,0,0,0,0,2.0,354,70,354,9,0,21,45,23,0,4,47,4.171,70.0,2.119,87.79,1.25,0.671,0.929,0.906,austen
1883,0,250,191,0,0,0,0,0,1.0,267,59,267,10,0,17,44,23,2,4,42,3.695,52.6,1.941,80.503,1.18,0.712,0.915,0.917,shakespeare
1884,0,145,106,0,0,0,0,0,1.0,152,38,152,11,0,7,30,21,1,3,27,3.263,29.6,1.841,18.69,1.267,0.711,0.868,0.906,shakespeare
1885,0,348,253,0,0,4,1,0,2.0,361,86,361,22,0,13,65,23,2,14,46,3.442,71.4,2.167,55.757,1.41,0.535,0.942,0.86,chesterton
1886,0,197,148,0,0,0,0,0,1.0,207,50,207,8,0,10,37,22,1,6,37,3.32,40.6,2.035,52.357,1.163,0.74,0.9,0.923,shakespeare
1887,0,419,328,0,0,0,0,0,1.0,429,92,429,10,0,10,62,25,0,4,50,3.783,85.0,2.296,28.723,1.394,0.543,0.946,0.865,austen
1888,0,411,314,0,0,3,0,0,1.0,419,89,419,19,0,8,61,23,0,8,47,3.91,83.0,2.224,52.559,1.369,0.528,0.944,0.858,chesterton
1889,0,103,76,0,0,0,1,0,1.0,111,27,111,5,0,8,21,21,0,4,21,3.296,21.4,1.977,16.802,1.125,0.778,0.815,0.924,shakespeare
1890,0,61,45,0,0,0,0,0,1.0,69,16,69,4,0,8,11,21,0,1,12,3.562,13.0,1.931,9.695,1.143,0.75,0.688,0.896,shakespeare
1891,0,141,109,0,0,0,1,0,1.0,149,32,149,4,0,8,24,21,0,3,26,3.781,29.0,2.254,22.159,1.103,0.812,0.844,0.94,shakespeare
1892,1,608,469,0,0,2,0,0,3.0,629,134,629,26,0,21,92,26,0,9,72,3.881,125.0,2.678,118.341,1.441,0.537,0.963,0.873,austen
1893,0,598,487,0,0,0,0,0,2.0,605,110,605,11,0,7,66,25,0,2,62,4.591,120.2,2.846,27.626,1.429,0.564,0.955,0.878,chesterton
1894,0,359,272,0,2,0,0,2,2.0,366,82,366,24,0,7,56,23,1,6,51,3.695,72.4,2.702,44.258,1.323,0.622,0.939,0.892,austen
1895,0,407,315,0,0,1,1,0,2.0,417,88,417,18,0,10,58,23,1,7,46,3.932,82.6,2.458,57.839,1.397,0.523,0.943,0.855,austen
1896,0,556,427,1,0,0,5,0,1.0,589,123,589,18,0,33,86,24,0,6,60,3.886,117.0,2.355,134.631,1.5,0.488,0.959,0.851,shakespeare
1897,0,806,600,0,0,3,0,0,2.0,817,192,817,41,0,11,141,25,1,15,72,3.438,162.6,2.096,92.894,1.778,0.375,0.974,0.813,austen
1898,0,172,121,0,0,2,1,1,2.0,176,45,176,16,0,4,36,23,1,10,28,3.267,34.4,2.038,22.267,1.286,0.622,0.889,0.875,chesterton
1899,0,213,150,0,0,3,0,2,1.0,221,56,221,16,0,8,43,23,0,11,35,3.232,43.4,2.063,18.036,1.302,0.625,0.911,0.883,austen
1900,0,433,342,0,0,0,0,0,1.6666666666666667,438,91,438,11,0,5,65,23,0,2,45,3.934,86.8,2.529,57.997,1.468,0.495,0.945,0.844,austen
1901,0,227,166,0,0,1,0,0,2.0,232,58,232,13,0,5,43,22,0,5,25,3.241,45.6,1.94,14.135,1.526,0.431,0.914,0.793,chesterton
1902,0,275,212,0,0,0,0,0,1.0,294,63,294,12,0,19,39,23,0,4,42,3.857,58.0,2.116,87.227,1.235,0.667,0.921,0.902,shakespeare
1903,0,419,323,0,0,3,1,0,3.0,424,91,424,16,0,5,63,23,0,8,47,3.846,84.0,2.417,35.121,1.422,0.516,0.945,0.854,chesterton
1904,0,196,138,0,0,3,2,0,1.0,202,50,202,18,0,6,37,21,2,11,20,3.38,39.6,2.338,17.501,1.562,0.4,0.9,0.766,chesterton
1905,0,380,281,0,0,1,0,0,2.0,388,91,388,20,0,8,73,23,0,13,52,3.429,76.8,2.061,31.523,1.358,0.571,0.945,0.876,austen
1906,0,672,532,0,0,0,0,0,0.16666666666666666,680,139,680,23,0,8,90,24,1,2,71,4.05,135.2,2.622,116.922,1.511,0.511,0.964,0.864,austen
1907,0,1116,885,0,0,0,0,0,0.3333333333333333,1131,228,1131,33,0,15,152,25,3,8,104,4.092,225.4,2.617,173.779,1.701,0.456,0.978,0.855,austen
1908,0,47,33,0,0,0,0,0,1.0,54,15,54,4,0,7,14,18,0,0,10,2.933,10.0,1.387,7.778,1.25,0.667,0.667,0.85,shakespeare
1909,1,1165,899,2,1,0,1,0,0.25,1189,246,1189,51,0,24,157,25,2,8,101,3.959,237.0,2.352,221.582,1.783,0.411,0.98,0.838,austen
1910,0,307,230,0,0,0,0,0,1.0,324,77,324,21,0,17,54,24,0,2,36,3.481,64.0,2.144,28.417,1.571,0.468,0.935,0.825,shakespeare
1911,0,384,290,0,0,3,1,1,1.0,395,86,395,18,0,11,61,24,0,14,45,3.791,78.2,2.576,63.731,1.433,0.523,0.942,0.855,chesterton
1912,0,357,266,0,0,4,0,1,2.0,364,83,364,21,0,7,60,23,0,10,47,3.651,72.0,2.121,44.255,1.383,0.566,0.94,0.871,chesterton
1913,0,178,133,0,0,0,1,0,1.0,189,44,189,9,0,11,30,24,0,5,33,3.477,37.0,1.959,67.209,1.128,0.75,0.886,0.924,shakespeare
1914,0,326,240,0,1,0,1,1,0.2,344,82,344,16,0,18,59,22,0,10,51,3.341,68.0,2.02,58.579,1.224,0.622,0.939,0.892,shakespeare
1915,0,1140,854,0,0,2,0,0,1.0,1163,272,1163,50,0,23,208,26,0,28,84,3.43,231.8,2.147,151.345,2.109,0.309,0.982,0.79,austen
1916,4,520,414,0,0,3,0,0,1.0,564,101,564,17,0,44,51,24,1,11,44,4.762,112.0,2.801,11.979,1.578,0.436,0.95,0.82,chesterton
1917,0,649,491,3,0,0,1,0,5.0,696,151,696,30,0,47,104,23,0,7,58,3.762,138.4,2.465,20.256,1.716,0.384,0.967,0.809,shakespeare
1918,0,379,279,0,0,2,0,0,1.5,389,97,389,16,0,10,79,25,0,10,45,3.196,77.0,1.929,50.651,1.516,0.464,0.948,0.832,austen
1919,0,445,330,0,0,1,0,0,3.0,452,101,452,26,0,7,76,23,0,10,50,3.624,89.6,2.275,39.684,1.485,0.495,0.95,0.848,austen
1920,0,358,266,0,0,2,0,0,5.0,366,84,366,19,0,8,59,24,2,10,48,3.548,72.4,2.372,22.81,1.355,0.571,0.94,0.874,chesterton
1921,0,539,430,0,0,0,0,0,3.0,545,109,545,10,0,6,76,25,0,1,56,4.092,108.2,2.222,54.577,1.346,0.514,0.954,0.858,chesterton
1922,0,544,424,0,0,0,0,0,2.0,552,117,552,22,0,8,79,24,0,4,66,3.889,109.6,2.344,102.141,1.36,0.564,0.957,0.88,austen
1923,0,723,559,0,0,0,0,0,4.0,740,163,740,20,0,17,116,25,4,13,79,3.663,147.2,2.141,70.226,1.538,0.485,0.969,0.858,chesterton
1924,0,470,360,0,0,2,0,0,2.0,477,106,477,18,0,7,75,24,0,9,59,3.679,94.6,2.132,67.166,1.472,0.557,0.953,0.874,chesterton
1925,0,137,101,0,0,0,0,0,1.0,148,37,148,6,0,11,30,22,0,2,25,3.189,28.8,1.697,43.02,1.233,0.676,0.865,0.891,shakespeare
1926,0,320,240,0,0,0,0,0,3.0,336,79,336,13,0,16,61,22,0,5,37,3.405,66.4,2.06,82.866,1.411,0.468,0.937,0.826,shakespeare
1927,0,396,294,0,0,2,0,0,0.3333333333333333,411,96,411,20,0,15,73,26,0,13,45,3.469,81.4,2.233,66.418,1.477,0.469,0.948,0.834,austen
1928,0,644,492,0,0,0,0,0,2.0,677,149,677,24,0,33,102,24,2,14,91,3.685,134.6,2.01,123.085,1.33,0.611,0.966,0.901,shakespeare
1929,0,431,334,0,0,2,2,0,3.0,442,93,442,13,0,11,67,25,0,7,59,3.903,87.6,2.303,24.234,1.292,0.634,0.946,0.9,chesterton
1930,0,111,72,0,0,2,2,0,1.0,117,33,117,12,0,6,28,20,0,7,13,2.879,22.6,1.654,16.994,1.435,0.394,0.848,0.734,austen
1931,0,154,118,0,0,0,0,0,2.0,164,36,164,6,0,10,27,23,0,2,29,3.722,32.0,2.468,37.809,1.125,0.806,0.861,0.94,shakespeare
1932,0,282,208,0,0,2,0,0,2.0,291,70,291,16,0,9,55,25,0,9,41,3.386,57.4,2.379,25.842,1.346,0.586,0.929,0.874,austen
1933,0,366,290,1,0,0,2,0,1.0,375,73,375,11,0,9,49,24,0,0,39,4.247,74.2,2.597,31.917,1.377,0.534,0.932,0.854,chesterton
1934,0,355,262,0,0,3,0,0,6.0,363,86,363,18,0,8,62,23,1,10,46,3.43,71.8,1.831,40.009,1.41,0.535,0.942,0.86,chesterton
1935,0,872,666,0,1,0,1,0,1.0,921,199,921,44,0,49,131,25,2,16,94,3.814,183.4,2.433,244.356,1.555,0.472,0.975,0.858,shakespeare
1936,0,598,456,0,0,3,0,2,2.0,612,132,612,28,0,14,98,24,0,19,50,3.826,121.6,2.652,140.415,1.671,0.379,0.962,0.801,austen
1937,0,322,232,0,0,4,0,0,1.0,332,81,332,21,0,10,64,24,2,16,40,3.358,65.6,2.204,31.477,1.5,0.494,0.938,0.839,chesterton
1938,0,786,606,0,1,0,1,0,1.0,836,176,836,30,0,50,106,24,1,12,95,3.898,166.4,2.22,325.369,1.431,0.54,0.972,0.881,shakespeare
1939,0,172,128,0,0,0,0,0,1.0,186,45,186,10,0,14,33,22,1,4,30,3.378,36.4,2.003,27.574,1.216,0.667,0.889,0.893,shakespeare
1940,0,352,274,0,0,0,0,0,3.0,363,76,363,14,0,11,52,22,2,7,48,3.947,71.8,2.508,35.556,1.288,0.632,0.934,0.894,chesterton
1941,0,396,302,0,0,3,1,0,2.0,405,88,405,21,0,9,63,22,1,13,52,3.852,80.2,2.607,96.259,1.333,0.591,0.943,0.882,chesterton
1942,0,331,249,0,0,2,1,0,0.6666666666666666,341,80,341,15,0,10,59,24,1,9,44,3.475,67.4,2.019,61.452,1.356,0.55,0.938,0.864,austen
1943,0,953,746,0,0,0,0,2,1.25,967,198,967,29,0,14,143,25,1,7,71,3.985,192.6,2.438,107.997,1.886,0.359,0.975,0.806,austen
1944,0,958,746,0,0,0,0,0,0.6666666666666666,973,202,973,37,0,15,135,24,2,8,90,3.95,193.8,2.457,74.834,1.683,0.446,0.975,0.848,austen
1945,0,304,224,0,0,0,1,0,1.0,319,79,319,16,0,15,64,22,1,7,46,3.228,63.0,2.038,117.418,1.411,0.582,0.937,0.876,shakespeare
1946,0,577,432,0,0,2,1,0,0.3333333333333333,589,140,589,24,0,12,117,26,0,12,61,3.379,117.0,2.023,38.125,1.609,0.436,0.964,0.832,austen
1947,0,442,348,0,0,0,0,0,4.0,449,94,449,11,0,7,66,25,2,6,43,3.904,89.0,2.619,61.717,1.492,0.457,0.947,0.828,chesterton
1948,0,239,181,0,0,2,1,0,1.0,246,55,246,11,0,7,41,22,0,6,33,3.709,48.4,2.123,35.99,1.279,0.6,0.909,0.873,chesterton
1949,0,69,51,0,0,0,0,0,1.0,76,19,76,6,0,7,11,18,0,1,11,3.368,14.4,1.978,12.934,1.357,0.579,0.737,0.814,shakespeare
1950,0,131,96,0,0,0,0,0,1.0,140,36,140,10,0,9,28,22,0,3,21,3.194,27.2,2.266,33.177,1.385,0.583,0.861,0.85,shakespeare
1951,0,453,346,0,0,3,1,0,4.0,459,97,459,23,0,6,69,23,0,10,49,3.928,91.0,2.826,68.154,1.426,0.505,0.948,0.851,chesterton
1952,0,1046,816,0,0,1,0,0,1.0,1065,219,1065,40,0,19,151,24,1,13,95,4.014,212.2,2.676,144.999,1.622,0.434,0.977,0.845,austen
1953,0,377,278,0,0,2,1,0,4.0,389,95,389,21,0,12,74,23,4,15,46,3.326,77.0,1.981,20.211,1.462,0.484,0.947,0.841,chesterton
1954,0,991,778,0,0,1,0,0,1.5,1001,210,1001,26,0,10,153,25,0,8,83,3.89,199.4,2.487,205.855,1.765,0.395,0.976,0.826,austen
1955,0,445,343,0,0,0,0,1,4.0,453,102,453,16,0,8,76,23,0,5,44,3.598,89.8,2.573,50.266,1.569,0.431,0.951,0.818,austen
1956,0,133,95,0,1,0,3,0,2.0,142,34,142,8,0,9,26,20,1,1,27,3.294,27.6,2.263,36.678,1.133,0.794,0.853,0.935,shakespeare
1957,0,481,370,0,0,1,0,1,1.0,501,106,501,20,0,20,74,24,0,12,68,3.887,99.4,2.462,54.839,1.309,0.642,0.953,0.905,austen
1958,0,589,461,0,0,0,0,1,0.2,596,124,596,19,0,7,87,26,0,5,60,3.944,118.4,2.4,122.224,1.55,0.484,0.96,0.849,austen
1959,0,411,315,1,0,0,0,0,1.0,428,95,428,13,0,17,67,25,0,9,54,3.632,84.8,2.255,118.822,1.377,0.568,0.947,0.876,shakespeare
1960,0,515,399,0,0,3,1,0,2.0,523,109,523,21,0,8,64,23,2,10,67,3.982,103.8,2.24,102.097,1.313,0.615,0.954,0.896,chesterton
1961,0,1170,934,0,0,0,0,0,0.25,1192,235,1192,22,2,22,156,24,2,7,92,4.17,237.6,2.485,205.576,1.78,0.391,0.979,0.828,austen
1962,0,268,202,0,0,0,3,2,2.0,273,62,273,11,0,5,46,23,3,3,24,3.516,53.8,1.94,45.861,1.55,0.387,0.919,0.77,chesterton
1963,0,576,448,0,0,1,0,0,7.0,584,126,584,16,0,8,85,25,0,3,75,3.762,116.0,2.185,59.636,1.432,0.595,0.96,0.893,chesterton
1964,0,311,224,0,0,2,1,0,1.0,318,75,318,22,0,7,56,24,0,13,36,3.427,62.8,2.478,46.821,1.442,0.48,0.933,0.83,austen
1965,0,165,122,0,0,0,0,0,1.0,173,43,173,5,0,8,36,23,0,6,25,3.14,33.8,2.007,30.679,1.229,0.581,0.884,0.856,shakespeare
1966,0,532,412,0,0,1,0,0,4.0,540,118,540,20,0,8,82,25,2,9,50,3.763,107.2,2.452,22.676,1.494,0.424,0.958,0.82,austen
1967,0,552,415,0,0,0,0,0,2.0,581,133,581,23,0,29,95,24,0,8,69,3.511,115.4,2.036,179.861,1.415,0.519,0.962,0.866,shakespeare
1968,1,215,170,0,0,0,0,0,1.0,221,44,221,9,0,6,27,20,0,2,24,4.205,110.0,2.89,148.492,1.571,0.545,0.955,0.84,austen
1969,0,144,100,0,0,0,5,0,1.0,154,36,154,11,0,10,27,22,0,3,20,3.361,30.0,2.532,21.92,1.333,0.556,0.861,0.836,shakespeare
1970,0,691,543,0,0,0,0,0,3.0,698,144,698,21,0,7,101,24,4,12,69,3.972,138.8,2.536,53.532,1.565,0.479,0.965,0.852,chesterton
1971,0,300,235,0,0,0,0,2,1.0,306,63,306,9,0,6,42,23,1,4,36,4.0,60.4,2.456,54.839,1.312,0.571,0.921,0.865,chesterton
1972,0,438,326,0,2,1,0,0,6.0,444,104,444,25,0,6,75,23,1,8,41,3.471,88.0,2.019,53.628,1.576,0.394,0.952,0.8,chesterton
1973,0,472,365,0,0,0,0,0,2.0,499,104,499,21,1,27,67,24,0,1,60,3.981,99.0,2.457,84.699,1.444,0.577,0.952,0.882,shakespeare
1974,0,813,667,0,0,0,0,0,2.0,822,146,822,14,0,9,82,26,2,4,81,4.726,163.6,2.685,38.604,1.446,0.555,0.966,0.882,chesterton
1975,0,86,62,0,0,0,1,1,1.0,96,22,96,5,0,10,15,20,0,2,18,3.5,18.4,1.994,16.532,1.1,0.818,0.773,0.935,shakespeare
1976,2,764,579,0,0,1,0,5,0.5,789,166,789,38,0,25,119,25,0,17,72,3.88,157.0,2.422,144.739,1.644,0.434,0.97,0.837,austen
1977,0,220,162,0,0,1,0,0,1.0,231,58,231,14,0,11,48,22,1,6,31,3.259,45.4,2.082,25.056,1.381,0.534,0.914,0.846,austen
1978,0,259,195,0,0,0,0,0,1.0,275,63,275,12,0,16,43,23,0,10,31,3.54,54.2,2.375,50.445,1.37,0.492,0.921,0.829,shakespeare
1979,0,437,342,0,0,1,1,1,2.0,447,92,447,17,0,10,58,23,3,6,56,4.043,88.6,2.358,59.125,1.333,0.609,0.946,0.89,chesterton
1980,0,335,246,0,0,3,1,1,2.0,341,80,341,21,0,6,62,22,3,16,38,3.5,67.4,1.929,54.848,1.481,0.475,0.938,0.83,chesterton
1981,0,391,300,0,0,2,1,1,1.0,399,88,399,16,0,8,63,24,0,7,47,3.727,79.0,2.338,86.096,1.354,0.534,0.943,0.86,austen
1982,0,703,546,0,0,1,0,3,1.75,711,146,711,27,0,8,97,24,0,11,63,4.007,141.4,2.526,92.859,1.587,0.432,0.966,0.831,austen
1983,0,387,304,0,0,1,0,1,2.0,391,79,391,12,0,4,55,25,1,5,49,4.076,77.4,2.401,50.708,1.339,0.62,0.937,0.891,chesterton
1984,0,1162,929,0,0,0,0,0,0.4,1171,233,1171,32,0,9,151,26,3,5,106,4.163,233.4,2.559,146.493,1.652,0.455,0.979,0.856,austen
1985,0,709,555,0,0,0,0,0,0.25,724,151,724,24,0,15,105,27,0,11,67,3.934,144.0,2.542,208.149,1.606,0.444,0.967,0.838,austen
1986,0,373,271,0,0,2,2,0,1.0,387,92,387,25,0,14,71,24,0,16,41,3.424,76.6,1.996,36.855,1.533,0.446,0.946,0.821,austen
1987,0,1026,824,0,0,0,0,0,3.0,1035,201,1035,24,0,9,123,26,1,2,104,4.264,206.2,2.645,80.998,1.534,0.517,0.975,0.876,chesterton
1988,0,580,427,0,0,2,0,1,2.0,598,136,598,32,0,18,101,26,0,18,60,3.544,118.8,2.043,97.502,1.545,0.441,0.963,0.833,austen
1989,0,330,258,0,0,0,0,0,1.0,349,71,349,15,0,19,49,26,0,2,35,4.113,69.0,3.16,49.855,1.449,0.493,0.93,0.834,shakespeare
1990,0,602,465,0,0,0,0,1,0.16666666666666666,615,131,615,25,0,13,87,25,1,10,56,3.847,122.2,2.15,42.293,1.598,0.427,0.962,0.826,austen
1991,0,1588,1256,1,1,0,0,1,0.1111111111111111,1610,321,1610,46,0,22,217,26,4,14,123,4.128,321.2,2.58,156.908,1.814,0.383,0.984,0.834,austen
1992,0,153,114,0,0,0,1,0,1.0,161,39,161,9,0,8,27,20,0,1,29,3.359,31.4,1.885,36.78,1.219,0.744,0.872,0.919,shakespeare
1993,0,275,204,0,0,1,0,0,2.0,283,66,283,17,0,8,48,24,4,13,36,3.53,55.8,2.361,32.105,1.347,0.545,0.924,0.855,chesterton
1994,0,697,557,1,0,0,0,0,0.125,708,139,708,15,0,11,95,26,1,4,65,4.194,140.8,2.745,66.005,1.58,0.468,0.964,0.846,austen
1995,0,754,603,0,0,0,0,0,0.5,762,149,762,18,0,8,99,23,0,3,79,4.228,151.6,2.55,87.512,1.419,0.53,0.966,0.873,austen
1996,0,777,603,0,0,0,0,0,0.6666666666666666,795,167,795,31,0,18,122,26,4,15,74,3.91,158.2,2.785,117.054,1.67,0.443,0.97,0.841,austen
1997,0,630,501,0,0,0,0,0,1.5,643,129,643,20,0,13,87,26,1,2,66,4.14,127.8,2.794,70.493,1.5,0.512,0.961,0.862,austen
1998,0,1267,989,0,0,1,0,0,1.75,1276,265,1276,42,0,9,178,26,0,12,109,3.932,254.4,2.386,192.481,1.828,0.411,0.981,0.841,austen
1999,0,453,346,0,0,1,0,0,2.0,463,100,463,25,0,10,69,24,0,8,61,3.84,91.8,2.936,60.537,1.37,0.61,0.95,0.893,chesterton
2000,0,722,573,0,0,0,0,0,3.0,730,146,730,22,0,8,95,24,0,6,76,4.13,145.2,2.795,51.378,1.446,0.521,0.966,0.869,chesterton
2001,0,572,444,0,0,0,0,0,1.0,600,125,600,20,0,28,85,24,0,3,65,3.936,119.2,2.299,103.435,1.42,0.52,0.96,0.865,shakespeare
2002,0,859,688,0,0,0,0,0,0.3333333333333333,869,169,869,23,0,10,108,25,1,5,90,4.266,173.0,2.62,115.017,1.482,0.533,0.97,0.877,austen
2003,0,69,54,0,0,0,0,0,1.0,75,16,75,3,0,6,9,19,0,2,11,3.938,14.2,2.72,13.293,1.231,0.688,0.688,0.865,shakespeare
2004,0,386,287,0,0,0,2,0,3.0,405,97,405,19,0,19,73,23,0,8,51,3.351,80.2,1.995,144.59,1.386,0.526,0.948,0.859,shakespeare
2005,0,1125,893,0,0,0,0,0,1.0,1149,232,1149,28,0,24,158,25,2,7,86,4.073,229.0,2.705,158.286,1.758,0.371,0.978,0.818,austen
2006,0,675,537,0,0,0,0,1,0.2,688,138,688,16,0,13,91,25,2,3,62,4.101,136.8,2.393,97.569,1.568,0.449,0.964,0.838,austen
2007,0,92,68,0,0,0,1,0,1.0,102,24,102,5,0,10,16,19,0,1,16,3.458,19.6,1.888,20.007,1.2,0.667,0.792,0.872,shakespeare
2008,0,385,291,0,0,1,0,2,1.0,395,88,395,17,0,10,64,25,1,12,49,3.659,78.2,2.339,64.177,1.294,0.557,0.943,0.869,austen
2009,0,340,254,0,0,3,1,0,3.0,348,78,348,17,0,8,58,24,0,7,50,3.654,68.8,2.137,28.917,1.3,0.641,0.936,0.898,chesterton
2010,0,704,546,0,0,1,0,2,1.0,719,146,719,26,0,15,95,25,0,12,79,4.034,143.0,2.585,88.558,1.404,0.541,0.966,0.877,austen
2011,0,167,116,0,0,0,0,0,1.0,173,49,173,14,0,6,41,23,4,11,25,2.796,33.8,2.131,14.755,1.531,0.51,0.898,0.827,chesterton
2012,0,211,150,0,0,2,2,0,2.0,219,53,219,16,0,8,40,22,1,8,35,3.377,43.0,2.012,26.239,1.262,0.66,0.906,0.895,austen
2013,0,69,48,0,0,0,1,0,1.0,75,21,75,6,0,6,18,17,0,1,12,2.857,14.2,1.905,16.069,1.235,0.571,0.762,0.816,shakespeare
2014,0,153,113,0,0,0,0,0,1.0,163,40,163,6,0,10,29,23,0,7,29,3.225,31.8,1.874,32.79,1.143,0.725,0.875,0.913,shakespeare
2015,0,2034,1591,0,0,0,0,0,0.25,2075,425,2075,74,0,41,294,26,2,47,155,4.014,414.2,2.717,380.394,1.932,0.365,0.988,0.833,austen
2016,0,89,59,0,0,0,1,0,1.0,101,28,101,8,0,12,20,20,0,4,19,2.821,19.4,1.926,16.041,1.273,0.679,0.821,0.884,shakespeare
2017,0,182,140,0,0,0,0,0,1.0,188,42,188,10,0,6,29,23,2,4,23,3.762,36.8,2.335,22.676,1.312,0.548,0.881,0.839,chesterton
2018,0,55,42,0,0,0,0,0,1.0,63,14,63,3,0,8,9,16,0,0,6,3.786,11.8,1.847,9.808,1.4,0.429,0.643,0.679,shakespeare
2019,0,399,307,0,0,0,0,0,3.0,413,93,413,13,0,14,68,24,0,7,52,3.591,81.8,2.188,21.23,1.388,0.559,0.946,0.872,chesterton
2020,0,554,428,0,0,1,0,0,1.0,560,124,560,18,0,6,90,26,1,5,60,3.661,111.2,2.079,66.773,1.57,0.484,0.96,0.849,chesterton
2021,0,768,610,0,0,0,0,0,1.0,774,157,774,18,0,6,102,25,0,2,72,4.038,154.0,2.415,70.285,1.619,0.459,0.968,0.846,chesterton
2022,0,729,556,0,0,0,4,2,0.5,739,157,739,34,0,10,113,26,0,9,66,3.822,147.0,2.814,125.553,1.707,0.42,0.968,0.829,austen
2023,0,183,140,0,0,0,0,3,1.0,188,41,188,8,0,5,29,23,0,1,22,3.756,36.8,2.165,41.973,1.323,0.537,0.878,0.832,chesterton
2024,0,440,334,0,0,3,0,2,1.5,447,96,447,24,0,7,64,25,0,8,54,3.865,88.6,2.474,42.211,1.371,0.562,0.948,0.874,austen
2025,0,312,217,0,0,3,1,1,1.0,321,81,321,32,0,9,66,25,2,19,41,3.284,63.4,2.43,65.561,1.5,0.506,0.938,0.845,chesterton
2026,0,341,272,0,0,1,1,0,3.0,345,65,345,8,0,4,40,23,0,4,43,4.415,68.2,2.811,53.784,1.204,0.662,0.923,0.901,chesterton
2027,0,124,96,0,0,0,1,0,2.0,132,27,132,4,0,8,18,22,0,1,23,4.0,25.6,2.602,31.069,1.08,0.852,0.815,0.951,shakespeare
2028,0,279,206,0,0,1,0,0,3.0,285,69,285,13,0,6,54,22,1,4,37,3.304,56.2,2.017,34.924,1.327,0.536,0.928,0.853,chesterton
2029,0,909,715,0,1,0,0,0,1.0,923,190,923,26,0,14,133,26,1,4,83,3.974,183.8,2.455,144.398,1.667,0.437,0.974,0.842,austen
2030,0,576,453,0,0,1,0,0,2.0,590,120,590,16,0,14,80,25,0,10,66,4.05,117.2,2.566,25.607,1.446,0.55,0.958,0.875,chesterton
2031,0,202,150,0,0,1,0,1,1.0,212,49,212,14,0,10,35,25,0,8,31,3.592,41.6,2.669,50.777,1.289,0.633,0.898,0.882,austen
2032,0,374,285,0,0,2,0,0,1.0,381,83,381,16,0,7,57,23,0,6,44,3.783,75.4,2.153,50.451,1.407,0.53,0.94,0.856,chesterton
2033,0,293,213,0,0,3,0,1,3.0,302,71,302,18,0,9,54,24,2,12,42,3.465,59.6,2.209,26.68,1.315,0.592,0.93,0.877,chesterton
2034,0,94,65,0,0,0,0,0,1.0,101,29,101,5,0,7,29,18,0,2,22,2.655,19.4,1.111,23.881,1.16,0.759,0.828,0.918,shakespeare
2035,0,456,361,0,0,1,0,1,1.5,465,88,465,16,0,9,57,25,1,8,56,4.409,92.2,3.012,80.391,1.275,0.636,0.943,0.899,austen
2036,0,635,480,0,0,2,0,1,0.25,649,144,649,33,0,14,99,25,1,15,67,3.694,129.0,2.442,90.114,1.532,0.465,0.965,0.846,austen
2037,0,676,524,0,0,2,0,0,3.0,696,143,696,15,5,20,99,24,0,11,61,3.972,138.4,2.295,54.505,1.682,0.427,0.965,0.828,chesterton
2038,0,118,87,0,0,0,1,0,1.0,131,30,131,9,0,13,20,22,0,3,21,3.633,25.4,2.371,37.031,1.2,0.7,0.833,0.895,shakespeare
2039,0,797,614,0,0,0,1,0,0.16666666666666666,820,166,820,40,0,23,110,25,0,22,83,4.078,163.2,2.869,122.04,1.523,0.5,0.97,0.864,austen
2040,0,292,204,0,0,3,0,2,0.3333333333333333,303,72,303,31,0,11,55,23,0,17,33,3.514,59.8,2.523,42.664,1.469,0.458,0.931,0.818,austen
2041,0,1222,975,0,0,0,0,0,0.25,1241,246,1241,28,0,19,162,26,2,12,95,4.154,247.4,2.443,158.014,1.836,0.386,0.98,0.827,austen
2042,0,235,175,0,0,0,0,3,1.0,242,55,242,14,0,7,40,26,0,6,31,3.564,47.6,2.209,43.547,1.341,0.564,0.909,0.857,austen
2043,0,248,175,0,0,2,0,0,1.0,255,64,255,21,0,7,51,26,0,9,38,3.25,50.2,1.902,23.51,1.28,0.594,0.922,0.875,austen
2044,0,328,245,0,0,0,0,3,0.3333333333333333,339,71,339,22,0,11,47,24,0,7,42,3.915,67.0,2.442,51.653,1.291,0.592,0.93,0.877,austen
2045,0,607,462,0,1,3,1,0,2.0,621,135,621,35,0,14,88,27,0,10,67,3.837,123.4,2.486,125.59,1.552,0.496,0.963,0.857,chesterton
2046,0,196,143,0,0,0,0,0,1.0,205,54,205,12,0,9,46,21,0,2,33,3.037,40.2,1.853,30.236,1.317,0.611,0.907,0.877,shakespeare
2047,0,333,267,0,0,0,0,1,1.0,343,66,343,8,0,10,42,24,0,2,41,4.318,67.8,2.904,30.548,1.269,0.621,0.924,0.886,austen
2048,0,493,378,0,1,0,0,0,1.0,505,109,505,20,0,12,74,24,1,12,57,3.771,100.2,2.452,53.096,1.397,0.523,0.954,0.862,austen
2049,0,600,434,0,0,0,3,0,4.0,614,155,614,36,0,14,128,24,0,13,54,3.129,122.0,1.826,134.203,1.761,0.348,0.968,0.791,austen
2050,0,319,242,0,0,1,1,0,1.0,332,71,332,21,0,13,45,26,0,8,38,3.93,65.6,2.626,46.966,1.42,0.535,0.93,0.853,austen
2051,0,532,404,0,0,1,0,0,1.0,549,119,549,22,0,17,76,25,0,12,61,3.739,109.0,2.18,58.155,1.434,0.513,0.958,0.86,austen
2052,0,36,24,0,0,0,1,0,1.0,42,12,42,4,0,6,9,19,0,2,9,2.833,7.6,1.801,2.881,1.2,0.75,0.583,0.884,shakespeare
2053,0,159,112,0,0,3,0,2,2.0,166,39,166,15,0,7,28,21,0,10,25,3.641,32.4,2.367,24.006,1.3,0.641,0.872,0.879,chesterton
2054,0,526,416,1,0,1,0,0,6.0,534,107,534,11,0,8,70,23,0,2,61,4.084,106.0,2.411,46.049,1.337,0.57,0.953,0.88,chesterton
2055,0,678,531,1,0,0,0,0,2.0,691,148,691,12,0,13,101,24,1,5,63,3.757,137.4,2.143,105.713,1.644,0.426,0.966,0.829,chesterton
2056,0,359,278,0,0,0,1,2,1.0,368,79,368,13,0,9,59,25,0,4,53,3.81,72.8,2.522,71.363,1.234,0.671,0.937,0.909,austen
2057,0,537,421,0,0,2,1,0,3.0,544,112,544,16,0,7,78,26,0,5,63,4.0,108.0,2.317,25.426,1.318,0.562,0.955,0.878,chesterton
2058,0,699,535,0,0,3,0,1,3.0,711,154,711,27,0,12,113,26,1,11,78,3.766,141.4,2.362,76.415,1.495,0.506,0.968,0.865,chesterton
2059,0,273,213,0,0,0,1,0,2.0,286,60,286,10,0,13,37,23,0,3,46,3.933,56.4,2.407,68.039,1.176,0.767,0.917,0.935,shakespeare
2060,0,313,223,0,0,0,1,0,1.0,338,88,338,15,0,25,72,22,1,18,37,2.989,66.8,1.771,112.404,1.63,0.42,0.943,0.806,shakespeare
2061,0,862,681,0,0,0,0,0,4.0,870,179,870,15,0,8,130,25,0,2,91,3.933,173.2,2.499,61.516,1.598,0.508,0.972,0.87,chesterton
2062,0,395,296,0,0,0,2,0,1.0,418,97,418,16,0,23,71,24,0,15,45,3.454,82.8,2.146,135.914,1.492,0.464,0.948,0.832,shakespeare
2063,0,233,178,0,0,0,0,0,2.0,244,52,244,9,0,11,38,23,0,2,33,3.808,48.0,2.327,75.508,1.268,0.635,0.904,0.885,shakespeare
2064,0,66,49,0,0,0,0,0,3.0,73,18,73,4,0,7,13,19,0,1,13,3.333,13.8,2.449,15.643,1.125,0.722,0.722,0.887,shakespeare
2065,0,426,318,0,0,1,1,1,0.16666666666666666,436,103,436,25,0,10,74,22,0,9,49,3.447,86.4,2.23,40.488,1.515,0.476,0.951,0.84,austen
2066,0,467,371,0,0,0,0,0,3.0,472,97,472,10,0,5,63,23,0,2,39,3.979,93.6,2.336,52.128,1.516,0.402,0.948,0.801,chesterton
2067,0,448,350,0,0,0,0,1,1.0,459,97,459,12,0,11,68,25,0,9,51,3.845,91.0,2.493,54.64,1.406,0.526,0.948,0.859,austen
2068,0,294,215,0,0,3,1,0,2.0,303,73,303,18,0,9,55,23,3,12,35,3.411,59.8,2.499,37.178,1.431,0.479,0.932,0.829,chesterton
2069,0,409,303,0,0,2,1,0,1.0,422,103,422,19,0,13,83,24,1,13,49,3.291,83.6,2.023,52.099,1.515,0.476,0.951,0.84,austen
2070,0,315,236,0,0,0,1,0,1.0,328,75,328,18,0,13,55,23,0,3,43,3.56,64.8,2.189,54.938,1.339,0.573,0.933,0.871,shakespeare
2071,0,787,596,0,0,5,0,0,2.0,802,177,802,38,0,15,124,25,3,26,83,3.734,159.6,2.294,115.073,1.58,0.469,0.972,0.854,chesterton
2072,0,511,385,1,0,0,0,5,0.5714285714285714,520,114,520,30,0,9,80,23,0,6,43,3.719,103.2,2.322,40.758,1.676,0.377,0.956,0.794,austen
2073,0,713,563,0,0,0,0,0,6.0,720,151,720,14,0,7,103,25,0,2,75,3.868,143.2,2.454,51.47,1.573,0.497,0.967,0.861,chesterton
2074,0,548,433,0,0,0,0,0,0.5,555,114,555,12,0,7,79,24,0,1,61,3.965,110.2,2.489,77.879,1.443,0.535,0.956,0.868,austen
2075,0,562,438,0,0,1,0,0,1.6666666666666667,571,124,571,22,0,9,90,25,2,4,56,3.798,113.4,2.473,107.523,1.57,0.452,0.96,0.835,austen
2076,0,627,475,0,4,0,0,0,1.0,644,149,644,28,0,17,105,23,3,13,70,3.49,128.0,2.244,29.908,1.52,0.47,0.966,0.849,austen
2077,0,324,249,0,0,1,3,0,2.0,333,71,333,11,0,9,47,23,0,5,39,3.831,65.8,2.236,42.681,1.315,0.549,0.93,0.859,chesterton
2078,0,310,239,0,0,0,0,4,1.0,316,68,316,10,0,6,51,24,0,3,45,3.75,62.4,2.202,15.598,1.214,0.662,0.926,0.902,austen
2079,0,392,290,0,0,3,0,0,0.5,401,94,401,27,0,9,68,24,5,17,42,3.543,79.4,2.322,47.857,1.541,0.447,0.947,0.823,chesterton
2080,0,455,339,0,0,2,0,0,1.0,470,104,470,31,0,15,74,26,0,17,56,3.76,93.2,2.514,72.833,1.507,0.538,0.952,0.867,chesterton
2081,0,75,57,0,0,0,0,0,1.0,81,19,81,3,0,6,14,19,0,4,13,3.474,15.4,2.144,11.589,1.188,0.684,0.737,0.871,shakespeare
2082,0,224,162,0,0,2,0,1,2.0,232,57,232,15,0,8,42,24,0,11,32,3.316,45.6,2.293,34.904,1.326,0.561,0.912,0.857,austen
2083,0,375,282,0,0,3,0,0,4.0,382,85,382,22,0,7,63,23,3,11,45,3.729,75.6,2.442,37.36,1.393,0.529,0.941,0.857,chesterton
2084,0,454,348,0,0,3,0,1,0.3333333333333333,465,99,465,24,0,11,64,23,0,14,54,3.939,92.2,2.575,65.182,1.375,0.545,0.949,0.868,austen
2085,0,408,319,0,0,1,0,2,2.0,416,85,416,17,0,8,54,24,2,9,47,4.094,82.4,2.271,72.141,1.393,0.553,0.941,0.867,chesterton
2086,0,502,393,0,0,1,1,0,3.0,506,102,506,17,0,4,70,23,1,5,50,4.098,100.4,3.056,91.552,1.437,0.49,0.951,0.846,chesterton
2087,0,248,190,0,0,0,0,0,1.0,257,59,257,9,0,9,45,24,0,4,29,3.525,50.6,2.003,27.564,1.475,0.492,0.915,0.826,austen
2088,0,378,280,0,0,2,0,0,1.0,386,91,386,17,0,8,75,23,0,11,32,3.396,76.4,1.757,49.034,1.625,0.352,0.945,0.768,chesterton
2089,0,1478,1134,0,0,2,0,4,3.3333333333333335,1499,325,1499,58,0,21,230,26,1,18,108,3.745,299.0,2.23,280.162,1.923,0.332,0.985,0.81,austen
2090,0,719,562,0,0,2,0,0,3.0,731,152,731,23,0,12,105,25,1,11,78,3.961,145.4,2.545,82.318,1.434,0.513,0.967,0.867,chesterton
2091,0,561,423,0,0,0,1,0,1.0,593,135,593,23,0,32,100,24,0,12,60,3.541,117.8,2.252,143.266,1.607,0.444,0.963,0.835,shakespeare
2092,0,812,643,0,0,0,0,0,5.0,817,164,817,25,0,5,106,24,0,5,80,4.104,162.6,2.667,31.675,1.592,0.488,0.97,0.859,chesterton
2093,0,521,404,0,0,3,1,0,4.0,531,110,531,18,0,10,73,24,2,8,62,3.982,105.4,2.389,49.212,1.447,0.564,0.955,0.878,chesterton
2094,0,409,311,0,0,2,0,1,2.0,417,84,417,23,0,8,60,24,0,12,39,4.143,82.6,2.929,101.249,1.474,0.464,0.94,0.827,chesterton
2095,0,560,421,0,0,2,1,0,0.75,569,123,569,33,0,9,87,25,0,15,61,3.805,113.0,2.544,111.763,1.464,0.496,0.959,0.854,austen
2096,0,480,361,0,0,2,1,1,6.0,488,112,488,22,0,8,83,27,1,16,61,3.536,96.8,2.29,85.508,1.436,0.545,0.955,0.871,austen
2097,0,863,685,0,0,0,0,0,0.25,882,177,882,27,0,19,115,26,1,4,79,4.13,175.6,2.552,98.472,1.654,0.446,0.972,0.844,austen
2098,0,737,576,0,0,1,1,0,6.0,747,159,747,19,0,10,111,24,0,6,73,3.824,148.6,2.226,91.26,1.559,0.459,0.969,0.846,chesterton
2099,0,436,331,0,0,2,0,0,2.0,446,96,446,21,0,10,66,25,1,14,49,3.823,88.4,2.349,48.097,1.391,0.51,0.948,0.853,austen
2100,0,426,314,0,0,2,0,0,1.0,434,107,434,25,0,8,83,23,0,12,42,3.28,86.0,2.366,52.149,1.698,0.393,0.953,0.8,austen
2101,0,1601,1292,0,0,1,0,0,0.5,1615,301,1615,39,0,14,187,26,1,7,133,4.475,322.2,2.986,184.018,1.771,0.442,0.983,0.857,austen
2102,0,292,206,0,2,2,3,0,1.0,300,76,300,21,0,8,61,23,0,9,41,3.158,59.2,2.154,34.076,1.434,0.539,0.934,0.857,austen
2103,0,700,558,0,0,1,0,1,2.0,706,138,706,14,0,6,83,25,0,4,69,4.203,140.4,2.402,95.251,1.568,0.5,0.964,0.859,chesterton
2104,2,833,659,0,0,0,0,0,3.5,851,175,851,17,0,18,118,25,3,8,85,3.966,169.4,2.399,108.528,1.522,0.486,0.971,0.86,austen
2105,0,249,186,1,0,0,3,0,1.0,259,61,259,12,0,10,46,23,0,1,34,3.41,51.0,2.479,40.05,1.386,0.557,0.918,0.858,shakespeare
2106,0,167,127,0,0,0,0,0,1.0,174,39,174,9,0,7,29,23,1,5,28,3.667,34.0,2.649,41.085,1.219,0.718,0.872,0.91,shakespeare
2107,0,389,299,0,3,0,0,0,0.5,396,88,396,16,0,7,61,24,0,6,43,3.659,78.4,2.577,68.559,1.492,0.489,0.943,0.84,austen
2108,0,555,443,0,0,0,0,0,0.3333333333333333,562,113,562,12,0,7,78,25,0,1,53,4.088,111.6,2.52,59.387,1.527,0.469,0.956,0.84,austen
2109,0,519,387,0,1,1,2,2,1.5,534,118,534,30,0,15,83,25,1,16,57,3.686,106.0,2.611,93.287,1.422,0.483,0.958,0.847,austen
2110,0,394,294,0,0,3,2,0,2.0,411,93,411,21,0,17,69,24,1,12,46,3.656,81.4,2.447,61.121,1.409,0.495,0.946,0.845,austen
2111,0,783,618,0,0,1,0,0,0.25,797,156,797,27,0,14,97,24,1,11,78,4.237,158.6,2.637,160.558,1.529,0.5,0.968,0.863,austen
2112,0,150,111,0,0,0,1,0,2.0,160,37,160,8,0,10,28,21,2,3,31,3.486,31.2,2.206,55.369,1.088,0.838,0.865,0.951,shakespeare
2113,0,469,359,0,0,1,0,0,4.0,476,106,476,18,0,7,77,24,0,5,63,3.651,94.4,2.024,28.684,1.359,0.594,0.953,0.888,chesterton
2114,0,311,240,0,0,0,1,0,1.0,328,69,328,14,0,17,44,23,0,2,40,3.928,64.8,2.372,80.288,1.302,0.58,0.928,0.871,shakespeare
2115,0,133,96,0,0,0,2,0,0.5,142,35,142,9,0,9,26,21,2,5,26,3.257,27.6,1.93,16.087,1.167,0.743,0.857,0.916,shakespeare
2116,0,849,640,0,0,6,0,0,1.0,862,194,862,44,0,13,140,24,0,26,82,3.66,171.6,2.292,113.685,1.764,0.423,0.974,0.837,chesterton
2117,0,53,35,0,0,0,2,0,1.0,59,17,59,6,0,6,15,17,0,1,10,2.765,11.0,1.954,10.954,1.308,0.588,0.706,0.813,shakespeare
2118,0,465,355,0,0,1,0,0,2.0,479,106,479,15,0,14,80,24,0,8,53,3.642,95.0,1.928,39.128,1.452,0.5,0.953,0.851,chesterton
2119,0,603,474,0,0,1,0,2,0.2,618,121,618,26,0,15,77,26,1,9,60,4.273,122.8,2.796,68.43,1.44,0.496,0.959,0.854,austen
2120,0,202,148,0,0,2,0,1,2.0,209,46,209,18,0,7,34,22,1,9,32,3.848,41.0,2.898,47.313,1.179,0.696,0.891,0.905,chesterton
2121,0,550,419,0,0,0,0,0,0.16666666666666666,563,124,563,24,0,13,90,23,0,12,63,3.677,111.8,2.247,121.654,1.494,0.508,0.96,0.86,austen
2122,0,332,226,0,0,0,3,3,1.0,355,87,355,32,0,23,69,23,0,15,29,3.23,70.2,1.884,73.897,1.891,0.333,0.943,0.754,austen
2123,0,348,264,0,0,2,0,0,3.0,355,81,355,15,0,7,55,25,1,11,41,3.593,70.2,2.09,25.489,1.421,0.506,0.938,0.845,chesterton
2124,0,258,190,0,0,3,1,1,1.0,264,62,264,14,0,6,49,23,0,7,26,3.484,52.0,2.345,45.31,1.442,0.419,0.919,0.789,chesterton
2125,0,293,223,0,0,0,1,0,5.0,311,68,311,10,0,18,46,25,0,1,43,3.691,61.4,2.281,85.163,1.283,0.632,0.926,0.891,shakespeare
2126,0,324,241,0,0,1,1,0,2.0,330,81,330,12,0,6,63,24,0,9,40,3.247,65.2,2.095,31.807,1.446,0.494,0.938,0.839,austen
2127,0,607,477,0,0,1,2,0,1.5,614,126,614,18,0,7,88,26,1,5,75,4.0,122.0,2.536,83.135,1.34,0.595,0.96,0.893,chesterton
2128,0,467,357,0,0,2,1,0,1.0,474,102,474,22,0,7,73,23,0,7,59,3.833,94.0,2.384,79.608,1.397,0.578,0.951,0.882,chesterton
2129,0,83,53,0,0,0,1,0,1.0,91,30,91,11,0,8,28,17,1,2,11,2.4,17.4,1.354,13.353,1.765,0.367,0.833,0.705,shakespeare
2130,0,477,357,0,0,3,1,0,2.0,489,111,489,24,0,12,77,26,2,13,66,3.613,97.0,2.107,62.141,1.354,0.595,0.955,0.89,chesterton
2131,0,603,469,0,0,0,0,0,2.0,612,135,612,19,0,9,95,23,1,6,60,3.681,121.6,2.261,75.639,1.588,0.444,0.963,0.835,austen
2132,0,645,515,0,0,0,0,2,0.3333333333333333,655,128,655,15,0,10,79,24,0,1,52,4.219,130.2,2.553,63.849,1.62,0.406,0.961,0.814,austen
2133,0,256,196,0,0,0,0,0,1.0,270,59,270,11,0,14,37,22,0,3,39,3.746,53.2,2.411,71.549,1.229,0.661,0.915,0.898,shakespeare
2134,0,730,579,0,0,1,1,0,0.5,739,149,739,17,0,9,100,24,0,3,70,4.074,147.0,2.531,128.431,1.536,0.47,0.966,0.849,austen
2135,0,331,251,0,0,0,0,2,3.0,338,77,338,14,0,7,56,25,1,4,36,3.545,66.8,2.118,58.819,1.426,0.468,0.935,0.825,chesterton
2136,0,304,241,0,0,0,0,1,1.0,315,63,315,8,0,11,40,23,1,3,41,4.143,62.2,2.32,31.799,1.235,0.651,0.921,0.896,austen
2137,0,191,138,0,0,2,1,1,1.0,202,50,202,12,0,11,40,22,0,4,25,3.3,39.6,2.082,18.783,1.389,0.5,0.9,0.823,chesterton
2138,0,288,217,0,0,0,0,0,3.0,306,71,306,12,0,18,54,24,0,6,40,3.479,60.4,2.069,88.39,1.315,0.563,0.93,0.865,shakespeare
2139,0,2181,1736,0,0,0,0,0,3.0,2213,442,2213,56,0,32,284,27,1,8,176,4.127,441.8,2.471,274.99,1.93,0.398,0.989,0.849,austen
2140,0,778,605,0,0,0,0,0,1.0,790,169,790,24,0,12,122,25,0,4,63,3.799,157.2,2.319,123.878,1.724,0.373,0.97,0.808,austen
2141,0,367,280,0,0,1,0,0,2.5,375,81,375,15,0,8,56,24,0,10,46,3.778,74.2,2.377,21.3,1.328,0.568,0.938,0.871,chesterton
2142,0,235,165,0,0,0,0,0,1.0,248,67,248,13,0,13,59,22,0,5,22,2.851,48.8,1.53,72.081,1.675,0.328,0.925,0.735,shakespeare
2143,0,347,264,0,0,0,0,1,1.0,354,81,354,17,0,7,62,23,0,8,53,3.568,70.0,2.382,39.064,1.286,0.654,0.938,0.903,austen
2144,0,388,299,0,0,0,0,4,5.0,394,83,394,11,0,6,56,24,0,6,40,3.807,78.0,2.211,36.837,1.431,0.482,0.94,0.835,chesterton
2145,0,1998,1596,0,0,0,0,0,1.0,2022,396,2022,52,0,24,253,26,2,9,147,4.222,403.6,2.646,261.208,2.0,0.371,0.987,0.834,austen
2146,2,751,600,0,0,0,0,0,1.0,774,146,774,17,0,23,89,23,0,10,75,4.384,154.0,2.812,175.395,1.537,0.514,0.966,0.866,austen
2147,0,381,294,0,0,0,0,0,0.5,397,84,397,15,0,16,56,23,1,9,48,3.869,78.6,2.463,48.891,1.377,0.571,0.94,0.874,austen
2148,0,246,163,0,0,4,3,1,1.0,256,68,256,27,0,10,57,22,0,15,29,3.059,50.4,2.021,60.111,1.478,0.426,0.926,0.798,austen
2149,0,355,269,0,0,3,0,0,1.0,362,82,362,17,0,7,61,23,0,7,31,3.646,71.6,1.996,24.203,1.608,0.378,0.939,0.779,chesterton
2150,0,751,596,0,0,1,0,0,2.0,760,150,760,22,0,9,92,25,0,4,79,4.2,151.2,2.657,59.835,1.515,0.527,0.967,0.872,chesterton
2151,0,1126,898,0,0,1,0,0,0.6,1148,223,1148,29,0,22,140,25,3,11,93,4.265,228.8,2.674,250.654,1.689,0.417,0.978,0.838,austen
2152,0,243,188,0,0,0,0,0,1.0,248,56,248,10,0,5,43,24,2,4,25,3.625,48.8,2.687,26.678,1.474,0.446,0.911,0.8,austen
2153,4,355,275,0,0,0,0,0,5.0,377,80,377,9,0,22,54,26,0,6,45,3.825,74.6,2.422,93.741,1.333,0.562,0.938,0.869,chesterton
2154,0,307,226,0,0,0,1,0,1.0,322,81,322,14,0,15,63,23,0,7,43,3.16,63.6,1.847,39.734,1.5,0.531,0.938,0.856,austen
2155,0,123,86,0,0,0,2,0,1.0,134,36,134,10,0,11,29,21,0,5,20,2.972,26.0,2.396,16.508,1.286,0.556,0.861,0.836,shakespeare
2156,0,780,609,0,0,1,0,1,0.5,795,166,795,19,2,15,114,26,3,10,75,3.898,158.2,2.076,112.226,1.537,0.452,0.97,0.845,austen
2157,0,424,328,0,0,0,1,0,1.0,445,95,445,13,0,21,62,23,0,3,51,3.811,88.2,2.038,147.745,1.338,0.537,0.947,0.863,shakespeare
2158,0,973,709,0,0,0,0,4,7.0,1004,246,1004,49,0,31,200,25,2,36,79,3.207,200.0,1.998,278.675,2.033,0.321,0.98,0.794,austen
2159,0,820,622,0,2,3,2,0,1.0,838,180,838,40,0,18,124,25,0,22,73,3.817,166.8,2.464,157.397,1.698,0.406,0.972,0.826,austen
2160,0,629,487,0,0,2,0,1,1.0,639,134,639,25,0,10,94,24,0,10,72,3.933,127.0,2.385,78.31,1.441,0.537,0.963,0.873,austen
2161,0,128,98,0,0,0,1,0,1.0,136,30,136,6,0,8,19,22,0,0,19,3.733,26.4,1.982,19.655,1.2,0.633,0.833,0.866,shakespeare
2162,0,1509,1202,0,0,0,0,0,0.2857142857142857,1527,298,1527,45,0,18,194,26,5,14,116,4.245,304.6,2.821,164.327,1.851,0.389,0.983,0.834,austen
2163,0,823,655,0,0,0,0,0,0.42857142857142855,834,169,834,16,0,11,116,24,1,3,74,4.036,166.0,2.509,156.593,1.673,0.438,0.97,0.839,austen
2164,0,569,447,0,0,2,0,0,2.0,577,118,577,14,0,8,71,24,0,8,65,4.008,114.6,2.33,59.622,1.405,0.551,0.958,0.875,chesterton
2165,0,49,34,0,0,0,1,0,1.0,57,15,57,6,0,8,11,17,2,2,10,3.2,10.6,2.242,11.014,1.25,0.667,0.667,0.85,shakespeare
2166,0,303,231,0,0,2,3,0,3.0,308,64,308,15,0,5,43,23,2,7,33,4.0,60.8,2.462,31.964,1.391,0.516,0.922,0.841,chesterton
2167,0,531,407,1,0,3,0,0,2.0,541,118,541,25,0,10,77,25,2,12,67,3.805,107.4,2.254,52.31,1.388,0.568,0.958,0.881,chesterton
2168,0,252,191,0,0,0,0,2,1.0,261,59,261,12,0,9,44,24,0,5,35,3.61,51.4,2.672,69.759,1.311,0.593,0.915,0.872,austen
2169,0,859,664,0,0,1,0,1,1.0,872,193,872,28,0,13,145,26,0,7,79,3.663,173.6,2.23,97.756,1.723,0.409,0.974,0.83,austen
2170,0,158,112,0,0,0,2,0,1.0,169,45,169,9,0,11,39,20,0,4,21,2.933,33.0,1.724,33.578,1.364,0.467,0.889,0.8,shakespeare
2171,0,885,697,0,0,0,0,0,5.0,892,187,892,23,0,7,130,25,2,3,83,3.888,177.6,2.417,121.15,1.67,0.444,0.973,0.845,austen
2172,0,237,170,0,0,1,1,2,1.0,250,62,250,13,0,13,48,20,0,13,29,3.194,49.2,2.156,22.588,1.476,0.468,0.919,0.816,austen
2173,0,173,124,0,0,0,1,0,2.0,184,43,184,6,4,11,31,22,1,3,39,3.372,36.0,1.865,21.76,1.049,0.907,0.884,0.974,shakespeare
2174,0,863,681,0,0,0,0,0,1.0,876,182,876,23,0,13,122,25,1,4,81,3.94,174.4,2.384,108.452,1.655,0.445,0.973,0.844,austen
2175,0,412,325,0,0,0,0,0,1.0,421,88,421,10,0,9,58,24,0,7,47,3.92,83.4,2.534,47.564,1.419,0.534,0.943,0.86,chesterton
2176,0,309,234,0,0,0,0,0,1.0,318,71,318,14,0,9,53,24,0,9,43,3.634,62.8,2.559,51.727,1.315,0.606,0.93,0.882,austen
2177,0,1332,1047,0,0,1,0,0,1.6666666666666667,1354,272,1354,48,0,22,178,25,2,14,112,4.114,270.0,2.571,276.808,1.778,0.412,0.982,0.842,austen
2178,0,69,45,0,0,0,2,0,1.0,74,22,74,6,1,5,19,19,0,3,14,2.591,14.0,1.736,10.7,1.222,0.636,0.773,0.854,shakespeare
2179,0,533,406,1,0,4,0,0,2.0,543,121,543,24,0,10,88,24,2,14,56,3.702,107.8,2.297,55.877,1.532,0.463,0.959,0.839,chesterton
2180,0,378,269,0,0,3,2,0,1.5,392,96,392,27,0,14,75,23,0,17,44,3.302,77.6,2.118,30.908,1.455,0.458,0.948,0.829,austen
2181,0,229,168,0,0,0,3,0,1.0,245,55,245,13,0,16,41,23,0,3,32,3.582,48.2,2.522,46.826,1.341,0.582,0.909,0.865,shakespeare
2182,2,365,286,0,0,0,0,0,0.25,382,80,382,11,0,17,55,24,0,3,47,3.925,75.6,2.337,94.227,1.311,0.588,0.938,0.879,austen
2183,0,676,544,0,0,0,0,0,2.0,683,133,683,9,0,7,77,26,0,0,66,4.211,135.8,2.24,38.265,1.511,0.496,0.962,0.857,chesterton
2184,0,297,213,0,0,3,0,1,1.0,308,78,308,21,0,11,63,21,2,12,35,3.231,60.8,2.044,32.36,1.529,0.449,0.936,0.816,chesterton
2185,0,49,36,0,0,0,0,0,1.0,55,14,55,3,0,6,10,19,0,1,9,3.214,10.2,1.578,7.629,1.273,0.643,0.643,0.833,shakespeare
2186,0,583,431,0,2,1,4,0,1.0,596,138,596,30,0,13,98,23,0,12,63,3.449,118.4,1.96,127.575,1.586,0.457,0.964,0.841,austen
2187,0,199,139,0,4,0,2,0,1.0,206,55,206,14,0,7,47,24,0,4,25,2.909,40.4,1.692,32.67,1.447,0.455,0.909,0.803,austen
2188,0,167,119,0,0,1,0,0,1.0,175,44,175,15,0,8,34,22,0,7,19,3.295,34.2,2.278,27.968,1.467,0.432,0.886,0.778,austen
2189,0,524,402,0,0,2,0,0,1.0,530,119,530,22,0,6,85,22,3,11,45,3.655,105.2,2.215,77.899,1.653,0.378,0.958,0.797,austen
2190,0,400,296,0,0,1,1,1,0.25,406,94,406,23,0,6,74,25,0,9,43,3.479,80.4,1.955,56.065,1.516,0.457,0.947,0.828,austen
2191,0,260,192,0,0,0,0,0,1.5,267,66,267,15,0,7,52,23,0,5,35,3.273,52.6,2.116,31.27,1.435,0.53,0.924,0.849,austen
2192,0,53,39,0,0,0,0,0,1.0,59,15,59,4,0,6,11,15,0,0,10,3.267,11.0,2.086,12.309,1.25,0.667,0.667,0.85,shakespeare
2193,2,824,635,0,0,1,0,0,1.0,850,181,850,31,0,26,127,25,0,10,66,3.834,169.2,2.2,144.547,1.792,0.365,0.972,0.806,austen
2194,0,455,346,0,0,2,1,1,2.0,466,104,466,21,0,11,77,24,2,8,51,3.673,92.4,2.419,30.811,1.444,0.49,0.952,0.847,austen
2195,0,579,457,0,0,0,0,0,5.0,587,123,587,13,0,8,88,23,0,0,53,3.886,116.6,2.477,22.3,1.662,0.431,0.959,0.825,chesterton
2196,0,299,212,0,0,1,1,1,3.0,309,80,309,21,0,10,67,24,0,10,33,3.075,61.0,1.934,50.035,1.538,0.412,0.938,0.798,austen
2197,0,428,334,0,0,1,0,0,5.0,433,92,433,13,0,5,66,24,0,3,54,3.848,85.8,2.258,63.99,1.296,0.587,0.946,0.882,austen
2198,0,614,467,1,2,3,1,0,4.0,628,138,628,29,0,14,96,23,4,15,73,3.754,124.8,2.407,70.56,1.438,0.529,0.964,0.871,chesterton
2199,0,1009,777,0,0,0,0,0,1.0,1048,224,1048,41,0,39,159,23,0,5,96,3.826,208.8,2.377,175.807,1.697,0.429,0.978,0.843,shakespeare
2200,0,186,126,0,0,3,0,0,1.0,197,54,197,17,0,11,43,21,0,14,25,2.981,38.6,1.898,12.219,1.5,0.463,0.907,0.807,austen
2201,0,628,493,0,0,0,0,0,6.0,634,136,634,18,0,6,93,24,3,1,62,3.801,126.0,2.277,92.795,1.619,0.456,0.963,0.84,chesterton
2202,0,445,336,0,0,1,1,0,3.0,454,104,454,14,0,9,83,24,0,10,46,3.471,90.0,2.225,82.401,1.529,0.442,0.952,0.824,austen
2203,0,376,294,0,0,0,0,0,1.0,383,82,383,9,0,7,60,25,0,8,41,3.78,75.8,2.495,26.799,1.491,0.5,0.939,0.843,chesterton
2204,0,464,349,0,0,3,0,0,4.0,473,108,473,20,0,9,78,24,1,12,51,3.565,93.8,2.124,47.394,1.521,0.472,0.954,0.84,chesterton
2205,0,413,318,0,0,3,0,0,1.0,420,89,420,20,0,7,56,24,0,10,43,3.955,83.2,2.549,37.245,1.459,0.483,0.944,0.838,chesterton
2206,0,493,374,0,0,2,0,1,0.6666666666666666,503,111,503,24,0,10,77,25,1,13,68,3.721,99.8,2.356,87.279,1.291,0.613,0.955,0.896,austen
2207,0,370,292,0,0,0,0,0,2.0,375,79,375,15,0,5,53,25,0,1,50,3.949,74.2,2.616,31.547,1.339,0.633,0.937,0.895,austen
2208,0,787,603,0,0,3,0,0,6.0,795,174,795,31,0,8,126,24,2,13,79,3.73,158.2,2.433,70.994,1.611,0.454,0.971,0.847,chesterton
2209,0,629,489,0,1,1,0,0,1.0,638,133,638,24,0,9,94,23,0,11,68,3.955,126.8,2.716,61.475,1.478,0.511,0.962,0.863,chesterton
2210,0,373,287,0,0,0,0,0,1.0,380,87,380,9,0,7,69,24,0,4,45,3.494,75.2,1.397,52.007,1.426,0.517,0.943,0.852,austen
2211,0,251,189,0,0,2,0,1,1.0,257,58,257,12,0,6,45,22,0,6,36,3.655,50.6,2.314,43.855,1.234,0.621,0.914,0.883,austen
2212,0,861,642,0,0,2,0,1,3.5,890,200,890,46,0,29,147,24,0,24,85,3.605,177.2,2.182,65.664,1.639,0.425,0.975,0.839,austen
2213,0,452,343,0,0,2,1,1,0.6666666666666666,461,103,461,19,0,9,78,24,0,10,55,3.66,91.4,2.399,68.901,1.431,0.534,0.951,0.865,austen
2214,0,237,169,0,0,3,0,4,1.0,244,59,244,22,0,7,44,24,0,14,30,3.492,48.0,2.359,43.226,1.513,0.508,0.915,0.834,chesterton
2215,0,379,287,0,0,1,0,0,0.3333333333333333,393,91,393,17,0,14,68,23,0,6,49,3.527,77.8,2.157,29.727,1.4,0.538,0.945,0.863,austen
2216,0,172,122,0,0,0,0,0,1.0,186,48,186,16,1,14,36,23,1,1,21,3.188,36.4,2.322,38.24,1.6,0.438,0.896,0.786,shakespeare
2217,0,162,122,0,0,0,0,0,1.0,170,41,170,8,0,8,27,21,0,2,30,3.366,33.2,1.933,30.842,1.206,0.732,0.878,0.916,shakespeare
2218,0,47,33,0,0,0,0,0,1.0,53,15,53,4,0,6,12,17,0,0,6,2.867,9.8,1.506,9.757,1.5,0.4,0.667,0.662,shakespeare
2219,0,240,183,0,0,0,0,0,2.0,250,57,250,9,0,10,43,23,0,5,36,3.579,49.2,2.259,54.394,1.267,0.632,0.912,0.886,austen
2220,0,557,430,0,1,0,0,0,1.0,574,123,574,18,0,17,81,22,1,13,51,3.789,114.0,2.244,55.484,1.577,0.415,0.959,0.817,austen
2221,0,524,410,0,0,1,0,1,4.0,532,109,532,17,0,8,70,26,0,5,63,4.009,105.6,2.544,71.696,1.363,0.578,0.954,0.883,chesterton
2222,0,572,407,0,0,1,2,6,1.0,587,139,587,46,0,15,106,25,0,29,66,3.396,116.6,2.305,99.108,1.58,0.475,0.964,0.849,austen
2223,0,484,369,0,0,2,0,1,1.0,493,104,493,25,0,9,70,25,0,11,53,3.923,97.8,2.526,78.681,1.444,0.51,0.952,0.855,austen
2224,0,596,467,0,0,0,0,0,4.0,608,126,608,23,0,12,83,24,1,3,55,3.984,120.8,2.601,47.783,1.636,0.437,0.96,0.829,chesterton
2225,0,373,271,0,0,3,0,1,0.2,381,93,381,25,0,8,71,24,1,15,43,3.355,75.4,1.937,38.882,1.453,0.462,0.946,0.83,austen
2226,0,894,685,0,0,2,0,3,6.0,900,196,900,38,0,6,148,26,2,13,71,3.745,179.2,2.593,124.542,1.849,0.362,0.974,0.808,austen
2227,0,241,183,0,0,1,2,1,1.0,247,53,247,13,0,6,35,23,1,6,32,3.868,48.6,2.122,32.693,1.233,0.604,0.906,0.873,austen
2228,0,294,219,0,0,1,0,0,2.0,302,72,302,15,0,8,56,24,1,5,37,3.403,59.6,1.991,34.653,1.358,0.514,0.931,0.844,chesterton
2229,9,302,219,0,2,2,0,3,1.0,354,76,354,16,0,52,51,23,0,15,34,3.829,70.0,2.441,60.241,1.462,0.447,0.934,0.814,chesterton
2230,0,161,107,0,0,1,0,4,2.0,169,47,169,12,0,8,40,22,2,9,22,2.766,33.0,1.563,17.986,1.343,0.468,0.894,0.803,austen
2231,0,575,441,0,0,0,0,1,1.5,589,128,589,19,0,14,95,25,0,9,59,3.711,117.0,2.378,114.54,1.524,0.461,0.961,0.84,austen
2232,2,811,637,0,0,0,0,0,3.0,838,162,838,30,0,27,100,25,2,11,81,4.284,166.8,2.745,128.379,1.5,0.5,0.969,0.864,austen
2233,0,179,136,0,0,0,0,0,1.0,193,44,193,8,0,14,33,22,0,4,27,3.591,37.8,2.286,39.965,1.333,0.614,0.886,0.871,shakespeare
2234,0,405,322,0,0,0,0,0,0.5,413,84,413,11,0,8,56,23,0,1,44,4.06,81.8,2.548,45.041,1.4,0.524,0.94,0.854,austen
2235,0,1801,1414,0,0,0,0,0,1.0,1831,371,1831,62,0,30,256,26,2,16,128,4.059,365.4,2.56,234.773,1.953,0.345,0.987,0.82,austen
2236,0,467,359,0,0,0,0,0,1.0,479,109,479,11,0,12,84,25,0,9,40,3.505,95.0,2.115,65.731,1.817,0.367,0.954,0.786,chesterton
2237,0,255,194,0,0,1,0,0,6.0,261,57,261,11,0,6,41,22,0,5,34,3.754,51.4,2.415,20.611,1.267,0.596,0.912,0.872,chesterton
2238,0,378,284,0,0,3,1,0,0.2,386,88,386,20,0,8,66,26,0,8,47,3.625,76.4,2.24,37.26,1.375,0.534,0.943,0.86,austen
2239,0,95,71,0,0,0,1,0,2.0,102,24,102,5,0,7,18,19,0,1,19,3.458,19.6,2.226,19.165,1.143,0.792,0.792,0.926,shakespeare
2240,0,105,76,1,0,0,0,0,1.0,113,30,113,8,0,8,23,19,1,5,19,3.067,21.8,1.911,20.608,1.304,0.633,0.833,0.866,shakespeare
2241,0,398,300,0,0,2,0,1,2.0,407,93,407,15,0,9,74,23,1,10,42,3.538,80.6,2.019,48.752,1.476,0.452,0.946,0.825,chesterton
2242,0,469,359,0,0,1,0,0,0.3333333333333333,477,108,477,16,0,8,83,24,0,9,43,3.583,94.6,2.329,78.691,1.588,0.398,0.954,0.803,austen
2243,0,418,319,0,0,3,1,0,2.0,425,95,425,23,0,7,65,25,0,7,47,3.737,84.2,2.468,97.425,1.557,0.495,0.947,0.845,austen
2244,0,276,208,0,0,1,3,0,4.0,283,61,283,13,0,7,44,22,0,7,29,3.787,55.8,2.727,43.448,1.386,0.475,0.918,0.819,chesterton
2245,0,883,696,0,0,0,0,0,0.6,894,187,894,29,0,11,126,23,0,2,86,3.936,178.0,2.415,118.569,1.612,0.46,0.973,0.852,austen
2246,0,665,496,0,0,3,0,1,0.3333333333333333,683,154,683,35,0,18,110,23,1,24,69,3.61,135.8,2.307,131.779,1.604,0.448,0.968,0.841,austen
2247,0,221,160,0,0,2,0,2,1.0,230,56,230,11,0,9,40,23,0,11,32,3.304,45.2,2.106,10.71,1.333,0.571,0.911,0.861,austen
2248,0,89,59,0,0,0,1,0,2.0,98,28,98,7,0,9,24,18,0,5,21,2.679,18.8,1.657,15.073,1.167,0.75,0.821,0.914,shakespeare
2249,0,205,153,0,0,0,0,0,1.0,218,53,218,8,0,13,42,22,0,6,31,3.283,42.8,1.864,40.616,1.293,0.585,0.906,0.865,shakespeare
2250,0,946,744,0,1,0,0,0,2.0,953,201,953,28,0,7,133,25,4,6,107,3.881,189.8,2.172,80.036,1.534,0.532,0.975,0.881,chesterton
2251,0,910,722,0,0,0,0,0,6.0,921,188,921,16,0,11,133,23,1,4,89,3.984,183.4,2.431,67.118,1.635,0.473,0.973,0.857,chesterton
2252,0,491,378,0,0,0,0,1,0.3333333333333333,506,111,506,17,0,15,82,23,2,11,59,3.703,100.4,2.357,32.308,1.387,0.532,0.955,0.866,austen
2253,0,656,517,0,0,1,0,0,5.0,663,137,663,18,0,7,94,24,1,4,70,3.978,131.8,2.481,118.633,1.489,0.511,0.964,0.864,chesterton
2254,0,147,105,0,0,0,0,0,2.0,157,41,157,10,0,10,32,21,1,2,27,3.049,30.6,1.857,26.054,1.206,0.659,0.878,0.888,shakespeare
2255,0,562,438,0,0,0,0,0,1.0,575,123,575,17,0,13,86,24,0,5,54,3.813,114.2,2.383,132.215,1.618,0.439,0.959,0.829,austen
2256,0,1195,904,0,0,3,3,0,0.42857142857142855,1224,265,1224,65,0,29,191,26,3,30,98,3.796,244.0,2.558,153.269,1.879,0.37,0.981,0.822,austen
2257,0,433,329,0,0,0,2,0,0.3333333333333333,442,98,442,23,0,9,70,24,1,10,49,3.694,87.6,2.505,97.11,1.4,0.5,0.949,0.849,austen
2258,0,516,411,0,0,0,0,0,3.0,522,104,522,13,0,6,62,23,0,1,51,4.135,103.6,2.402,20.169,1.552,0.49,0.952,0.847,chesterton
2259,0,401,310,0,0,0,0,0,0.5,420,91,420,17,0,19,57,25,0,0,46,3.802,83.2,2.146,50.963,1.569,0.505,0.945,0.849,shakespeare
2260,0,413,318,0,0,0,0,0,5.0,431,95,431,12,0,18,67,23,0,9,49,3.663,85.4,2.281,70.663,1.439,0.516,0.947,0.855,austen
2261,0,359,278,0,0,0,0,0,1.0,372,82,372,9,0,13,63,22,0,4,40,3.659,73.6,2.167,37.22,1.491,0.488,0.939,0.837,shakespeare
2262,0,583,441,0,0,2,0,0,0.3333333333333333,605,132,605,27,0,22,95,26,0,12,56,3.75,120.2,2.138,32.676,1.571,0.424,0.962,0.824,austen
2263,0,693,512,0,0,0,1,0,2.0,732,178,732,31,0,39,137,23,0,14,68,3.27,145.6,1.967,49.313,1.679,0.382,0.972,0.814,shakespeare
2264,0,63,44,0,0,0,0,1,1.0,72,19,72,5,0,9,16,20,0,1,16,3.053,13.6,2.094,12.462,1.118,0.842,0.737,0.942,shakespeare
2265,0,274,199,0,0,3,1,0,2.0,283,69,283,18,0,9,54,23,1,11,37,3.362,55.8,2.072,41.469,1.353,0.536,0.928,0.853,chesterton
2266,0,327,251,0,0,2,1,0,1.0,340,71,340,16,0,13,42,23,0,9,44,4.028,67.2,2.552,32.368,1.315,0.62,0.93,0.888,chesterton
2267,0,409,302,0,3,0,0,0,2.0,422,99,422,26,0,13,75,23,3,11,32,3.455,83.6,2.057,63.795,1.8,0.323,0.949,0.754,chesterton
2268,2,616,484,0,0,1,0,0,3.0,638,126,638,22,0,22,83,25,1,10,73,4.206,126.8,2.678,119.909,1.355,0.579,0.96,0.887,austen
2269,0,652,504,1,0,4,0,0,0.25,668,143,668,26,0,16,98,24,5,17,71,3.874,132.8,2.414,32.668,1.505,0.497,0.965,0.859,chesterton
2270,0,1035,806,0,0,1,1,0,0.2,1052,228,1052,23,0,17,164,24,1,11,76,3.719,209.6,2.145,181.104,1.839,0.333,0.978,0.798,austen
2271,0,554,431,0,0,1,0,0,0.8,568,120,568,15,0,14,80,25,0,7,55,3.858,112.8,2.437,101.665,1.538,0.458,0.958,0.837,austen
2272,0,382,296,0,0,2,0,0,2.0,392,83,392,13,0,10,62,24,1,5,51,3.892,77.6,2.343,25.54,1.339,0.614,0.94,0.89,chesterton
2273,0,745,592,1,0,0,0,0,3.0,759,148,759,23,0,14,93,25,1,5,83,4.25,151.0,2.608,67.665,1.396,0.561,0.966,0.884,chesterton
2274,0,435,348,0,0,0,0,0,1.0,446,88,446,7,0,11,59,22,0,1,40,4.159,88.4,2.59,39.177,1.443,0.455,0.943,0.824,chesterton
2275,0,444,339,0,1,0,0,0,2.0,451,104,451,17,0,7,82,23,1,7,31,3.49,89.4,2.145,49.742,1.962,0.298,0.952,0.739,chesterton
2276,0,350,269,0,0,3,0,0,2.0,355,75,355,20,0,5,49,23,0,10,33,4.013,70.2,2.763,10.474,1.5,0.44,0.933,0.81,austen
2277,0,91,67,0,0,0,0,0,1.0,98,24,98,7,0,7,17,17,2,4,17,3.375,18.8,2.223,22.874,1.2,0.708,0.792,0.891,shakespeare
2278,0,474,362,0,0,4,0,0,1.0,486,104,486,24,0,12,70,26,1,13,52,3.904,96.4,2.491,108.394,1.425,0.5,0.952,0.851,austen
2279,0,295,213,1,0,3,0,1,2.0,308,74,308,23,0,13,56,24,0,11,45,3.459,60.8,2.185,42.204,1.321,0.608,0.932,0.884,austen
2280,0,386,281,0,0,2,1,1,7.0,395,99,395,23,0,9,78,25,1,10,48,3.202,78.2,1.959,70.414,1.547,0.485,0.949,0.842,austen
2281,0,750,588,0,0,0,0,0,2.0,770,163,770,22,0,20,108,24,0,9,66,3.871,153.2,2.58,86.998,1.68,0.405,0.969,0.823,austen
2282,0,319,238,0,0,0,4,0,1.0,341,78,341,13,0,22,57,23,0,8,36,3.5,67.4,2.329,26.283,1.472,0.462,0.936,0.823,shakespeare
2283,0,378,287,0,0,1,1,0,1.0,385,88,385,15,0,7,68,24,3,6,38,3.545,76.2,2.202,46.489,1.544,0.432,0.943,0.812,chesterton
2284,1,440,353,0,0,0,0,0,2.0,450,88,450,9,0,10,60,24,0,3,54,4.227,89.2,2.795,64.48,1.397,0.614,0.943,0.891,chesterton
2285,0,447,330,0,0,0,0,0,1.0,454,106,454,19,0,7,82,24,1,13,56,3.358,90.0,1.763,45.591,1.452,0.528,0.953,0.863,chesterton
2286,0,717,582,1,0,0,0,0,7.0,723,134,723,11,0,6,81,24,0,3,72,4.47,143.8,2.965,89.834,1.441,0.537,0.963,0.873,chesterton
2287,0,133,105,0,0,0,0,0,1.0,142,28,142,7,0,9,15,22,0,0,20,4.321,27.6,2.667,27.07,1.217,0.714,0.821,0.899,shakespeare
2288,0,576,454,0,0,2,0,0,1.0,586,118,586,16,0,10,76,24,0,13,54,4.102,116.4,2.596,94.743,1.532,0.458,0.958,0.836,chesterton
2289,0,558,431,0,0,2,0,1,0.6666666666666666,569,119,569,24,0,11,82,24,1,14,55,3.95,113.0,3.011,85.554,1.469,0.462,0.958,0.839,austen
2290,0,642,502,0,0,1,0,0,3.0,649,138,649,22,0,7,91,23,0,5,65,3.877,129.0,2.384,73.956,1.568,0.471,0.964,0.847,chesterton
2291,0,413,322,0,0,0,0,0,4.0,420,90,420,12,0,7,62,24,0,8,52,3.811,83.2,2.444,13.217,1.343,0.578,0.944,0.878,chesterton
2292,0,260,191,0,0,3,1,0,0.3333333333333333,267,66,267,15,0,7,50,24,0,7,35,3.318,52.6,1.986,22.075,1.375,0.53,0.924,0.849,austen
2293,0,830,632,0,0,2,0,0,1.0,847,192,847,29,0,17,138,25,0,14,79,3.557,168.6,2.17,127.974,1.67,0.411,0.974,0.831,austen
2294,0,983,775,0,0,0,0,0,7.0,1002,208,1002,19,0,19,142,25,1,6,90,3.913,199.6,2.462,184.725,1.677,0.433,0.976,0.843,austen
2295,0,126,97,0,0,0,0,0,1.0,133,30,133,5,0,7,22,20,0,3,21,3.633,25.8,2.22,36.252,1.2,0.7,0.833,0.895,shakespeare
2296,0,757,597,0,0,2,1,0,2.0,776,154,776,28,0,19,95,24,5,12,83,4.214,154.4,2.622,78.78,1.467,0.539,0.968,0.877,chesterton
2297,0,285,221,0,0,0,2,0,1.0,290,62,290,9,0,5,44,24,0,3,33,3.806,57.2,2.224,51.026,1.319,0.532,0.919,0.847,chesterton
2298,0,538,408,0,0,1,0,0,0.5,554,120,554,26,0,16,84,25,0,10,61,3.767,110.0,2.241,70.441,1.463,0.508,0.958,0.859,austen
2299,0,62,43,0,0,0,2,0,1.0,69,18,69,5,0,7,14,15,0,1,13,3.056,13.0,1.662,6.633,1.2,0.722,0.722,0.887,shakespeare
2300,0,514,394,0,0,0,1,0,2.0,521,119,521,14,0,7,92,24,0,10,54,3.496,103.4,2.186,64.213,1.526,0.454,0.958,0.835,austen
2301,0,421,309,0,0,2,0,2,1.0,435,103,435,24,0,14,79,23,1,16,49,3.417,86.2,2.117,69.575,1.431,0.476,0.951,0.84,austen
2302,0,262,208,0,0,0,0,0,1.0,270,53,270,11,0,8,37,23,0,6,35,4.302,53.2,2.978,32.828,1.262,0.66,0.906,0.895,austen
2303,0,1164,923,0,0,0,0,2,1.0,1174,239,1174,41,0,10,153,24,1,6,89,4.075,234.0,2.896,114.83,1.824,0.372,0.979,0.82,austen
2304,0,356,266,0,0,3,1,0,0.3333333333333333,363,82,363,20,0,7,60,25,2,12,40,3.671,71.8,2.409,46.746,1.414,0.488,0.939,0.837,chesterton
2305,0,112,75,0,0,2,2,1,1.0,120,31,120,11,0,8,25,22,0,7,21,3.161,23.2,1.828,17.225,1.192,0.677,0.839,0.887,austen
2306,0,697,551,0,0,1,0,0,4.0,705,141,705,20,0,8,91,25,3,9,67,4.128,140.2,2.431,114.816,1.533,0.475,0.965,0.85,chesterton
2307,0,300,223,0,0,1,0,1,1.0,306,71,306,18,0,6,49,22,0,9,40,3.521,60.4,2.229,59.492,1.365,0.563,0.93,0.865,austen
2308,0,461,344,0,0,3,0,3,2.0,472,107,472,30,0,11,80,24,0,12,50,3.654,93.6,2.364,96.829,1.507,0.467,0.953,0.837,austen
2309,0,412,313,0,1,0,0,0,6.0,423,97,423,18,0,11,75,24,2,6,55,3.536,83.8,2.319,46.127,1.406,0.567,0.948,0.876,chesterton
2310,0,945,738,0,0,1,0,0,0.75,958,203,958,30,0,13,141,26,2,9,93,3.862,190.8,2.486,150.722,1.611,0.458,0.975,0.853,austen
2311,0,125,91,1,0,0,0,0,1.0,134,33,134,9,0,9,25,22,0,2,22,3.303,26.0,2.298,23.643,1.269,0.667,0.848,0.884,shakespeare
2312,0,614,481,0,0,2,0,0,2.0,623,125,623,21,0,9,76,24,0,7,68,4.12,123.8,2.316,24.894,1.404,0.544,0.96,0.874,chesterton
2313,0,325,250,0,0,2,1,1,2.0,329,70,329,16,0,4,48,24,4,8,33,3.914,65.0,2.345,42.726,1.489,0.471,0.929,0.823,chesterton
2314,0,868,692,0,0,0,0,0,7.0,875,175,875,16,0,7,116,26,0,6,78,4.086,174.2,2.449,96.212,1.651,0.446,0.971,0.844,chesterton
2315,0,184,133,0,0,0,2,0,1.0,193,47,193,10,0,9,38,23,1,6,28,3.234,37.8,2.045,17.181,1.343,0.596,0.894,0.865,austen
2316,0,426,333,0,0,0,0,1,0.5,445,92,445,16,0,19,62,25,1,6,61,4.011,88.2,2.397,74.594,1.243,0.663,0.946,0.909,austen
2317,0,96,66,0,1,0,0,0,1.0,104,28,104,10,0,8,22,20,2,1,17,3.0,20.0,1.905,18.262,1.333,0.607,0.821,0.85,shakespeare
2318,0,1085,835,0,0,0,3,2,0.25,1100,232,1100,47,0,15,164,23,2,13,69,3.866,219.2,2.407,118.841,2.035,0.297,0.978,0.777,austen
2319,0,355,278,0,0,0,1,0,3.0,360,76,360,8,0,5,55,24,1,5,47,3.842,71.2,2.179,48.148,1.288,0.618,0.934,0.889,chesterton
2320,0,1193,940,0,0,0,0,0,5.0,1207,250,1207,40,0,14,169,25,1,6,82,3.976,240.6,2.74,253.796,1.938,0.328,0.98,0.798,austen
2321,0,389,286,0,0,2,1,0,1.0,398,97,398,25,0,9,76,24,3,15,55,3.361,78.8,2.132,43.315,1.426,0.567,0.948,0.876,chesterton
2322,0,533,419,0,0,0,0,0,6.0,540,114,540,19,0,7,80,25,0,2,55,3.904,107.2,2.552,80.145,1.583,0.482,0.956,0.846,austen
2323,0,234,171,0,0,1,3,2,2.0,241,57,241,13,0,7,47,24,1,7,34,3.404,47.4,2.251,43.137,1.326,0.596,0.912,0.872,austen
2324,0,246,175,0,0,1,1,1,3.0,258,62,258,19,0,12,50,24,1,13,27,3.355,50.8,2.255,44.336,1.476,0.435,0.919,0.799,austen
2325,0,561,441,0,0,2,0,0,1.0,576,118,576,19,0,15,81,25,0,6,43,4.059,114.4,2.693,29.04,1.616,0.364,0.958,0.788,chesterton
2326,0,747,586,0,0,0,0,0,2.0,764,161,764,21,0,17,109,24,0,16,83,3.888,152.0,2.449,78.221,1.519,0.516,0.969,0.87,austen
2327,0,323,245,0,0,0,0,0,1.0,343,78,343,12,0,20,56,22,0,4,45,3.551,67.8,2.214,85.494,1.322,0.577,0.936,0.874,shakespeare
2328,2,750,592,0,0,1,0,1,5.0,768,154,768,20,0,18,103,25,0,7,70,4.104,152.8,2.474,139.849,1.571,0.455,0.968,0.843,austen
2329,0,225,171,0,0,0,0,0,0.5,231,53,231,12,0,6,37,23,1,6,35,3.585,45.4,2.522,32.075,1.262,0.66,0.906,0.895,austen
2330,0,442,313,0,1,2,0,4,1.0,458,110,458,38,0,16,86,23,1,19,53,3.382,90.8,2.238,96.019,1.467,0.482,0.955,0.845,austen
2331,9,274,184,0,5,1,1,2,1.0,324,81,324,23,0,50,61,23,1,13,37,3.198,64.0,1.9,71.404,1.446,0.457,0.938,0.822,chesterton
2332,0,434,335,0,1,1,2,0,0.5,446,92,446,21,0,12,58,25,0,7,55,4.022,88.4,2.538,76.261,1.296,0.598,0.946,0.886,austen
2333,0,424,323,0,0,0,0,1,0.3333333333333333,433,99,433,17,0,9,75,23,0,4,42,3.525,85.8,2.318,20.487,1.547,0.424,0.949,0.813,austen
2334,0,720,539,0,0,4,2,0,2.0,737,164,737,36,0,17,126,24,2,19,65,3.671,146.6,2.289,77.077,1.673,0.396,0.97,0.819,chesterton
2335,0,690,533,0,0,1,0,0,4.0,701,155,701,23,0,11,116,25,0,9,65,3.677,139.4,2.571,176.124,1.649,0.419,0.968,0.828,austen
2336,0,444,343,0,0,0,0,0,1.0,454,96,454,15,0,10,67,24,2,10,45,3.854,90.0,2.513,21.107,1.5,0.469,0.948,0.834,chesterton
2337,0,37,24,0,0,0,0,0,1.0,42,14,42,4,0,5,12,14,0,2,7,2.357,7.6,1.447,5.899,1.4,0.5,0.643,0.737,shakespeare
2338,0,153,113,0,0,0,0,0,1.0,168,39,168,8,0,15,26,21,0,2,29,3.487,32.8,2.199,42.222,1.182,0.744,0.872,0.919,shakespeare
2339,0,543,416,0,0,2,0,0,2.0,556,124,556,19,0,13,92,23,0,11,56,3.653,110.4,2.149,61.857,1.494,0.452,0.96,0.835,chesterton
2340,3,748,579,0,0,2,0,0,2.0,768,160,768,26,0,20,105,26,1,14,81,3.938,152.8,2.378,97.161,1.538,0.506,0.969,0.866,chesterton
2341,0,371,279,0,0,3,0,0,2.0,382,85,382,19,0,11,61,23,1,10,49,3.718,75.6,2.398,35.83,1.328,0.576,0.941,0.876,chesterton
2342,0,409,319,0,0,0,0,0,1.25,417,91,417,10,0,8,70,23,0,1,44,3.703,82.6,2.292,49.186,1.517,0.484,0.945,0.839,austen
2343,0,107,79,0,0,0,1,0,1.0,116,28,116,5,0,9,20,21,0,5,21,3.321,22.4,1.827,18.284,1.167,0.75,0.821,0.914,shakespeare
2344,0,428,324,0,0,3,0,0,2.0,441,95,441,23,0,13,65,23,0,11,51,3.863,87.4,2.571,40.147,1.462,0.537,0.947,0.863,chesterton
2345,0,373,291,0,0,1,0,0,1.0,378,79,378,10,0,5,52,24,0,4,52,3.911,74.8,2.144,27.105,1.274,0.658,0.937,0.904,chesterton
2346,0,329,245,0,0,2,0,1,4.0,336,81,336,16,0,7,63,23,1,13,37,3.358,66.4,2.193,40.9,1.446,0.457,0.938,0.822,austen
2347,0,511,389,0,1,0,1,0,3.0,527,115,527,24,0,16,80,24,1,12,63,3.739,104.6,2.482,85.632,1.386,0.548,0.957,0.873,austen
2348,0,280,192,0,0,4,0,1,2.0,289,74,289,28,0,9,64,24,0,17,30,3.23,57.0,2.356,29.479,1.682,0.405,0.932,0.79,chesterton
2349,0,496,370,0,0,3,1,1,1.0,509,118,509,29,0,13,85,24,1,11,63,3.542,101.0,2.198,64.261,1.439,0.534,0.958,0.868,chesterton
2350,0,571,442,0,0,0,1,0,1.0,586,126,586,17,0,15,90,25,1,10,64,3.77,116.4,2.121,70.5,1.432,0.508,0.96,0.86,austen
2351,0,274,208,0,0,1,1,0,1.0,280,64,280,10,0,6,51,22,0,7,32,3.547,55.2,2.41,25.183,1.391,0.5,0.922,0.833,austen
2352,0,433,346,0,0,0,0,0,3.0,448,85,448,13,0,15,55,23,1,3,42,4.4,88.8,2.85,18.363,1.491,0.494,0.941,0.841,chesterton
2353,0,306,236,0,0,1,0,1,1.0,311,66,311,12,0,5,47,24,0,6,37,3.879,61.4,2.776,46.242,1.32,0.561,0.924,0.862,chesterton
2354,0,1760,1403,0,1,0,0,0,0.3333333333333333,1782,353,1782,47,0,22,234,25,3,6,150,4.17,355.6,2.619,198.058,1.783,0.425,0.986,0.854,austen
2355,0,704,561,0,0,0,0,0,8.0,710,142,710,14,0,6,93,26,1,1,53,4.092,141.2,2.633,69.46,1.651,0.373,0.965,0.801,chesterton
2356,0,1211,954,0,0,0,0,0,3.3333333333333335,1224,245,1224,42,0,13,160,25,0,2,105,4.118,244.0,2.594,260.904,1.738,0.429,0.98,0.846,austen
2357,0,497,381,0,0,1,1,0,2.0,512,108,512,19,0,15,76,26,0,9,57,3.861,101.6,2.168,70.383,1.35,0.528,0.954,0.864,austen
2358,0,269,204,0,0,0,0,0,1.0,276,66,276,14,0,7,52,22,2,3,28,3.409,54.4,2.366,10.015,1.535,0.424,0.924,0.795,chesterton
2359,0,463,351,0,0,3,1,0,3.0,470,105,470,26,0,7,74,23,4,8,60,3.714,93.2,2.323,55.269,1.364,0.571,0.952,0.88,chesterton
2360,0,395,292,0,0,5,1,0,1.0,407,94,407,22,0,12,68,24,0,19,43,3.596,80.6,2.507,43.102,1.679,0.457,0.947,0.828,chesterton
2361,0,672,508,0,0,5,1,0,4.0,686,154,686,28,0,14,111,24,2,15,75,3.636,136.4,2.157,56.867,1.495,0.487,0.968,0.857,chesterton
2362,0,287,219,0,0,1,1,1,4.0,291,62,291,14,0,4,46,24,3,6,36,3.871,57.4,2.945,47.711,1.319,0.581,0.919,0.868,chesterton
2363,2,437,334,0,0,1,0,0,1.0,458,98,458,17,0,21,75,24,1,10,57,3.816,90.8,2.451,32.337,1.307,0.582,0.949,0.882,chesterton
2364,0,399,308,0,0,1,0,2,1.0,407,86,407,17,0,8,60,23,0,6,52,3.895,80.6,2.425,56.972,1.344,0.605,0.942,0.887,austen
2365,0,344,243,0,2,1,1,2,1.0,361,87,361,28,0,17,70,23,0,10,59,3.345,71.4,2.193,32.254,1.261,0.678,0.943,0.913,austen
2366,0,39,24,0,2,0,0,0,1.0,45,14,45,6,0,6,12,13,3,0,6,2.571,8.2,1.555,3.834,1.556,0.429,0.643,0.679,shakespeare
2367,0,221,153,0,0,4,1,2,2.0,226,58,226,23,0,5,45,21,3,14,21,3.293,44.4,2.362,37.125,1.657,0.362,0.914,0.75,chesterton
2368,0,172,126,0,0,1,0,2,1.0,176,43,176,11,0,4,33,22,3,8,22,3.326,34.4,1.985,24.337,1.433,0.512,0.884,0.822,chesterton
2369,0,941,744,0,0,0,0,0,0.14285714285714285,959,192,959,29,0,18,129,25,3,10,86,4.125,191.0,2.539,143.119,1.699,0.448,0.974,0.847,austen
2370,0,557,421,0,0,1,1,1,1.0,568,126,568,26,0,11,98,24,0,12,73,3.651,112.8,2.17,85.107,1.326,0.579,0.96,0.887,austen
2371,0,158,111,0,0,2,1,0,0.5,167,42,167,13,0,9,33,22,0,7,28,3.262,32.6,2.001,20.256,1.235,0.667,0.881,0.892,austen
2372,0,357,265,0,0,2,0,3,0.5,367,80,367,22,0,10,55,23,1,11,44,3.775,72.6,2.267,105.701,1.333,0.55,0.938,0.864,austen
2373,0,663,518,0,0,0,0,0,2.0,669,143,669,16,0,6,95,23,0,4,56,3.776,133.0,2.234,93.48,1.765,0.392,0.965,0.811,chesterton
2374,0,429,341,0,0,0,0,0,0.5,434,87,434,13,0,5,55,23,0,1,47,4.126,86.0,2.627,46.707,1.45,0.54,0.943,0.862,chesterton
2375,0,496,397,0,0,0,0,0,4.0,501,99,501,14,0,5,59,23,0,2,51,4.202,99.4,2.547,85.41,1.356,0.515,0.949,0.856,austen
2376,0,404,303,0,0,2,1,1,2.0,418,98,418,18,0,14,75,24,0,10,51,3.459,82.8,2.28,64.091,1.4,0.52,0.949,0.858,austen
2377,0,261,199,0,0,2,1,1,0.5,265,57,265,14,0,4,39,23,1,8,45,3.877,52.2,2.522,40.158,1.118,0.789,0.912,0.942,chesterton
2378,0,363,275,0,0,3,1,0,0.5,373,81,373,22,0,10,60,24,2,12,46,3.864,73.8,2.751,24.468,1.328,0.568,0.938,0.871,austen
2379,0,160,123,0,0,0,0,0,1.0,172,36,172,9,0,12,24,20,0,0,20,4.0,33.6,2.878,45.363,1.333,0.556,0.861,0.836,shakespeare
2380,3,417,325,0,0,0,0,0,4.0,438,93,438,8,0,21,65,26,0,3,43,3.806,86.8,2.188,84.316,1.5,0.462,0.946,0.83,chesterton
2381,0,224,162,0,0,4,0,2,2.0,229,53,229,19,0,5,36,23,1,10,36,3.66,45.0,2.353,24.01,1.262,0.679,0.906,0.903,chesterton
2382,0,270,208,0,0,0,1,0,1.0,286,61,286,11,0,16,41,23,0,4,40,3.852,56.4,2.33,56.456,1.271,0.656,0.918,0.897,shakespeare
2383,0,586,451,0,0,2,2,0,3.0,596,131,596,14,0,10,95,24,1,10,49,3.656,118.4,2.078,39.374,1.598,0.374,0.962,0.798,chesterton
2384,0,468,361,0,0,1,0,2,1.0,479,103,479,23,0,11,74,24,0,5,54,3.864,95.0,2.393,142.685,1.451,0.524,0.951,0.861,austen
2385,0,417,314,0,1,1,1,2,1.0,428,98,428,19,0,11,71,23,0,9,47,3.541,84.8,2.072,68.838,1.508,0.48,0.949,0.84,chesterton
2386,0,506,392,0,0,3,1,0,1.0,516,107,516,20,0,10,67,25,0,8,60,4.009,102.4,2.267,30.843,1.427,0.561,0.953,0.876,chesterton
2387,0,86,61,0,0,0,1,0,1.0,93,25,93,4,0,7,20,19,0,1,21,2.88,17.8,1.424,15.401,1.087,0.84,0.8,0.946,shakespeare
2388,0,842,666,0,0,1,0,0,2.0,864,166,864,27,0,22,105,25,1,9,81,4.319,172.0,2.843,104.797,1.509,0.488,0.97,0.86,chesterton
2389,0,517,384,1,0,5,1,0,1.0,532,121,532,33,0,15,85,25,0,18,45,3.669,105.6,2.322,14.398,1.921,0.372,0.959,0.794,chesterton
2390,0,207,144,0,0,3,2,0,1.0,214,50,214,23,0,7,39,22,1,15,27,3.64,42.0,2.827,21.989,1.429,0.54,0.9,0.842,chesterton
2391,0,419,303,0,0,5,0,0,0.5,430,103,430,33,0,11,78,25,1,16,48,3.476,85.2,2.164,49.847,1.537,0.466,0.951,0.835,austen
2392,0,1117,835,0,0,3,1,2,5.0,1141,251,1141,65,0,24,181,25,0,35,93,3.705,227.4,2.55,193.934,1.887,0.371,0.98,0.82,austen
2393,0,205,142,0,0,0,0,2,1.0,214,52,214,17,0,9,40,24,0,7,24,3.231,42.0,2.064,35.756,1.368,0.462,0.904,0.804,austen
2394,0,466,361,1,0,2,0,1,6.0,479,99,479,17,0,13,71,22,1,8,54,3.99,95.0,2.549,28.81,1.394,0.545,0.949,0.868,chesterton
2395,0,246,181,0,0,2,0,0,1.0,255,62,255,13,0,9,50,22,1,10,34,3.355,50.2,1.934,38.506,1.319,0.548,0.919,0.854,chesterton
2396,0,337,254,0,0,1,1,0,4.0,342,79,342,13,0,5,62,24,0,6,46,3.481,67.6,2.012,61.752,1.339,0.582,0.937,0.876,chesterton
2397,0,272,209,0,0,0,0,0,0.3333333333333333,282,64,282,10,0,10,46,23,1,4,33,3.594,55.6,2.187,39.583,1.422,0.516,0.922,0.841,austen
2398,0,637,488,0,0,1,2,1,0.1111111111111111,647,139,647,27,0,10,98,25,0,8,68,3.799,128.6,2.188,205.859,1.463,0.489,0.964,0.855,austen
2399,0,698,562,0,0,0,0,0,7.0,706,135,706,11,0,8,84,25,0,0,65,4.304,140.4,2.612,40.998,1.534,0.481,0.963,0.851,chesterton
2400,0,387,286,0,0,0,3,0,1.0,409,95,409,22,0,22,66,24,1,14,48,3.474,81.0,2.226,36.592,1.338,0.505,0.947,0.85,shakespeare
2401,0,328,260,0,0,0,0,0,0.25,337,66,337,10,0,9,40,24,1,4,35,4.227,66.6,2.541,48.18,1.404,0.53,0.924,0.849,austen
2402,0,484,378,0,0,0,0,1,1.0,496,102,496,13,0,12,69,24,1,13,52,3.961,98.4,2.521,56.168,1.36,0.51,0.951,0.854,chesterton
2403,0,141,105,1,0,0,2,0,1.0,149,35,149,6,0,8,30,21,0,1,27,3.4,29.0,2.265,46.022,1.129,0.771,0.857,0.927,shakespeare
2404,0,721,560,0,0,1,0,0,0.2,730,159,730,20,0,9,114,24,2,8,76,3.723,145.2,2.247,71.866,1.559,0.478,0.969,0.854,chesterton
2405,0,366,281,0,0,1,1,0,0.5,371,84,371,15,0,5,60,24,2,9,43,3.619,73.4,2.323,42.583,1.424,0.512,0.94,0.849,chesterton
2406,0,620,494,1,0,0,0,0,0.25,631,125,631,15,0,11,88,25,0,2,67,4.16,125.4,2.513,45.555,1.488,0.536,0.96,0.871,austen
2407,0,902,679,0,0,2,0,0,0.6666666666666666,916,199,916,48,0,14,146,26,1,23,96,3.754,182.4,2.362,81.693,1.579,0.482,0.975,0.862,austen
2408,0,408,320,0,0,0,0,0,0.3333333333333333,418,87,418,10,0,10,56,24,0,2,39,3.908,82.8,2.1,21.464,1.426,0.448,0.943,0.82,austen
2409,0,552,427,0,0,2,0,0,0.6666666666666666,560,119,560,16,0,8,83,23,0,10,73,3.824,111.2,2.283,45.735,1.293,0.613,0.958,0.898,austen
2410,0,644,511,0,0,0,0,0,1.0,657,134,657,21,0,13,84,24,0,2,60,4.067,130.6,2.628,103.934,1.675,0.448,0.963,0.836,austen
2411,0,302,220,0,0,2,1,1,0.3333333333333333,311,74,311,16,0,9,58,24,0,11,34,3.378,61.4,1.956,33.679,1.423,0.459,0.932,0.819,austen
2412,0,322,243,0,0,3,1,0,1.0,326,73,326,19,0,4,47,23,0,9,30,3.74,64.4,2.205,56.651,1.622,0.411,0.932,0.793,chesterton
2413,0,648,483,0,0,2,4,1,11.0,661,143,661,39,0,13,99,24,0,16,56,3.769,131.4,2.313,122.627,1.663,0.392,0.965,0.811,austen
2414,0,325,248,0,0,0,0,0,0.5,333,74,333,14,0,8,52,24,0,10,45,3.649,65.8,2.452,71.468,1.345,0.608,0.932,0.884,austen
2415,0,432,341,0,0,0,0,0,2.0,440,89,440,13,0,8,58,23,0,4,42,4.079,87.2,2.546,36.224,1.534,0.472,0.944,0.833,chesterton
2416,0,205,155,0,0,0,1,0,1.0,218,49,218,11,0,13,34,22,1,3,37,3.653,42.8,1.985,44.246,1.167,0.755,0.898,0.928,shakespeare
2417,0,280,196,0,0,0,2,3,1.0,297,72,297,25,0,17,55,21,1,13,30,3.319,58.6,2.088,33.516,1.5,0.417,0.931,0.795,austen
2418,0,362,275,0,1,0,0,0,3.0,385,85,385,17,0,23,63,23,1,4,44,3.706,76.2,2.618,150.92,1.371,0.518,0.941,0.852,shakespeare
2419,0,74,53,0,0,0,3,0,1.0,81,19,81,6,0,7,14,19,0,3,10,3.474,15.4,2.27,9.94,1.357,0.526,0.737,0.782,shakespeare
2420,0,315,236,0,2,0,2,0,4.0,321,76,321,15,0,6,59,22,0,3,43,3.395,63.4,2.179,45.807,1.407,0.566,0.934,0.868,austen
2421,0,217,164,0,0,0,0,0,0.3333333333333333,230,52,230,9,0,13,38,22,0,4,33,3.577,45.2,2.208,55.617,1.268,0.635,0.904,0.885,shakespeare
2422,0,659,500,0,0,0,0,0,1.0,692,152,692,26,0,33,107,24,2,19,63,3.678,137.6,2.371,149.403,1.6,0.414,0.967,0.825,shakespeare
2423,0,1333,1066,0,0,3,0,0,2.0,1344,259,1344,42,0,11,169,25,0,7,124,4.344,268.0,2.899,127.462,1.66,0.479,0.981,0.867,austen
2424,0,135,92,0,0,0,2,0,2.0,147,40,147,12,0,12,30,21,3,3,26,2.9,28.6,1.837,23.191,1.29,0.65,0.875,0.883,shakespeare
2425,0,403,320,0,0,0,0,0,2.0,417,84,417,13,0,14,53,24,1,6,47,4.143,82.6,2.689,42.6,1.355,0.56,0.94,0.869,austen
2426,0,515,406,0,0,0,0,0,0.25,526,108,526,15,0,11,74,23,0,4,57,4.0,104.4,2.543,90.054,1.479,0.528,0.954,0.864,austen
2427,0,345,255,0,0,0,1,0,1.0,353,84,353,19,0,8,67,24,0,7,45,3.369,69.8,1.968,45.975,1.474,0.536,0.94,0.859,austen
2428,0,340,270,0,0,0,0,1,0.5,350,70,350,8,0,10,47,24,0,2,43,4.114,69.2,2.453,35.351,1.186,0.614,0.929,0.885,austen
2429,0,373,272,0,0,0,0,1,3.0,380,90,380,21,0,7,72,23,0,10,40,3.344,75.2,1.984,36.341,1.429,0.444,0.944,0.82,austen
2430,0,321,243,0,0,0,0,0,1.0,342,79,342,19,0,21,56,23,0,4,33,3.582,67.6,2.53,73.139,1.58,0.418,0.937,0.8,shakespeare
2431,0,294,216,0,0,0,0,0,1.0,306,76,306,15,0,12,59,24,1,10,37,3.197,60.4,2.027,39.45,1.49,0.487,0.934,0.834,austen
2432,0,178,121,0,0,3,1,0,2.0,185,50,185,18,0,7,40,22,2,11,26,3.08,36.2,1.957,18.102,1.351,0.52,0.9,0.833,chesterton
2433,2,791,607,0,0,1,0,0,1.0,822,178,822,27,0,31,127,24,1,15,80,3.747,163.6,2.414,75.065,1.604,0.449,0.972,0.846,chesterton
2434,0,163,118,0,0,0,0,0,3.0,171,45,171,6,0,8,38,20,0,4,24,2.933,33.4,1.629,32.921,1.286,0.533,0.889,0.835,shakespeare
2435,0,265,195,0,0,0,1,0,4.0,274,66,274,13,0,9,49,23,0,5,40,3.288,54.0,2.132,79.866,1.32,0.606,0.924,0.88,shakespeare
2436,0,1134,890,1,0,0,0,0,0.16666666666666666,1145,239,1145,35,0,11,171,25,1,6,103,3.921,228.2,2.671,259.909,1.757,0.431,0.979,0.846,austen
2437,0,864,675,1,0,1,0,2,1.0,871,186,871,26,0,7,134,25,0,3,82,3.817,173.4,2.407,100.408,1.676,0.441,0.973,0.843,austen
2438,0,902,709,0,0,1,0,0,0.25,916,188,916,26,0,14,134,27,0,7,87,3.995,182.4,2.402,114.707,1.58,0.463,0.973,0.853,austen
2439,0,362,266,0,0,1,0,0,0.6666666666666666,371,91,371,22,0,9,74,24,1,11,54,3.297,73.4,2.137,59.856,1.319,0.593,0.945,0.884,austen
2440,0,301,229,0,0,1,1,0,1.0,311,66,311,16,0,10,47,22,0,9,37,3.909,61.4,2.8,39.614,1.347,0.561,0.924,0.862,austen
2441,0,134,98,0,0,0,1,0,1.0,143,36,143,8,0,9,29,20,0,3,23,3.194,27.8,1.636,43.089,1.241,0.639,0.861,0.875,shakespeare
2442,1,891,695,0,0,0,0,0,1.0,912,192,912,28,0,21,130,25,1,9,86,3.875,181.6,2.407,98.663,1.655,0.448,0.974,0.847,austen
2443,0,238,165,0,2,2,0,1,2.0,249,69,249,21,0,11,55,21,1,10,39,2.913,49.0,1.953,34.878,1.408,0.565,0.928,0.865,austen
2444,0,210,161,0,0,0,0,0,0.5,215,50,215,8,0,5,35,21,0,3,26,3.5,42.2,2.206,14.255,1.316,0.52,0.9,0.833,austen
2445,0,99,73,0,0,0,0,0,1.0,108,25,108,5,0,9,19,21,0,3,17,3.48,20.8,2.663,19.512,1.136,0.68,0.8,0.88,shakespeare
2446,0,143,108,0,0,0,1,0,1.0,153,35,153,6,0,10,27,21,0,1,28,3.543,29.8,1.93,30.434,1.094,0.8,0.857,0.937,shakespeare
2447,0,458,360,0,0,0,0,0,0.6,465,98,465,16,0,7,67,23,0,0,45,3.908,92.2,2.691,46.65,1.531,0.459,0.949,0.83,austen
2448,0,382,282,0,0,3,0,1,3.0,388,93,388,23,0,6,69,24,1,12,46,3.409,76.8,2.012,12.194,1.476,0.495,0.946,0.845,chesterton
2449,0,173,128,0,0,0,1,0,1.0,185,43,185,11,0,12,33,22,1,4,28,3.512,36.2,2.482,63.377,1.194,0.651,0.884,0.886,shakespeare
2450,0,46,24,0,3,0,0,1,2.0,48,17,48,9,0,2,15,14,0,2,11,2.059,8.8,1.6,14.325,1.308,0.647,0.706,0.846,austen
2451,0,950,754,0,0,1,0,0,0.2,964,193,964,23,0,14,129,26,1,10,88,4.114,192.0,2.559,109.784,1.608,0.456,0.974,0.851,austen
2452,0,1373,1058,1,2,0,0,1,0.16666666666666666,1398,296,1398,57,0,25,205,25,4,20,114,3.855,278.8,2.456,261.89,1.839,0.385,0.983,0.832,austen
2453,0,298,215,0,0,1,0,4,1.0,307,73,307,19,0,9,61,24,0,6,34,3.356,60.6,2.22,38.057,1.431,0.466,0.932,0.822,austen
2454,2,547,435,0,0,0,0,0,1.0,569,112,569,12,0,22,71,24,1,5,57,4.188,113.0,2.392,54.968,1.474,0.509,0.955,0.857,chesterton
2455,0,288,223,0,0,0,0,0,5.0,295,65,295,10,0,7,45,22,1,3,44,3.692,58.2,1.912,15.643,1.226,0.677,0.923,0.907,chesterton
2456,0,387,293,0,0,3,1,1,2.0,396,87,396,19,0,9,66,24,0,11,47,3.77,78.4,2.692,74.715,1.426,0.54,0.943,0.862,austen
2457,0,614,454,0,1,3,0,0,11.0,630,141,630,45,0,16,104,25,3,20,57,3.709,125.2,2.422,73.863,1.602,0.404,0.965,0.817,austen
2458,0,391,293,0,0,2,0,1,4.0,404,93,404,23,0,13,73,22,0,13,36,3.602,80.0,2.485,31.773,1.722,0.387,0.946,0.791,austen
2459,0,457,357,0,0,1,1,1,0.3333333333333333,471,97,471,16,0,14,70,24,1,5,56,4.01,93.4,2.543,135.297,1.329,0.577,0.948,0.88,austen
2460,0,388,291,0,1,0,1,0,3.0,402,92,402,17,0,14,72,24,0,5,51,3.522,79.6,2.11,25.076,1.394,0.554,0.946,0.87,austen
2461,0,1384,1104,0,0,0,0,0,0.4,1398,277,1398,42,0,14,177,26,0,6,109,4.188,278.8,2.676,181.717,1.872,0.394,0.982,0.834,austen
2462,0,535,403,0,0,3,1,0,2.0,545,125,545,23,0,10,95,24,0,11,60,3.544,108.2,2.153,88.886,1.471,0.48,0.96,0.848,chesterton
2463,0,164,122,0,0,0,0,0,1.0,177,43,177,8,0,13,32,21,0,3,28,3.326,34.6,1.756,31.556,1.344,0.651,0.884,0.886,shakespeare
2464,0,627,477,0,1,2,0,3,0.5,645,136,645,32,0,18,100,26,0,14,62,3.904,128.2,2.506,150.482,1.528,0.456,0.963,0.84,austen
2465,0,1770,1384,0,0,0,0,0,1.5,1807,368,1807,59,0,37,253,26,2,15,121,4.022,360.6,2.502,327.817,2.091,0.329,0.986,0.812,austen
2466,0,503,400,0,0,1,0,0,1.0,512,101,512,13,0,9,59,23,1,4,68,4.198,101.6,2.421,27.428,1.262,0.673,0.95,0.914,chesterton
2467,0,1187,948,0,0,0,0,0,5.0,1202,237,1202,30,0,15,154,25,0,4,99,4.19,239.6,2.665,142.339,1.717,0.418,0.979,0.84,austen
2468,0,301,211,0,4,2,0,1,2.0,312,80,312,24,0,11,63,22,3,9,44,3.125,61.6,1.858,36.631,1.356,0.55,0.938,0.864,austen
2469,0,1033,815,0,0,0,0,0,10.0,1041,216,1041,24,0,8,148,24,0,1,100,3.926,207.4,2.297,90.304,1.742,0.463,0.977,0.857,chesterton
2470,0,199,146,0,0,0,0,0,1.0,210,50,210,13,0,11,38,25,1,8,30,3.42,41.2,2.304,28.648,1.316,0.6,0.9,0.869,austen
2471,0,344,267,0,0,2,0,0,4.0,349,71,349,13,0,5,46,24,0,4,37,4.07,69.0,2.503,52.043,1.315,0.521,0.93,0.847,chesterton
2472,0,877,698,0,0,0,0,0,7.0,888,180,888,24,0,11,115,25,1,9,87,4.078,176.8,2.688,101.657,1.593,0.483,0.972,0.86,austen
2473,0,282,213,0,0,0,1,0,2.0,300,66,300,13,0,18,48,23,0,6,39,3.697,59.2,2.554,56.349,1.347,0.591,0.924,0.874,shakespeare
2474,0,838,668,0,0,0,0,0,0.5,847,169,847,20,0,9,113,24,0,4,78,4.124,168.6,2.484,234.261,1.641,0.462,0.97,0.849,austen
2475,0,546,437,1,0,0,0,0,3.0,553,107,553,12,0,7,65,23,0,0,61,4.262,109.8,2.263,46.997,1.39,0.57,0.953,0.88,chesterton
2476,0,232,173,0,1,0,0,3,2.0,240,55,240,14,0,8,41,23,0,2,39,3.564,47.2,2.299,46.8,1.196,0.709,0.909,0.914,austen
2477,0,158,118,0,0,0,0,0,1.0,168,40,168,8,0,10,31,22,0,8,28,3.4,32.8,2.296,33.833,1.212,0.7,0.875,0.903,shakespeare
2478,0,348,263,0,0,2,1,0,2.0,357,81,357,13,0,9,57,24,0,10,49,3.58,70.6,1.929,37.991,1.306,0.605,0.938,0.886,chesterton
2479,0,296,221,0,0,0,0,0,1.0,310,72,310,18,0,14,56,22,0,6,23,3.542,61.2,2.175,33.789,1.756,0.319,0.931,0.733,austen
2480,0,267,203,0,0,0,4,0,2.0,284,60,284,11,0,17,41,23,0,1,39,3.85,56.0,2.399,57.232,1.277,0.65,0.917,0.895,shakespeare
2481,0,426,335,0,0,0,0,0,1.0,435,92,435,14,0,9,64,23,2,7,59,3.891,86.2,2.492,52.808,1.296,0.641,0.946,0.902,chesterton
2482,0,125,97,0,0,0,1,0,1.0,134,28,134,5,0,9,18,21,0,3,24,3.964,26.0,2.575,25.229,1.077,0.857,0.821,0.954,shakespeare
2483,0,808,625,0,0,3,1,0,0.3333333333333333,830,176,830,32,0,22,122,25,3,18,72,3.898,165.2,2.491,90.373,1.676,0.409,0.972,0.827,austen
2484,0,194,143,0,0,0,4,0,1.0,202,47,202,7,0,8,37,20,0,4,25,3.404,39.6,2.071,30.386,1.469,0.532,0.894,0.836,chesterton
2485,0,378,289,0,0,2,0,2,6.0,385,84,385,15,0,7,64,25,0,6,41,3.75,76.2,2.464,66.601,1.424,0.488,0.94,0.838,austen
2486,0,111,78,0,0,0,1,0,1.0,117,33,117,8,0,6,29,22,1,3,21,2.788,22.6,1.673,34.782,1.222,0.636,0.848,0.871,shakespeare
2487,0,575,459,0,0,0,0,0,5.0,581,116,581,18,0,6,76,25,0,3,59,4.164,115.4,2.895,35.004,1.547,0.509,0.957,0.858,chesterton
2488,2,492,377,0,0,0,0,0,1.0,512,110,512,17,0,20,86,23,0,9,64,3.782,101.6,2.617,85.204,1.375,0.582,0.955,0.885,austen
2489,0,90,68,0,0,0,0,0,2.0,98,23,98,5,0,8,17,17,1,3,18,3.522,18.8,2.042,26.061,1.15,0.783,0.783,0.922,shakespeare
2490,0,491,393,0,0,0,0,0,0.2,497,96,497,15,0,6,60,25,0,2,55,4.312,98.6,3.065,60.09,1.391,0.573,0.948,0.878,austen
2491,0,212,157,0,0,0,1,0,1.0,227,54,227,9,0,15,41,23,0,2,32,3.352,44.6,2.03,68.094,1.227,0.593,0.907,0.869,shakespeare
2492,0,94,68,0,0,0,1,0,1.0,105,26,105,9,0,11,19,17,0,2,16,3.385,20.2,2.434,21.324,1.368,0.615,0.808,0.851,shakespeare
2493,0,390,304,0,0,0,0,1,0.5,402,81,402,17,0,12,53,25,0,5,56,4.111,79.6,2.554,78.793,1.227,0.691,0.938,0.916,austen
2494,0,367,282,0,0,0,1,1,0.25,376,82,376,15,0,9,64,24,0,2,49,3.732,74.4,2.485,53.822,1.323,0.598,0.939,0.883,austen
2495,0,1276,986,0,0,1,0,4,0.07692307692307693,1291,264,1291,47,0,15,187,26,0,16,97,3.977,257.4,2.367,157.451,1.899,0.367,0.981,0.82,austen
2496,0,394,312,0,0,0,0,1,0.6666666666666666,400,81,400,12,0,6,54,25,0,2,45,4.099,79.2,2.305,35.379,1.35,0.556,0.938,0.866,austen
2497,0,332,255,0,0,0,0,3,2.0,339,74,339,9,0,7,52,23,2,6,40,3.676,67.0,1.966,28.196,1.298,0.541,0.932,0.857,austen
2498,0,531,395,0,0,0,0,0,2.0,547,137,547,16,0,16,112,25,0,10,65,3.117,108.6,1.737,65.877,1.631,0.474,0.964,0.848,austen
2499,0,235,167,0,0,3,0,1,2.0,244,60,244,18,0,9,43,23,4,15,33,3.333,48.0,2.08,29.606,1.364,0.55,0.917,0.854,chesterton
2500,0,307,209,0,0,5,1,0,2.0,314,85,314,33,0,7,67,23,0,16,35,3.071,62.0,1.963,47.958,1.735,0.412,0.941,0.8,chesterton
2501,0,215,144,0,0,4,1,0,2.0,226,61,226,23,0,11,50,22,1,16,29,3.082,44.4,2.076,26.416,1.564,0.475,0.918,0.819,chesterton
2502,0,588,468,0,0,0,0,0,0.14285714285714285,601,117,601,19,0,13,78,25,0,6,63,4.291,119.4,2.701,69.533,1.393,0.538,0.957,0.87,austen
2503,0,456,367,0,0,0,0,0,1.0,463,90,463,10,0,7,58,24,1,1,39,4.267,91.8,2.808,54.039,1.552,0.433,0.944,0.814,chesterton
2504,0,660,518,0,0,3,0,0,3.0,672,137,672,25,0,12,91,25,0,7,53,4.095,133.6,2.681,53.196,1.593,0.387,0.964,0.807,chesterton
2505,0,574,436,0,0,1,0,0,6.0,587,130,587,24,0,13,100,26,1,11,66,3.654,116.6,2.226,76.229,1.461,0.508,0.962,0.861,austen
2506,0,676,519,0,0,1,1,1,0.25,689,146,689,27,0,13,109,24,0,8,66,3.842,137.0,2.377,80.19,1.537,0.452,0.966,0.841,austen
2507,0,766,622,0,0,0,0,0,5.0,781,138,781,22,0,15,75,25,0,2,73,4.775,155.4,3.249,59.769,1.453,0.529,0.964,0.871,chesterton
2508,0,138,103,0,0,0,1,0,1.0,145,32,145,8,0,7,23,22,0,1,27,3.688,28.2,2.533,37.606,1.103,0.844,0.844,0.951,shakespeare
2509,0,368,269,0,0,0,0,3,1.0,377,94,377,17,0,9,82,25,0,11,31,3.138,74.6,1.91,62.151,1.709,0.33,0.947,0.756,austen
2510,0,355,264,0,0,1,0,2,2.0,366,87,366,16,0,11,72,23,0,11,55,3.379,72.4,1.966,84.828,1.318,0.632,0.943,0.897,austen
2511,0,219,165,0,0,0,0,0,1.0,231,54,231,10,0,12,37,23,0,1,29,3.463,45.4,1.93,59.341,1.317,0.537,0.907,0.844,shakespeare
2512,0,963,760,0,1,1,0,0,3.0,981,198,981,26,0,18,126,25,0,13,93,4.071,195.4,2.632,81.935,1.559,0.47,0.975,0.857,chesterton
2513,0,293,218,0,0,0,1,2,1.0,307,71,307,17,0,14,49,22,0,6,45,3.507,60.6,2.151,79.745,1.291,0.634,0.93,0.893,shakespeare
2514,0,438,335,0,0,1,0,0,1.0,447,100,447,18,0,9,76,24,0,10,37,3.66,88.6,2.614,27.736,1.613,0.37,0.95,0.784,austen
2515,0,870,697,0,0,0,0,0,2.0,879,170,879,19,0,9,102,25,0,0,89,4.265,175.0,2.482,47.755,1.545,0.524,0.971,0.874,chesterton
2516,0,317,234,0,0,2,0,1,4.0,323,78,323,14,0,6,61,23,0,10,40,3.321,63.8,1.805,38.114,1.368,0.513,0.936,0.847,chesterton
2517,0,173,122,0,0,3,1,1,1.0,180,43,180,17,0,7,31,23,0,8,17,3.558,35.2,2.666,14.078,1.593,0.395,0.884,0.753,chesterton
2518,0,504,385,0,0,0,0,0,1.0,531,114,531,19,0,27,74,23,1,7,56,3.781,105.4,2.209,123.31,1.443,0.491,0.956,0.85,shakespeare
2519,0,569,431,0,0,3,1,0,4.0,579,132,579,29,0,10,100,25,4,13,51,3.606,115.0,2.301,56.569,1.714,0.386,0.962,0.805,chesterton
2520,0,415,324,0,0,0,0,0,0.3333333333333333,423,93,423,8,0,8,69,24,0,5,52,3.656,83.8,1.975,20.315,1.368,0.559,0.946,0.872,austen
2521,0,1001,787,0,0,0,0,0,1.0,1006,212,1006,28,0,5,141,26,0,2,84,3.868,200.4,2.231,90.738,1.843,0.396,0.976,0.827,chesterton
2522,0,280,212,0,0,0,0,0,1.0,293,68,293,9,0,13,55,24,0,6,31,3.441,57.8,2.634,28.048,1.478,0.456,0.926,0.814,chesterton
2523,0,702,533,0,3,0,0,0,2.0,718,159,718,26,0,16,114,25,1,13,84,3.616,142.8,2.012,63.845,1.459,0.528,0.969,0.874,austen
2524,0,281,201,0,1,3,1,0,1.0,293,71,293,22,0,12,54,23,0,12,33,3.408,57.8,2.155,22.287,1.449,0.465,0.93,0.82,chesterton
2525,0,390,284,0,0,3,0,1,1.0,399,93,399,29,0,9,70,23,3,10,48,3.538,79.0,2.287,39.737,1.431,0.516,0.946,0.854,chesterton
2526,0,236,178,0,0,0,0,2,0.5,244,54,244,14,0,8,33,22,0,6,30,3.704,48.0,2.043,28.74,1.385,0.556,0.907,0.853,austen
2527,0,386,295,0,1,2,1,0,5.0,394,84,394,24,0,8,53,22,1,7,48,3.94,78.0,2.77,45.629,1.355,0.571,0.94,0.874,chesterton
2528,1,606,470,0,0,1,0,1,0.16666666666666666,627,128,627,22,0,21,89,25,2,11,73,4.023,124.6,2.288,148.062,1.347,0.57,0.961,0.884,austen
2529,0,469,355,0,0,2,0,1,2.0,478,107,478,23,0,9,81,23,1,13,54,3.654,94.8,2.438,81.451,1.446,0.505,0.953,0.854,austen
2530,0,280,203,0,0,2,1,0,1.0,296,71,296,18,0,16,55,24,1,10,39,3.408,58.4,1.983,23.713,1.42,0.549,0.93,0.859,austen
2531,0,557,426,1,0,2,0,0,7.0,565,125,565,23,0,8,90,24,4,10,75,3.688,112.2,2.073,70.148,1.359,0.6,0.96,0.894,chesterton
2532,0,149,114,0,0,0,0,0,1.0,159,36,159,6,0,10,28,21,0,4,24,3.611,31.0,2.115,24.3,1.241,0.667,0.861,0.887,shakespeare
2533,0,659,514,0,0,1,0,0,0.5,670,138,670,23,0,11,94,25,1,7,71,3.986,133.2,2.574,74.567,1.5,0.514,0.964,0.865,austen
2534,0,564,436,0,0,0,1,0,1.0,597,125,597,18,0,33,76,25,0,12,70,3.896,118.6,2.166,142.462,1.389,0.56,0.96,0.88,shakespeare
2535,0,472,361,0,0,3,1,0,1.0,477,104,477,20,0,5,71,24,0,10,54,3.788,94.6,2.098,73.371,1.425,0.519,0.952,0.859,chesterton
2536,0,381,292,0,0,0,1,0,2.0,401,89,401,17,0,20,65,24,0,9,53,3.697,79.4,2.293,96.96,1.348,0.596,0.944,0.885,shakespeare
2537,0,551,412,0,0,2,1,0,4.0,566,133,566,25,0,15,99,25,0,11,61,3.436,112.4,2.072,40.147,1.547,0.459,0.962,0.841,chesterton
2538,0,770,611,0,0,0,0,0,0.6,785,155,785,24,0,15,99,23,1,8,70,4.194,156.2,2.579,109.154,1.685,0.452,0.968,0.842,austen
2539,0,209,163,0,0,0,2,0,1.0,217,44,217,9,0,8,30,22,0,2,29,4.091,42.6,2.735,40.457,1.222,0.659,0.886,0.89,shakespeare
2540,0,241,173,0,0,2,2,0,2.0,248,63,248,14,0,7,51,22,0,9,32,3.175,48.8,1.783,31.26,1.312,0.508,0.921,0.837,chesterton
2541,0,294,204,0,0,4,2,2,1.0,307,78,307,23,0,13,60,23,0,17,35,3.192,60.6,1.961,59.693,1.472,0.449,0.936,0.816,austen
2542,0,354,254,0,0,4,1,1,1.5,362,87,362,27,0,8,67,23,1,13,41,3.414,71.6,2.181,21.732,1.5,0.471,0.943,0.832,austen
2543,0,267,205,0,0,1,0,0,1.0,281,62,281,12,0,14,42,24,0,3,39,3.758,55.4,2.281,61.889,1.319,0.629,0.919,0.888,austen
2544,0,134,102,0,0,0,0,0,1.0,143,33,143,4,0,9,25,21,0,1,23,3.485,27.8,2.252,32.213,1.222,0.697,0.848,0.897,shakespeare
2545,0,119,92,0,0,0,1,0,1.0,127,27,127,7,0,8,15,23,0,0,17,3.963,24.6,2.549,15.852,1.286,0.63,0.815,0.86,shakespeare
2546,0,211,155,0,0,1,0,0,1.0,221,54,221,13,0,10,42,23,0,10,36,3.333,43.4,2.387,13.39,1.286,0.667,0.907,0.898,austen
2547,0,108,80,0,0,0,0,0,1.0,116,29,116,4,0,8,21,21,0,3,21,3.172,22.4,1.929,18.42,1.16,0.724,0.828,0.904,shakespeare
2548,0,429,328,0,0,0,0,0,0.6666666666666666,439,98,439,18,0,10,71,23,0,7,64,3.643,87.0,2.421,34.9,1.324,0.653,0.949,0.907,austen
2549,0,628,497,0,0,1,0,0,1.0,640,125,640,17,0,12,78,25,0,4,72,4.224,127.2,2.536,69.704,1.359,0.576,0.96,0.886,chesterton
2550,0,254,187,0,0,0,0,0,3.0,272,68,272,12,0,18,54,22,2,8,36,3.191,53.6,1.668,49.878,1.388,0.529,0.926,0.849,shakespeare
2551,0,352,269,0,0,2,0,0,1.0,359,79,359,19,0,7,54,23,1,10,45,3.81,71.0,2.665,39.37,1.411,0.57,0.937,0.871,chesterton
2552,0,751,588,0,0,1,0,0,1.0,771,153,771,31,0,20,99,26,1,11,72,4.196,153.4,2.568,102.415,1.628,0.471,0.967,0.85,austen
2553,0,387,292,0,0,3,0,0,4.0,398,86,398,21,0,11,57,24,1,9,50,3.849,78.8,2.236,47.673,1.365,0.581,0.942,0.878,chesterton
2554,0,395,298,0,0,1,0,1,1.0,404,94,404,19,0,9,68,23,0,9,52,3.5,80.0,1.888,68.822,1.362,0.553,0.947,0.87,austen
2555,0,364,270,0,0,2,1,0,1.0,375,88,375,21,0,11,63,24,1,10,50,3.489,74.2,2.133,47.704,1.333,0.568,0.943,0.874,austen
2556,0,709,557,0,0,0,0,0,0.2,722,144,722,22,0,13,98,25,0,4,61,4.111,143.6,2.386,82.631,1.674,0.424,0.965,0.827,austen
2557,0,433,329,0,0,2,1,0,3.0,443,100,443,17,0,10,79,23,0,10,44,3.61,87.8,2.322,43.066,1.538,0.44,0.95,0.822,chesterton
2558,0,1263,1019,0,0,0,0,0,0.1111111111111111,1272,243,1272,36,0,9,154,25,2,4,98,4.379,253.6,2.897,207.292,1.736,0.403,0.979,0.835,austen
2559,0,497,395,0,0,0,2,0,2.0,502,101,502,13,0,5,67,22,1,3,56,4.089,99.6,2.413,79.352,1.365,0.554,0.95,0.872,chesterton
2560,0,552,430,0,0,2,0,1,0.5,562,116,562,20,0,10,77,26,0,7,51,4.0,111.6,2.388,67.226,1.547,0.44,0.957,0.827,chesterton
2561,0,349,270,0,2,0,1,0,6.0,355,78,355,11,0,6,52,24,0,0,39,3.679,70.2,2.355,9.576,1.418,0.5,0.936,0.841,chesterton
2562,0,997,776,0,1,4,0,0,5.0,1004,209,1004,34,0,7,151,25,0,10,85,3.947,200.0,2.734,117.541,1.802,0.407,0.976,0.832,chesterton
2563,0,351,259,0,0,0,0,2,2.0,365,82,365,24,0,14,60,26,0,7,43,3.622,72.2,2.532,35.759,1.39,0.524,0.939,0.854,austen
2564,0,432,332,0,0,1,0,0,0.8,438,96,438,19,0,6,69,24,0,5,46,3.75,86.8,2.353,47.341,1.477,0.479,0.948,0.839,austen
2565,0,525,396,0,0,1,1,0,1.0,539,121,539,26,0,14,88,24,3,11,63,3.62,107.0,2.18,113.309,1.494,0.521,0.959,0.864,austen
2566,0,472,348,0,0,3,0,0,1.0,486,118,486,29,0,14,87,24,0,20,44,3.373,96.4,2.003,64.368,1.735,0.373,0.958,0.793,austen
2567,0,715,554,0,0,0,0,0,1.0,731,157,731,22,0,16,111,25,0,8,62,3.777,145.4,2.289,74.305,1.725,0.395,0.968,0.816,chesterton
2568,0,625,484,0,0,0,0,0,4.0,636,142,636,13,0,11,103,24,0,8,43,3.577,126.4,1.944,53.943,1.844,0.303,0.965,0.759,chesterton
2569,0,170,122,0,0,0,1,0,1.0,191,47,191,11,0,21,33,21,0,6,22,3.277,37.4,2.194,28.378,1.516,0.468,0.894,0.803,shakespeare
2570,0,193,136,0,0,1,0,1,1.0,199,49,199,15,0,6,38,23,0,10,32,3.286,39.0,1.86,25.199,1.256,0.653,0.898,0.891,austen
2571,0,1305,1036,0,0,0,0,0,1.0,1319,255,1319,45,0,14,157,25,0,4,133,4.294,263.0,2.757,160.041,1.584,0.522,0.98,0.883,austen
2572,0,246,188,0,0,0,0,0,2.0,259,57,259,9,0,13,41,22,2,4,38,3.684,51.0,2.173,62.334,1.188,0.667,0.912,0.9,shakespeare
2573,0,259,187,1,0,2,1,1,2.0,268,67,268,21,0,9,51,24,0,8,40,3.313,52.8,2.017,40.886,1.34,0.597,0.925,0.877,austen
2574,0,417,307,0,0,3,1,0,0.8333333333333334,425,98,425,23,0,8,77,23,0,12,44,3.52,84.2,2.032,91.968,1.463,0.449,0.949,0.825,austen
2575,0,321,250,0,0,0,0,0,1.0,344,71,344,18,0,23,41,24,0,2,48,4.099,68.0,2.732,83.765,1.315,0.676,0.93,0.908,shakespeare
2576,0,216,169,0,0,0,2,0,1.0,223,46,223,9,0,7,32,23,0,2,27,4.043,43.8,2.413,30.581,1.314,0.587,0.891,0.861,chesterton
2577,0,874,655,0,0,0,1,0,2.0,922,207,922,45,0,48,142,24,0,20,92,3.614,183.6,2.211,125.797,1.643,0.444,0.976,0.848,shakespeare
2578,0,489,371,0,0,2,0,0,2.0,499,111,499,22,0,10,79,25,1,13,63,3.676,99.0,2.145,80.218,1.442,0.568,0.955,0.88,chesterton
2579,0,469,345,0,0,6,0,0,1.5,482,110,482,29,0,13,79,24,1,20,44,3.627,95.6,2.338,42.893,1.667,0.4,0.955,0.805,chesterton
2580,0,316,245,0,0,0,0,0,1.3333333333333333,323,70,323,12,0,7,50,24,0,2,42,3.771,63.8,2.409,69.049,1.321,0.6,0.929,0.88,austen
2581,0,574,445,0,0,2,1,0,1.0,588,124,588,21,0,14,86,25,0,6,59,3.911,116.8,2.365,77.683,1.57,0.476,0.96,0.846,chesterton
2582,0,770,595,0,0,2,0,0,3.0,786,170,786,29,0,16,121,26,0,17,77,3.788,156.4,2.416,122.167,1.604,0.453,0.971,0.846,austen
2583,0,190,139,0,0,1,0,0,2.0,196,47,196,12,0,6,35,22,0,8,20,3.404,38.4,2.542,29.203,1.424,0.426,0.894,0.778,chesterton
2584,0,1193,926,0,2,2,0,0,0.375,1215,254,1215,50,0,22,173,25,2,16,102,3.949,242.2,2.618,195.325,1.801,0.402,0.98,0.835,austen
2585,0,311,229,0,0,0,0,0,0.5,319,79,319,17,0,8,62,23,1,8,40,3.228,63.0,1.935,23.022,1.411,0.506,0.937,0.844,austen
2586,0,1157,904,0,0,0,2,0,1.0,1185,244,1185,38,0,28,162,25,0,2,83,3.98,236.2,2.347,286.533,1.952,0.34,0.98,0.804,chesterton
2587,0,585,439,0,2,0,1,2,0.14285714285714285,594,138,594,23,1,9,109,24,0,6,69,3.42,118.0,1.999,138.616,1.5,0.5,0.964,0.859,austen
2588,0,514,414,0,0,0,0,0,1.0,520,101,520,7,0,6,61,23,0,0,44,4.228,103.2,2.039,48.597,1.485,0.436,0.95,0.82,chesterton
2589,0,630,489,0,0,1,0,0,4.0,640,138,640,18,0,10,101,23,0,6,65,3.768,127.2,2.152,35.752,1.5,0.471,0.964,0.847,chesterton
2590,0,597,464,0,0,3,0,0,4.0,609,120,609,26,0,12,79,24,1,9,68,4.233,121.0,2.831,46.168,1.348,0.567,0.958,0.881,chesterton
2591,0,840,660,0,1,1,0,0,6.0,850,171,850,25,0,10,113,24,2,7,77,4.082,169.2,2.749,66.168,1.541,0.45,0.971,0.845,chesterton
2592,0,759,609,0,1,0,0,0,1.0,768,148,768,13,0,9,96,26,0,1,62,4.264,152.8,2.473,18.913,1.609,0.419,0.966,0.826,chesterton
2593,0,553,423,0,0,3,0,0,2.0,564,116,564,32,0,11,75,23,3,15,63,4.078,112.0,2.713,45.105,1.432,0.543,0.957,0.872,chesterton
2594,0,240,185,0,0,0,0,0,0.6666666666666666,251,55,251,11,0,11,38,24,0,1,26,3.764,49.4,2.403,11.589,1.528,0.473,0.909,0.813,shakespeare
2595,0,202,149,0,0,3,2,0,2.0,208,44,208,16,0,6,30,24,0,10,30,4.068,40.8,3.053,23.962,1.222,0.682,0.886,0.899,chesterton
2596,0,326,236,0,0,5,1,0,2.0,337,78,337,27,0,11,56,25,0,17,45,3.667,66.6,2.637,48.819,1.472,0.577,0.936,0.874,chesterton
2597,0,637,490,0,0,0,1,0,0.3333333333333333,676,139,676,25,1,39,89,24,1,9,75,3.993,134.4,2.234,124.142,1.337,0.54,0.964,0.875,shakespeare
2598,0,554,438,0,0,0,0,0,3.0,563,117,563,11,0,9,77,25,0,2,60,3.915,111.8,2.053,17.683,1.444,0.513,0.957,0.86,chesterton
2599,0,365,278,0,0,0,0,0,2.0,376,83,376,11,0,11,61,23,0,12,42,3.627,74.4,2.438,60.571,1.407,0.506,0.94,0.846,chesterton
2600,0,565,440,0,0,1,0,0,1.0,575,121,575,21,0,10,81,26,1,5,70,3.909,114.2,2.655,38.919,1.407,0.579,0.959,0.886,chesterton
2601,0,247,193,0,0,1,0,1,1.0,253,53,253,10,0,6,35,21,0,5,17,3.981,49.8,2.546,26.574,1.71,0.321,0.906,0.714,chesterton
2602,0,270,197,0,0,1,1,0,1.0,281,67,281,17,0,11,47,22,1,14,38,3.403,55.4,2.089,37.24,1.367,0.567,0.925,0.865,austen
2603,0,235,178,0,0,0,1,0,1.0,241,54,241,11,0,6,41,23,0,5,34,3.63,47.4,2.49,31.134,1.2,0.63,0.907,0.884,austen
2604,0,470,353,0,0,4,0,1,3.0,476,105,476,26,0,6,78,23,0,13,45,3.762,94.4,2.36,51.247,1.544,0.429,0.952,0.818,chesterton
2605,0,336,256,0,0,1,0,1,2.0,351,75,351,14,0,15,53,24,0,6,42,3.84,69.4,2.212,28.29,1.271,0.56,0.933,0.866,austen
2606,0,168,128,0,0,0,0,0,1.0,181,39,181,6,0,13,25,21,0,3,23,3.769,35.4,2.006,25.334,1.219,0.59,0.872,0.856,shakespeare
2607,0,252,186,0,0,0,3,0,1.0,260,62,260,12,0,8,48,23,0,6,33,3.323,51.2,2.209,56.517,1.348,0.532,0.919,0.847,shakespeare
2608,3,746,572,0,0,4,0,0,3.0,773,162,773,31,0,27,112,24,1,19,68,3.938,153.8,2.496,54.274,1.636,0.42,0.969,0.829,chesterton
2609,0,358,246,0,8,0,0,1,0.3333333333333333,368,100,368,30,0,10,91,23,0,11,44,2.87,72.8,1.91,57.621,1.667,0.44,0.95,0.822,austen
2610,0,303,225,0,0,0,1,0,1.0,312,73,312,18,0,9,55,23,0,4,43,3.466,61.6,2.23,20.268,1.327,0.589,0.932,0.877,austen
2611,0,541,423,0,0,0,0,0,1.0,546,118,546,16,0,5,85,26,2,6,72,3.78,108.4,2.261,35.282,1.356,0.61,0.958,0.896,chesterton
2612,0,359,263,0,1,1,1,0,1.0,365,92,365,19,0,6,77,23,3,9,46,3.152,72.2,1.857,44.584,1.373,0.5,0.946,0.847,austen
2613,0,170,124,0,0,1,0,2,1.0,178,44,178,8,0,8,36,22,0,6,32,3.227,34.8,2.089,18.213,1.158,0.727,0.886,0.916,austen
2614,0,365,262,0,0,5,2,0,5.0,374,93,374,26,0,9,73,23,2,18,50,3.323,74.0,2.022,22.989,1.476,0.538,0.946,0.863,chesterton
2615,0,259,182,0,0,0,1,0,1.0,282,73,282,15,0,23,58,22,0,7,43,3.014,55.6,1.752,68.879,1.304,0.589,0.932,0.877,shakespeare
2616,0,212,156,0,0,2,1,0,1.0,218,53,218,16,0,6,40,25,0,8,26,3.453,42.8,2.43,22.163,1.432,0.491,0.906,0.821,chesterton
2617,0,428,336,0,0,0,0,1,0.3333333333333333,435,92,435,12,0,7,64,23,0,2,45,3.859,86.2,2.275,72.744,1.46,0.489,0.946,0.842,austen
2618,0,245,184,0,0,0,0,0,1.0,255,60,255,13,0,10,43,23,1,6,36,3.483,50.2,2.111,15.156,1.304,0.6,0.917,0.875,austen
2619,0,77,51,0,0,0,2,0,1.0,87,25,87,6,0,10,22,16,0,4,11,2.68,16.6,1.464,14.241,1.389,0.44,0.8,0.745,shakespeare
2620,0,261,197,0,0,2,3,2,1.0,268,58,268,14,0,7,43,24,1,6,34,3.828,52.8,2.722,70.062,1.318,0.586,0.914,0.868,austen
2621,0,633,499,0,0,0,0,0,5.0,650,132,650,21,0,17,84,25,1,4,62,4.083,129.2,2.517,47.903,1.61,0.47,0.962,0.845,austen
2622,0,873,694,0,0,0,0,0,0.25,881,173,881,27,0,8,113,26,0,4,78,4.214,175.4,2.68,84.488,1.587,0.451,0.971,0.845,austen
2623,2,429,340,0,0,0,0,1,0.5,446,88,446,14,0,17,58,24,0,3,58,4.227,88.4,2.567,98.642,1.294,0.659,0.943,0.907,austen
2624,0,400,310,0,1,0,1,0,1.0,419,88,419,16,0,19,62,25,1,2,51,3.92,83.0,2.717,110.614,1.397,0.58,0.943,0.878,shakespeare
2625,0,450,340,0,0,0,0,0,2.0,460,100,460,22,0,10,71,25,0,10,50,3.72,91.2,2.574,42.505,1.493,0.5,0.95,0.849,austen
2626,0,426,304,0,0,2,0,1,0.5,439,108,439,34,0,13,84,25,0,21,47,3.296,87.0,2.349,143.403,1.636,0.435,0.954,0.822,austen
2627,0,983,786,0,0,0,0,0,0.6,996,198,996,18,0,13,129,25,0,3,79,4.126,198.4,2.618,102.305,1.784,0.399,0.975,0.826,austen
2628,0,103,74,0,0,0,1,0,1.0,111,28,111,5,0,8,26,21,1,2,21,3.107,21.4,1.969,20.465,1.167,0.75,0.821,0.914,shakespeare
2629,0,516,400,0,1,0,2,0,1.6666666666666667,526,112,526,17,0,10,79,24,0,2,51,3.821,104.4,2.469,52.156,1.474,0.455,0.955,0.833,austen
2630,0,336,254,0,0,0,0,0,3.0,346,82,346,12,0,10,67,23,3,11,26,3.378,68.4,1.979,26.586,1.745,0.317,0.939,0.739,chesterton
2631,0,788,628,0,0,0,0,1,3.5,795,160,795,16,0,7,106,24,0,2,74,4.069,158.2,2.611,155.508,1.616,0.463,0.969,0.848,austen
2632,0,292,219,0,0,3,1,0,2.0,296,65,296,17,0,4,47,24,0,8,38,3.785,58.4,2.643,39.734,1.413,0.585,0.923,0.871,chesterton
2633,0,123,88,0,0,0,0,0,2.0,132,35,132,6,0,9,31,20,0,4,21,2.943,25.6,1.984,32.485,1.296,0.6,0.857,0.856,shakespeare
2634,0,342,254,0,0,2,2,0,0.3333333333333333,351,82,351,20,0,9,67,25,0,8,44,3.512,69.4,2.441,66.195,1.344,0.537,0.939,0.859,austen
2635,0,747,573,0,0,0,0,1,4.0,764,169,764,28,0,17,123,24,1,6,67,3.657,152.0,2.067,107.643,1.707,0.396,0.97,0.82,austen
2636,0,318,242,0,0,0,0,0,1.0,329,75,329,13,0,11,60,23,0,4,32,3.573,65.0,2.113,12.981,1.5,0.427,0.933,0.803,austen
2637,0,498,400,0,0,0,0,1,0.16666666666666666,506,97,506,12,0,8,58,24,1,3,52,4.33,100.4,2.664,41.501,1.386,0.536,0.948,0.864,austen
2638,0,240,177,0,0,1,2,0,0.3333333333333333,250,61,250,14,0,10,47,24,0,5,24,3.344,49.2,2.04,11.323,1.488,0.393,0.918,0.773,austen
2639,0,571,445,0,0,1,0,0,4.0,584,121,584,22,0,13,86,25,1,10,63,3.992,116.0,2.622,63.226,1.407,0.521,0.959,0.864,austen
2640,0,746,574,0,2,0,1,0,1.0,789,167,789,30,0,43,112,24,2,11,71,3.874,157.0,2.658,118.691,1.546,0.425,0.97,0.833,shakespeare
2641,2,410,312,0,0,0,1,1,1.0,428,92,428,18,0,18,66,25,0,7,61,3.793,84.8,2.241,136.458,1.26,0.663,0.946,0.909,austen
2642,0,748,587,0,0,0,0,0,5.0,760,160,760,17,0,12,110,23,1,3,69,3.85,151.2,2.326,57.513,1.667,0.431,0.969,0.834,austen
2643,0,537,430,0,0,0,0,2,1.0,545,105,545,12,0,8,69,25,0,3,59,4.286,108.2,2.821,84.645,1.382,0.562,0.952,0.876,austen
2644,0,432,330,0,0,0,0,1,0.3333333333333333,447,101,447,12,0,15,77,25,1,9,65,3.545,88.6,2.047,16.727,1.262,0.644,0.95,0.905,austen
2645,0,396,299,0,0,3,1,0,1.0,403,87,403,22,0,7,60,23,1,14,43,3.851,79.8,2.494,47.394,1.475,0.494,0.943,0.842,chesterton
2646,0,266,199,0,1,0,0,0,1.0,282,63,282,14,0,16,44,24,1,5,32,3.635,55.6,2.451,62.724,1.34,0.508,0.921,0.837,shakespeare
2647,0,1022,813,0,0,0,0,0,0.25,1035,210,1035,21,0,13,138,24,2,3,95,4.033,206.2,2.535,151.48,1.641,0.452,0.976,0.852,austen
2648,0,1049,833,0,0,0,0,0,0.3333333333333333,1067,207,1067,38,0,18,134,24,4,11,98,4.295,212.6,2.604,152.398,1.617,0.473,0.976,0.86,austen
2649,0,1130,899,0,0,0,0,0,1.6666666666666667,1139,226,1139,29,4,9,152,25,1,6,98,4.164,227.0,2.894,172.447,1.687,0.434,0.978,0.846,austen
2650,0,91,68,0,0,0,1,0,1.0,98,23,98,5,0,7,14,20,1,2,20,3.478,18.8,1.997,20.03,1.095,0.87,0.783,0.955,shakespeare
2651,0,497,377,0,0,2,0,1,6.0,509,113,509,24,0,12,79,24,1,9,54,3.699,101.0,2.478,95.977,1.527,0.478,0.956,0.844,austen
2652,0,632,473,0,0,2,0,2,8.0,648,149,648,29,0,16,110,24,0,14,54,3.51,128.8,2.373,61.022,1.733,0.362,0.966,0.797,austen
2653,0,440,322,0,0,4,2,1,1.0,453,104,453,28,0,13,79,24,0,18,47,3.577,89.8,2.347,89.873,1.552,0.452,0.952,0.829,austen
2654,0,1094,864,0,0,0,0,0,2.5,1111,230,1111,32,0,17,161,24,3,13,99,3.974,221.4,2.61,330.716,1.679,0.43,0.978,0.845,austen
2655,0,340,248,0,0,3,2,1,1.0,352,81,352,23,0,12,59,23,0,15,43,3.58,69.6,2.213,45.555,1.421,0.531,0.938,0.856,austen
2656,0,559,440,0,0,0,0,0,7.0,566,117,566,16,0,7,81,25,0,1,62,3.957,112.4,2.513,77.132,1.481,0.53,0.957,0.867,austen
2657,0,769,613,0,0,0,0,0,3.0,778,156,778,14,0,9,100,23,1,2,85,4.077,154.8,2.19,72.96,1.444,0.545,0.968,0.88,chesterton
2658,0,283,212,0,0,0,0,0,2.0,300,69,300,16,0,17,49,23,1,9,45,3.551,59.2,2.626,110.769,1.302,0.652,0.928,0.899,shakespeare
2659,0,127,95,0,0,0,0,0,2.0,134,33,134,5,0,7,26,21,0,2,25,3.242,26.0,1.458,41.237,1.179,0.758,0.848,0.921,shakespeare
2660,0,294,212,0,0,1,0,0,2.0,307,75,307,19,0,13,59,24,1,13,42,3.293,60.6,2.052,36.122,1.364,0.56,0.933,0.866,austen
2661,0,424,337,0,0,0,0,0,0.16666666666666666,434,88,434,13,0,10,59,24,1,2,50,4.102,86.0,2.478,50.384,1.354,0.568,0.943,0.874,austen
2662,0,327,252,0,0,0,0,1,4.0,332,73,332,11,0,5,53,24,0,2,34,3.685,65.6,2.368,24.378,1.431,0.466,0.932,0.822,austen
2663,0,618,487,0,0,0,0,0,3.0,628,132,628,11,0,10,92,25,0,4,64,3.848,124.8,2.149,52.108,1.535,0.485,0.962,0.852,chesterton
2664,0,488,380,0,0,1,0,0,2.0,496,104,496,24,0,8,72,25,1,10,56,4.0,98.4,2.724,27.501,1.368,0.538,0.952,0.867,austen
2665,0,148,99,0,0,2,3,1,1.0,153,40,153,13,0,5,33,21,0,8,23,3.025,29.8,1.833,23.253,1.25,0.575,0.875,0.85,austen
2666,0,115,88,0,0,0,1,0,2.0,125,27,125,5,0,10,17,20,0,1,25,3.815,24.2,1.962,25.074,1.038,0.926,0.815,0.977,shakespeare
2667,0,582,445,0,0,0,0,2,1.0,597,126,597,33,0,15,85,24,0,10,61,3.921,118.6,2.7,62.839,1.448,0.484,0.96,0.85,austen
2668,0,397,285,0,5,0,0,0,0.75,409,102,409,29,0,12,85,24,1,10,45,3.206,81.0,2.098,37.437,1.545,0.441,0.951,0.823,austen
2669,0,216,147,0,0,3,2,1,1.0,221,57,221,23,0,5,47,25,0,12,31,3.193,43.4,2.048,33.657,1.357,0.544,0.912,0.849,austen
2670,0,25,16,0,0,0,0,0,1.0,30,10,30,3,0,5,9,12,0,1,5,2.4,5.2,1.43,1.789,1.429,0.5,0.5,0.699,shakespeare
2671,0,1731,1359,1,0,1,0,0,0.8333333333333334,1761,358,1761,60,0,30,246,27,3,14,141,4.053,351.4,2.476,341.739,1.894,0.394,0.986,0.842,austen
2672,0,345,258,0,0,2,1,0,1.0,355,82,355,16,0,10,61,23,2,13,39,3.524,70.2,2.607,29.192,1.519,0.476,0.939,0.831,austen
2673,0,324,251,0,1,2,1,0,1.0,333,68,333,16,0,9,44,22,0,8,37,4.132,65.8,3.017,46.874,1.308,0.544,0.926,0.856,chesterton
2674,0,458,360,0,0,1,0,0,0.25,466,97,466,12,0,8,72,23,1,7,55,3.938,92.4,2.495,82.724,1.366,0.567,0.948,0.876,austen
2675,0,280,214,0,0,0,0,0,3.0,294,66,294,14,0,14,45,24,0,4,35,3.667,58.0,2.289,60.572,1.347,0.53,0.924,0.849,shakespeare
2676,0,152,108,0,0,2,0,2,2.0,160,35,160,16,0,8,24,21,0,8,15,3.943,31.2,2.796,16.423,1.458,0.429,0.857,0.762,chesterton
2677,0,274,208,0,0,3,0,0,0.6,279,63,279,16,0,5,41,24,0,7,36,3.73,55.0,2.431,28.399,1.34,0.571,0.921,0.865,austen
2678,0,375,295,0,0,0,0,0,5.0,386,80,386,10,0,11,53,23,0,1,49,3.95,76.4,2.25,28.343,1.379,0.613,0.938,0.888,chesterton
2679,0,488,381,0,0,2,0,0,3.0,502,103,502,16,0,14,69,25,1,8,63,4.029,99.6,2.491,40.278,1.304,0.612,0.951,0.894,chesterton
2680,0,77,54,0,0,0,0,0,1.0,83,23,83,5,0,6,19,18,0,3,12,2.826,15.8,1.614,12.029,1.278,0.522,0.783,0.793,shakespeare
2681,0,837,664,0,0,1,0,0,0.125,846,170,846,24,0,9,112,27,1,8,80,4.118,168.4,2.532,98.739,1.56,0.471,0.971,0.853,austen
2682,0,262,200,0,0,0,0,0,3.0,270,62,270,8,0,8,44,23,0,4,33,3.5,53.2,2.194,28.305,1.348,0.532,0.919,0.847,chesterton
2683,0,1115,906,0,0,0,0,0,0.125,1125,202,1125,24,0,10,121,27,0,1,92,4.653,224.2,3.115,111.397,1.683,0.455,0.975,0.852,austen
2684,0,121,90,0,0,0,0,0,1.0,128,31,128,5,0,7,24,21,1,2,22,3.29,24.8,1.987,40.14,1.107,0.71,0.839,0.9,shakespeare
2685,0,410,308,0,0,4,1,0,2.0,418,93,418,20,0,8,65,23,0,11,41,3.72,82.8,2.252,59.839,1.576,0.441,0.946,0.819,chesterton
2686,0,1429,1111,0,0,3,1,2,0.14285714285714285,1454,307,1454,46,1,25,214,26,0,13,132,3.873,290.0,2.429,329.282,1.706,0.43,0.984,0.853,austen
2687,0,585,456,0,1,0,0,0,3.5,595,123,595,19,0,10,86,24,0,8,62,3.951,118.2,2.563,64.546,1.482,0.504,0.959,0.858,chesterton
2688,0,292,222,0,0,0,0,0,1.0,297,69,297,11,0,5,53,22,3,8,26,3.449,58.6,2.055,28.763,1.683,0.377,0.928,0.769,chesterton
2689,0,656,525,0,0,0,0,0,5.0,661,132,661,15,0,5,88,24,1,3,59,4.129,131.4,2.778,48.195,1.535,0.447,0.962,0.835,chesterton
2690,0,144,108,0,0,0,0,0,1.0,154,35,154,8,0,10,27,23,0,2,22,3.6,30.0,2.131,48.332,1.207,0.629,0.857,0.869,shakespeare
2691,0,482,374,0,0,0,0,0,0.3333333333333333,487,104,487,19,0,5,71,24,0,3,54,3.827,96.6,2.541,39.393,1.425,0.519,0.952,0.859,austen
2692,0,467,346,0,0,0,0,0,0.75,483,112,483,26,0,16,87,26,0,11,45,3.473,95.8,2.122,70.51,1.577,0.402,0.955,0.807,austen
2693,0,325,256,0,0,0,0,0,3.0,335,70,335,11,0,10,44,22,0,3,46,3.971,66.2,2.632,48.946,1.25,0.657,0.929,0.901,austen
2694,0,454,344,0,0,0,0,2,1.5,466,104,466,16,0,12,78,24,0,5,41,3.577,92.4,2.051,75.533,1.6,0.394,0.952,0.8,austen
2695,0,375,285,0,0,1,0,1,0.4,383,84,383,20,0,8,58,24,1,7,45,3.762,75.8,2.535,65.641,1.377,0.536,0.94,0.859,austen
2696,0,354,276,0,0,0,0,0,2.0,366,77,366,14,0,12,55,24,3,5,47,3.922,72.4,2.459,64.535,1.305,0.61,0.935,0.886,austen
2697,0,204,153,1,0,1,0,1,1.0,208,50,208,9,0,4,41,24,0,5,36,3.38,40.8,2.184,27.454,1.19,0.72,0.9,0.916,austen
2698,1,530,400,0,0,3,0,0,8.0,545,123,545,25,0,15,91,25,2,12,65,3.626,108.2,2.274,49.449,1.447,0.528,0.959,0.867,chesterton
2699,0,105,75,0,0,0,0,0,1.0,111,31,111,9,2,6,23,20,1,4,12,2.968,21.4,2.287,21.813,1.55,0.387,0.839,0.724,shakespeare
2700,0,508,379,0,0,1,0,0,0.5,526,122,526,26,0,18,90,25,1,22,54,3.492,104.4,2.257,61.031,1.544,0.443,0.959,0.83,austen
2701,0,205,154,0,0,0,2,0,1.0,216,50,216,11,0,11,39,21,1,2,33,3.52,42.4,1.951,40.575,1.22,0.66,0.9,0.894,shakespeare
2702,0,362,270,0,0,1,0,0,4.0,371,91,371,19,0,9,68,23,0,5,48,3.308,73.4,1.913,34.696,1.444,0.527,0.945,0.858,austen
2703,0,224,162,0,0,2,0,0,1.0,233,56,233,20,0,9,42,24,0,9,31,3.482,45.8,2.366,26.167,1.4,0.554,0.911,0.853,austen
2704,0,911,697,0,0,0,0,0,8.0,958,207,958,39,0,47,136,25,2,12,85,3.783,190.8,2.306,117.748,1.697,0.411,0.976,0.833,shakespeare
2705,0,262,200,1,0,0,0,0,1.0,282,63,282,12,0,20,44,24,0,8,43,3.683,55.6,2.435,50.738,1.235,0.683,0.921,0.908,shakespeare
2706,0,151,109,0,0,0,1,0,1.0,159,41,159,12,0,8,33,22,0,3,24,3.146,31.0,2.151,27.45,1.323,0.585,0.878,0.856,shakespeare
2707,0,512,392,0,0,3,1,0,1.0,532,111,532,25,0,20,75,24,2,16,60,3.991,105.6,2.403,66.29,1.37,0.541,0.955,0.869,austen
2708,0,413,315,0,0,0,1,0,0.5,436,96,436,15,0,23,68,24,1,10,55,3.677,86.4,2.278,55.851,1.28,0.573,0.948,0.878,shakespeare
2709,0,634,482,0,0,0,0,0,1.0,675,145,675,29,0,41,98,23,1,5,73,3.807,134.2,2.501,141.8,1.495,0.503,0.966,0.862,shakespeare
2710,0,407,316,0,0,2,0,2,1.0,415,86,415,15,0,8,60,22,0,7,43,4.0,82.2,2.425,45.058,1.433,0.5,0.942,0.844,austen
2711,0,1211,954,0,0,0,1,1,1.0,1226,245,1226,38,0,15,164,23,1,9,108,4.11,244.4,2.68,208.812,1.655,0.441,0.98,0.851,austen
2712,0,190,145,0,0,0,0,0,1.0,198,47,198,10,0,8,36,23,3,5,28,3.468,38.8,2.175,38.79,1.306,0.596,0.894,0.865,shakespeare
2713,0,465,337,0,0,4,2,0,3.0,483,118,483,32,0,18,93,23,6,25,36,3.364,95.8,2.099,65.32,1.873,0.305,0.958,0.751,chesterton
2714,0,423,331,0,0,0,0,1,1.0,431,92,431,13,0,8,67,24,0,3,55,3.848,85.4,2.311,66.301,1.333,0.598,0.946,0.886,austen
2715,0,565,448,0,0,0,0,0,2.0,574,112,574,20,0,9,69,25,0,2,57,4.277,114.0,2.682,22.814,1.474,0.509,0.955,0.857,chesterton
2716,0,374,281,0,0,2,0,1,2.0,382,91,382,19,0,8,72,22,0,9,41,3.451,75.6,2.354,85.116,1.517,0.451,0.945,0.823,austen
2717,0,452,341,0,0,3,0,0,4.0,467,106,467,24,0,15,71,24,2,13,47,3.642,92.6,2.314,49.923,1.559,0.443,0.953,0.826,austen
2718,0,520,384,0,4,0,0,0,0.1,530,127,530,26,0,10,105,23,0,7,46,3.307,105.2,1.888,22.14,1.716,0.362,0.961,0.79,austen
2719,0,246,179,0,0,1,2,1,1.0,254,61,254,12,0,8,51,23,0,10,39,3.311,50.0,2.233,63.415,1.245,0.639,0.918,0.891,austen
2720,0,256,182,0,0,0,0,0,1.0,275,72,275,16,0,19,60,22,0,12,34,3.014,54.2,1.716,91.601,1.469,0.472,0.931,0.825,shakespeare
2721,0,271,212,0,0,0,2,1,0.3333333333333333,275,57,275,8,0,4,39,24,0,1,36,3.93,54.2,2.203,39.638,1.239,0.632,0.912,0.886,austen
2722,0,219,167,0,0,0,0,0,1.0,234,52,234,10,0,15,35,23,0,5,37,3.692,46.0,2.297,58.387,1.238,0.712,0.904,0.914,shakespeare
2723,0,360,276,0,0,1,0,0,2.5,367,81,367,12,0,7,58,24,0,6,34,3.679,72.6,2.474,28.789,1.5,0.42,0.938,0.802,chesterton
2724,0,566,435,0,0,2,0,2,1.5,574,123,574,22,0,8,86,24,1,10,61,3.813,114.0,2.355,101.546,1.482,0.496,0.959,0.854,chesterton
2725,0,596,449,0,0,3,0,0,7.0,608,141,608,28,0,12,102,24,1,15,73,3.525,120.8,2.143,94.256,1.533,0.518,0.965,0.867,chesterton
2726,0,103,79,0,0,0,0,0,1.0,111,25,111,4,0,8,14,22,0,1,19,3.64,21.4,1.977,20.599,1.19,0.76,0.8,0.915,shakespeare
2727,0,568,454,0,0,0,0,0,1.0,581,112,581,14,0,13,67,24,0,8,62,4.304,115.4,2.711,58.756,1.333,0.554,0.955,0.875,chesterton
2728,0,293,204,0,0,5,1,0,5.0,302,79,302,29,0,9,59,25,3,16,35,3.19,59.6,2.064,32.624,1.549,0.443,0.937,0.814,chesterton
2729,0,514,383,0,0,0,2,0,2.0,541,122,541,22,0,27,82,22,1,1,48,3.541,107.4,1.984,77.491,1.584,0.393,0.959,0.806,shakespeare
2730,0,621,481,0,0,2,1,0,3.0,640,129,640,29,0,19,80,26,1,9,71,4.132,127.2,2.673,71.251,1.402,0.55,0.961,0.877,austen
2731,0,825,640,0,0,4,0,0,1.0,848,176,848,30,0,23,118,25,1,11,84,3.983,168.8,2.613,80.915,1.63,0.477,0.972,0.857,chesterton
2732,0,364,270,0,0,4,1,1,2.0,373,87,373,23,0,9,66,23,0,14,41,3.575,73.8,2.429,23.264,1.526,0.471,0.943,0.832,chesterton
2733,0,296,237,0,0,0,0,0,1.5,302,60,302,9,0,6,41,22,0,1,36,4.2,59.6,3.177,23.818,1.277,0.6,0.917,0.875,austen
2734,0,295,212,0,0,2,3,1,1.0,303,74,303,20,0,8,57,23,0,10,39,3.311,59.8,2.251,59.289,1.37,0.527,0.932,0.851,austen
2735,0,775,602,0,0,0,0,0,4.0,782,166,782,26,0,7,117,25,1,6,87,3.825,155.6,2.454,46.317,1.469,0.524,0.97,0.874,chesterton
2736,0,327,247,0,0,1,0,2,0.3333333333333333,335,76,335,18,0,8,57,23,1,7,43,3.618,66.2,2.141,42.863,1.333,0.566,0.934,0.868,austen
2737,0,532,424,0,0,0,0,0,0.3333333333333333,539,106,539,15,0,7,64,25,0,4,59,4.208,107.0,2.661,66.494,1.377,0.557,0.953,0.874,austen
2738,0,1112,878,1,0,0,0,0,0.1111111111111111,1126,218,1126,37,0,14,133,26,0,10,93,4.261,224.4,2.702,74.42,1.717,0.427,0.977,0.842,austen
2739,0,56,39,0,0,0,0,0,1.0,65,17,65,8,0,9,10,15,0,1,7,3.294,12.2,2.443,9.935,1.7,0.412,0.706,0.687,shakespeare
2740,0,647,503,0,0,0,0,0,3.0,662,140,662,22,0,15,102,24,0,12,66,3.857,131.6,2.773,97.687,1.573,0.471,0.964,0.848,austen
2741,0,456,352,0,3,0,0,0,6.0,468,103,468,12,0,12,73,23,0,3,45,3.65,92.8,2.317,83.551,1.537,0.437,0.951,0.821,chesterton
2742,0,347,266,0,0,1,1,0,2.0,360,78,360,17,0,13,51,23,0,5,41,3.833,71.2,2.371,59.26,1.345,0.526,0.936,0.852,austen
2743,1,646,507,0,0,2,0,0,2.0,674,132,674,25,0,28,82,24,4,14,70,4.28,134.0,2.827,64.684,1.451,0.53,0.962,0.87,chesterton
2744,0,568,434,0,0,0,0,0,0.5,584,126,584,24,0,16,85,24,0,17,60,3.77,116.0,2.302,83.507,1.482,0.476,0.96,0.847,austen
2745,0,256,194,0,0,0,0,0,1.0,270,62,270,10,0,14,43,22,0,3,33,3.516,53.2,1.998,47.599,1.348,0.532,0.919,0.847,shakespeare
2746,0,821,619,0,0,6,0,0,0.25,831,184,831,45,0,10,128,24,4,22,82,3.728,165.4,2.163,98.045,1.6,0.446,0.973,0.845,chesterton
2747,0,386,282,0,0,5,2,0,3.0,395,87,395,31,0,9,61,24,1,15,48,3.816,78.2,2.536,28.908,1.381,0.552,0.943,0.867,chesterton
2748,0,1011,802,1,0,1,0,0,3.0,1018,207,1018,19,0,7,143,25,0,9,100,4.019,202.8,2.323,86.259,1.568,0.483,0.976,0.864,chesterton
2749,0,396,295,0,0,2,0,0,1.0,408,96,408,18,0,12,76,25,0,9,48,3.438,80.8,1.983,70.461,1.412,0.5,0.948,0.848,austen
2750,0,543,417,0,0,3,0,1,0.3333333333333333,558,116,558,28,0,15,81,24,1,14,58,4.026,110.8,2.87,106.083,1.468,0.5,0.957,0.854,austen
2751,0,288,216,0,0,0,0,0,2.0,306,70,306,10,0,18,51,22,0,6,40,3.486,60.4,1.751,73.541,1.25,0.571,0.929,0.868,shakespeare
2752,0,233,166,0,0,0,3,0,1.0,249,58,249,15,0,16,44,24,1,1,30,3.397,49.0,2.184,74.683,1.381,0.517,0.914,0.838,shakespeare
2753,0,466,347,0,0,1,2,2,0.3333333333333333,479,114,479,19,0,13,92,23,0,12,48,3.351,95.0,2.354,85.22,1.583,0.421,0.956,0.817,austen
2754,0,572,466,0,0,1,0,0,1.0,587,103,587,15,0,15,55,26,1,4,56,4.835,116.6,3.026,27.537,1.338,0.544,0.951,0.869,chesterton
2755,0,287,211,0,0,1,2,0,1.0,293,71,293,13,0,6,58,23,0,9,26,3.282,57.8,1.951,39.884,1.543,0.366,0.93,0.764,chesterton
2756,7,302,234,0,0,0,0,0,1.0,348,67,348,7,0,46,45,22,0,8,32,4.284,68.8,2.684,51.592,1.288,0.478,0.925,0.824,chesterton
2757,0,235,181,0,0,0,2,0,1.0,248,51,248,10,0,13,33,22,0,3,28,4.0,48.8,2.592,56.791,1.308,0.549,0.902,0.847,shakespeare
2758,0,439,342,0,0,1,1,1,0.5,445,95,445,17,0,6,66,23,0,5,54,3.863,88.2,2.636,37.798,1.418,0.568,0.947,0.876,austen
2759,0,1191,922,0,0,1,0,0,0.25,1213,253,1213,48,0,22,177,27,3,17,92,3.933,241.8,2.467,319.559,1.847,0.364,0.98,0.817,austen
2760,0,152,109,0,0,0,2,0,4.0,158,42,158,10,0,6,33,20,1,5,23,2.976,30.8,1.774,42.541,1.312,0.548,0.881,0.839,shakespeare
2761,0,1212,959,0,0,0,0,0,0.125,1220,245,1220,41,0,8,160,26,0,5,97,4.114,243.2,2.503,114.336,1.788,0.396,0.98,0.832,austen
2762,4,266,189,0,0,3,1,0,3.0,302,67,302,19,0,36,48,23,1,15,41,3.731,59.6,2.998,67.589,1.264,0.612,0.925,0.883,chesterton
2763,0,390,299,0,0,0,0,0,2.0,412,91,412,14,0,22,65,23,2,6,50,3.681,81.6,1.988,71.964,1.4,0.549,0.945,0.867,shakespeare
2764,0,847,660,0,0,3,0,0,3.0,856,182,856,26,0,9,125,25,0,9,80,3.852,170.4,2.316,32.106,1.685,0.44,0.973,0.842,chesterton
2765,0,472,370,0,0,1,1,0,1.0,479,98,479,11,0,7,68,25,0,6,55,3.99,95.0,2.43,28.504,1.342,0.561,0.949,0.874,chesterton
2766,0,244,180,0,0,2,1,0,1.0,255,58,255,18,0,11,39,23,1,12,25,3.707,50.2,2.602,19.215,1.526,0.431,0.914,0.793,chesterton
2767,0,137,99,0,0,0,1,0,1.0,146,38,146,8,0,9,32,23,0,5,25,3.079,28.4,1.992,12.239,1.226,0.658,0.868,0.885,austen
2768,0,312,240,0,0,0,0,1,0.5,317,71,317,11,0,5,49,23,0,5,49,3.62,62.6,2.024,44.63,1.224,0.69,0.93,0.913,austen
2769,0,434,330,0,0,2,2,0,3.0,443,98,443,15,0,9,74,23,0,8,44,3.663,87.8,2.243,52.685,1.42,0.449,0.949,0.825,chesterton
2770,0,772,612,0,0,0,0,0,2.0,783,162,783,15,0,11,108,25,2,11,75,3.944,155.8,2.21,58.572,1.528,0.463,0.969,0.849,chesterton
2771,0,282,207,0,0,0,1,0,1.0,297,70,297,15,0,15,52,22,0,3,38,3.386,58.6,2.176,114.96,1.4,0.543,0.929,0.856,shakespeare
2772,0,292,218,0,0,2,0,0,1.0,303,72,303,13,0,11,56,24,0,9,34,3.417,59.8,2.18,38.121,1.469,0.472,0.931,0.825,austen
2773,0,216,163,0,0,0,1,0,1.0,234,51,234,9,0,18,34,22,0,5,24,3.725,46.0,2.089,51.88,1.417,0.471,0.902,0.808,shakespeare
2774,0,850,663,0,0,1,1,0,4.0,868,172,868,32,0,18,105,26,0,9,80,4.163,172.8,2.456,124.6,1.522,0.465,0.971,0.851,austen
2775,0,616,475,0,0,1,1,0,4.0,624,137,624,20,0,8,101,23,4,11,73,3.686,124.0,2.179,50.631,1.489,0.533,0.964,0.872,chesterton
2776,0,289,217,0,0,0,1,0,1.0,309,71,309,14,0,20,50,22,0,7,37,3.535,61.0,2.335,35.299,1.42,0.521,0.93,0.847,shakespeare
2777,0,513,401,0,0,0,3,2,1.0,520,106,520,13,0,7,76,23,0,4,49,3.981,103.2,2.604,77.248,1.536,0.462,0.953,0.835,austen
2778,0,119,92,0,0,0,2,0,1.0,129,26,129,6,0,10,16,22,0,1,21,4.154,25.0,2.781,29.453,1.13,0.808,0.808,0.934,shakespeare
2779,0,679,533,0,0,0,0,0,0.8333333333333334,686,146,686,18,0,7,101,24,2,5,67,3.822,136.4,2.221,108.364,1.553,0.459,0.966,0.844,austen
2780,0,449,346,0,0,0,0,0,0.2857142857142857,456,103,456,19,0,7,76,26,0,3,48,3.612,90.4,2.315,65.225,1.561,0.466,0.951,0.835,austen
2781,0,1339,1052,0,0,0,0,2,1.3333333333333333,1355,271,1355,55,0,16,177,26,2,11,105,4.144,270.2,2.782,125.274,1.831,0.387,0.982,0.831,austen
2782,0,505,402,0,0,1,1,0,1.0,511,100,511,15,0,6,58,25,1,3,54,4.25,101.4,2.467,64.334,1.389,0.54,0.95,0.866,chesterton
2783,0,400,293,0,0,0,1,0,2.0,417,105,417,23,0,17,83,23,3,4,39,3.171,82.6,2.137,69.187,1.667,0.371,0.952,0.787,shakespeare
2784,0,1114,889,0,0,0,0,0,0.3333333333333333,1139,226,1139,26,0,25,142,25,0,5,111,4.159,227.0,2.413,86.81,1.603,0.491,0.978,0.869,austen
2785,0,481,368,0,0,1,0,1,1.0,494,102,494,26,0,13,65,24,0,7,71,4.01,98.0,2.451,54.822,1.229,0.696,0.951,0.922,austen
2786,0,665,525,0,0,0,0,0,5.0,675,139,675,21,0,10,86,23,2,12,75,4.0,134.2,2.562,102.673,1.479,0.54,0.964,0.875,chesterton
2787,0,423,315,0,0,2,1,1,0.25,433,102,433,21,0,10,79,25,1,11,56,3.441,85.8,1.859,80.618,1.342,0.549,0.951,0.87,austen
2788,0,777,608,0,0,0,0,0,0.5,816,167,816,23,0,39,104,24,0,10,88,4.012,162.4,2.339,129.274,1.465,0.527,0.97,0.875,shakespeare
2789,0,263,195,0,0,0,1,0,1.0,279,66,279,15,0,16,45,22,0,7,43,3.424,55.0,2.008,61.494,1.32,0.652,0.924,0.898,shakespeare
2790,0,224,160,0,0,2,0,1,5.0,234,58,234,15,0,10,47,20,1,9,32,3.293,46.0,2.384,11.247,1.318,0.552,0.914,0.854,austen
2791,0,445,343,0,0,3,0,0,1.0,455,96,455,19,0,10,66,26,2,12,47,3.938,90.2,2.339,54.307,1.433,0.49,0.948,0.844,chesterton
2792,0,205,153,0,0,0,0,0,1.0,215,54,215,11,0,10,45,24,1,7,37,3.222,42.2,1.89,45.604,1.174,0.685,0.907,0.905,shakespeare
2793,0,785,629,0,0,2,0,0,1.0,801,152,801,18,0,16,95,25,0,6,77,4.388,159.4,2.793,38.299,1.52,0.507,0.967,0.865,chesterton
2794,0,241,181,0,0,0,0,0,2.0,249,58,249,10,0,8,45,22,1,2,42,3.431,49.0,2.264,57.35,1.208,0.724,0.914,0.921,shakespeare
2795,0,394,303,0,0,0,0,0,1.0,412,89,412,15,0,18,63,23,0,9,42,3.787,81.6,2.438,52.195,1.534,0.472,0.944,0.833,austen
2796,0,217,163,0,0,0,0,0,1.0,234,54,234,14,0,17,35,24,0,4,35,3.593,46.0,2.253,44.125,1.317,0.648,0.907,0.891,shakespeare
2797,0,844,677,0,0,0,0,0,6.0,851,168,851,13,0,7,112,24,0,0,74,4.149,169.4,2.427,59.214,1.631,0.44,0.97,0.84,chesterton
2798,0,43,27,0,0,0,2,0,1.0,51,15,51,5,0,8,14,19,0,1,11,2.667,9.4,1.496,10.968,1.154,0.733,0.667,0.885,shakespeare
2799,0,500,374,0,0,3,0,1,0.6666666666666666,509,119,509,22,0,9,95,25,0,12,60,3.462,101.0,2.041,102.533,1.506,0.504,0.958,0.857,austen
2800,0,490,365,0,0,0,1,0,2.0,515,117,515,21,0,25,79,23,1,7,61,3.513,102.2,2.083,133.864,1.41,0.521,0.957,0.863,shakespeare
2801,0,927,712,2,0,0,0,0,0.25,953,207,953,35,0,26,151,25,2,20,75,3.739,189.8,2.369,94.105,1.816,0.362,0.976,0.81,austen
2802,0,254,187,0,0,0,2,0,4.0,273,64,273,10,0,19,46,23,0,3,35,3.391,53.8,1.76,49.104,1.306,0.547,0.922,0.855,shakespeare
2803,0,416,311,0,0,3,0,0,3.0,426,96,426,26,0,10,72,23,3,12,49,3.688,84.4,2.593,53.966,1.477,0.51,0.948,0.853,chesterton
2804,0,210,149,2,0,0,2,0,2.0,223,59,223,13,0,13,48,21,0,6,30,2.966,43.8,1.661,52.822,1.439,0.508,0.915,0.834,shakespeare
2805,0,362,270,0,0,0,1,0,1.0,389,89,389,20,0,27,61,24,1,7,51,3.562,77.0,2.35,133.611,1.391,0.573,0.944,0.876,shakespeare
2806,0,436,340,0,0,1,2,0,0.75,442,91,442,16,0,6,65,24,2,7,53,4.011,87.6,2.443,68.16,1.319,0.582,0.945,0.88,chesterton
2807,0,569,419,0,0,0,1,0,4.0,604,147,604,31,0,35,112,23,0,15,49,3.299,120.0,1.988,26.926,1.861,0.333,0.966,0.78,shakespeare
2808,0,682,537,0,0,0,0,0,6.0,688,146,688,16,0,6,103,23,0,1,58,3.829,136.8,2.248,69.833,1.678,0.397,0.966,0.815,chesterton
2809,0,549,406,0,0,4,1,0,1.0,562,128,562,34,0,13,98,25,2,19,59,3.602,111.6,2.561,12.74,1.542,0.461,0.961,0.84,chesterton
2810,0,229,167,0,0,2,1,0,1.0,235,57,235,13,0,6,45,24,1,8,30,3.351,46.2,2.151,28.63,1.39,0.526,0.912,0.841,chesterton
2811,0,513,393,0,0,2,0,0,1.0,526,115,526,21,0,13,85,25,1,11,59,3.748,104.4,2.282,45.676,1.474,0.513,0.957,0.859,austen
2812,0,364,278,0,0,2,1,0,2.0,371,80,371,22,0,7,56,24,4,14,48,3.913,73.4,2.596,85.025,1.333,0.6,0.938,0.883,chesterton
2813,0,537,421,0,0,0,0,0,10.0,546,116,546,16,0,9,84,25,0,0,51,3.845,108.4,2.419,66.515,1.611,0.44,0.957,0.827,austen
2814,0,488,369,0,0,5,0,0,0.6666666666666666,494,109,494,24,0,6,78,23,2,15,56,3.752,98.0,2.484,45.76,1.416,0.514,0.954,0.858,chesterton
2815,0,671,525,0,0,2,0,0,0.5,683,142,683,23,0,12,98,24,1,9,66,3.979,135.8,2.545,28.376,1.527,0.465,0.965,0.845,austen
2816,0,303,223,0,0,3,2,0,2.0,314,76,314,20,0,11,54,23,0,15,35,3.434,62.0,2.589,51.807,1.52,0.461,0.934,0.821,austen
2817,0,676,526,0,0,0,0,0,5.0,687,145,687,24,0,11,102,25,5,9,75,3.869,136.6,2.545,57.479,1.465,0.517,0.966,0.868,chesterton
2818,0,379,290,0,0,2,0,3,0.3333333333333333,385,82,385,16,0,6,57,23,0,5,39,3.854,76.2,2.294,110.183,1.491,0.476,0.939,0.831,austen
2819,0,441,338,0,0,3,1,0,0.5,449,97,449,22,0,8,64,24,2,11,49,3.866,89.0,2.775,17.944,1.448,0.505,0.948,0.851,chesterton
2820,0,309,234,0,0,0,1,0,3.0,320,72,320,9,0,11,55,23,0,6,40,3.542,63.2,2.426,28.943,1.333,0.556,0.931,0.863,chesterton
2821,0,191,140,0,0,2,0,3,1.0,198,44,198,14,0,7,34,22,1,9,30,3.795,38.8,2.575,49.231,1.222,0.682,0.886,0.899,chesterton
2822,0,574,445,0,0,0,0,0,1.0,600,127,600,25,0,26,83,23,0,4,67,3.906,119.2,2.444,70.772,1.494,0.528,0.961,0.868,shakespeare
2823,0,784,617,0,0,0,0,0,0.2,792,164,792,27,0,8,113,24,1,3,67,3.976,157.6,2.656,115.941,1.745,0.409,0.97,0.824,austen
2824,0,778,604,0,0,0,0,1,0.16666666666666666,799,157,799,38,0,21,102,26,1,16,74,4.229,159.0,2.789,163.398,1.554,0.471,0.968,0.851,austen
2825,0,281,207,0,0,0,0,0,0.3333333333333333,294,72,294,14,0,13,55,23,0,4,36,3.264,58.0,2.123,40.075,1.412,0.5,0.931,0.838,austen
2826,0,789,608,0,0,1,0,3,0.25,812,164,812,40,0,23,111,25,5,18,71,4.11,161.6,2.684,115.288,1.64,0.433,0.97,0.836,austen
2827,0,276,198,0,0,4,1,0,4.0,284,66,284,21,0,8,51,23,0,12,38,3.561,56.0,2.425,23.431,1.347,0.576,0.924,0.868,chesterton
2828,0,435,341,0,0,2,1,0,2.0,443,89,443,15,0,8,57,25,0,5,53,4.135,87.8,2.483,58.367,1.328,0.596,0.944,0.885,chesterton
2829,0,579,443,0,0,0,0,1,1.0,589,125,589,27,0,10,87,25,0,13,67,3.856,117.0,2.602,64.68,1.453,0.536,0.96,0.871,austen
2830,0,190,133,0,0,2,1,2,1.0,197,51,197,14,0,7,39,22,0,9,31,3.137,38.6,2.059,46.522,1.275,0.608,0.902,0.873,chesterton
2831,0,164,117,0,1,0,0,2,0.5,174,43,174,11,0,10,35,21,1,7,30,3.209,34.0,1.909,26.58,1.194,0.698,0.884,0.904,austen
2832,0,140,99,0,0,1,3,0,2.0,147,36,147,11,0,7,28,23,1,7,21,3.361,28.6,2.153,12.542,1.286,0.583,0.861,0.85,chesterton
2833,0,338,258,0,0,2,0,0,4.0,344,75,344,13,0,6,55,24,0,6,41,3.747,68.0,2.372,18.055,1.339,0.547,0.933,0.86,chesterton
2834,0,558,427,0,0,1,0,1,10.0,566,127,566,21,0,8,90,26,1,9,62,3.622,112.4,2.164,86.225,1.443,0.488,0.961,0.852,austen
2835,0,307,227,0,0,2,1,1,1.0,314,68,314,20,0,7,50,24,0,8,44,3.809,62.0,2.396,49.148,1.236,0.647,0.926,0.897,chesterton
2836,0,319,252,0,0,0,1,0,2.0,329,66,329,12,0,10,46,24,0,3,41,4.167,65.0,2.738,33.0,1.294,0.621,0.924,0.886,austen
2837,0,171,122,0,0,0,3,0,3.0,181,44,181,9,0,10,34,21,0,6,19,3.205,35.4,2.298,20.599,1.375,0.432,0.886,0.778,shakespeare
2838,0,418,318,0,2,0,1,0,2.0,429,99,429,17,0,11,74,24,0,6,50,3.495,85.0,2.13,38.354,1.435,0.505,0.949,0.851,austen
2839,0,1225,957,0,0,0,1,2,0.25,1250,249,1250,49,0,25,164,26,2,14,90,4.141,249.2,2.705,143.249,1.818,0.361,0.98,0.816,austen
2840,0,330,261,0,0,0,0,0,5.0,348,69,348,11,0,18,44,23,1,4,42,4.203,68.8,2.831,66.028,1.302,0.609,0.928,0.883,shakespeare
2841,0,555,416,0,0,3,0,1,1.25,562,132,562,28,0,7,102,24,0,10,51,3.462,111.6,2.232,115.982,1.714,0.386,0.962,0.805,austen
2842,0,275,211,0,0,0,0,0,2.0,280,63,280,13,0,5,48,23,1,6,25,3.635,55.2,2.623,25.42,1.703,0.397,0.921,0.777,chesterton
2843,0,176,132,0,0,0,0,0,1.0,187,43,187,6,0,11,31,22,0,4,24,3.465,36.6,2.051,47.21,1.303,0.558,0.884,0.845,shakespeare
2844,0,1091,874,0,0,0,0,0,0.125,1101,204,1101,30,0,10,129,25,3,10,95,4.48,219.4,2.805,146.541,1.686,0.466,0.975,0.856,austen
2845,0,229,171,0,0,0,1,0,2.0,239,56,239,11,0,10,41,22,1,6,35,3.429,47.0,2.388,62.626,1.244,0.625,0.911,0.883,shakespeare
2846,0,797,637,0,0,0,0,0,2.0,814,160,814,20,0,17,100,25,3,5,71,4.213,162.0,2.396,95.551,1.553,0.444,0.969,0.84,austen
2847,0,233,172,0,0,3,2,0,1.0,241,51,241,19,0,8,31,23,1,9,30,4.039,47.4,2.561,41.271,1.378,0.588,0.902,0.865,chesterton
2848,0,576,432,0,4,2,0,1,1.0,591,133,591,30,0,15,97,25,1,18,67,3.617,117.4,2.449,86.529,1.478,0.504,0.962,0.86,austen
2849,0,867,697,0,0,0,0,0,0.2,878,170,878,23,0,11,105,25,0,1,80,4.3,174.8,2.9,79.976,1.604,0.471,0.971,0.853,austen
2850,0,657,518,0,0,0,0,0,7.0,665,137,665,15,0,8,93,24,1,9,70,3.956,132.2,2.467,15.434,1.489,0.511,0.964,0.864,chesterton
2851,0,562,441,0,0,1,0,0,4.0,577,118,577,18,0,15,80,24,0,5,49,4.042,114.6,2.402,66.752,1.513,0.415,0.958,0.816,chesterton
2852,0,656,519,0,0,0,0,0,0.6666666666666666,673,137,673,14,0,17,91,26,0,3,77,4.022,133.8,2.353,146.256,1.412,0.562,0.964,0.883,austen
2853,0,334,248,0,0,4,0,0,1.5,339,79,339,21,0,5,59,21,0,10,31,3.57,67.0,2.575,83.89,1.58,0.392,0.937,0.786,austen
2854,0,622,483,0,0,1,0,1,1.0,628,135,628,21,0,6,97,26,1,6,71,3.8,124.8,2.337,97.353,1.436,0.526,0.963,0.869,chesterton
2855,0,832,664,0,0,0,0,0,2.0,849,165,849,25,0,17,102,24,1,7,90,4.279,169.0,2.962,71.913,1.5,0.545,0.97,0.881,chesterton
2856,0,520,392,0,2,1,0,0,0.75,525,120,525,33,0,5,88,25,2,9,51,3.6,104.2,2.512,110.325,1.558,0.425,0.958,0.821,austen
2857,0,1157,895,0,0,1,0,1,0.6666666666666666,1189,237,1189,59,0,32,157,25,2,20,106,4.169,237.0,2.639,106.895,1.681,0.447,0.979,0.853,austen
2858,0,435,346,0,0,0,0,0,1.5,444,90,444,10,0,9,59,23,0,1,41,4.056,88.0,2.581,46.325,1.552,0.456,0.944,0.825,austen
2859,0,731,590,0,0,0,0,0,1.0,737,142,737,12,0,6,84,25,0,0,81,4.282,146.6,2.445,30.9,1.434,0.57,0.965,0.887,chesterton
2860,0,282,208,0,0,0,1,1,1.0,294,67,294,18,0,12,52,23,2,10,44,3.567,58.0,2.382,30.323,1.218,0.657,0.925,0.9,austen
2861,0,360,273,0,0,2,0,1,2.0,368,79,368,18,0,8,50,24,0,5,40,3.835,72.8,2.084,55.233,1.436,0.506,0.937,0.844,chesterton
2862,0,204,152,0,0,0,2,0,1.0,213,48,213,8,2,9,32,21,0,5,34,3.562,41.8,2.315,68.43,1.2,0.708,0.896,0.911,shakespeare
2863,0,608,467,0,0,1,0,1,2.0,625,129,625,26,0,17,86,25,0,16,63,3.977,124.2,2.723,76.493,1.483,0.488,0.961,0.853,austen
2864,0,700,555,0,0,0,0,0,5.0,712,145,712,19,1,12,99,24,3,4,66,4.048,141.6,2.693,116.055,1.629,0.455,0.966,0.842,austen
2865,0,325,237,0,0,4,2,0,2.0,335,76,335,22,0,10,53,23,2,16,41,3.671,66.2,2.369,47.262,1.434,0.539,0.934,0.857,chesterton
2866,0,805,626,0,0,0,0,0,5.0,822,169,822,25,0,17,118,25,1,14,90,3.959,163.6,2.445,82.008,1.496,0.533,0.97,0.877,chesterton
2867,1,263,205,0,0,0,0,0,1.0,274,56,274,9,0,11,39,23,1,7,39,4.018,54.0,2.569,79.199,1.217,0.696,0.911,0.91,chesterton
2868,0,283,208,0,2,0,2,0,1.0,291,69,291,17,0,8,52,24,2,9,42,3.391,57.4,2.178,39.208,1.232,0.609,0.928,0.883,austen
2869,0,72,52,0,0,0,1,0,1.0,77,18,77,2,2,5,13,16,0,2,14,3.389,14.6,1.72,9.99,1.059,0.778,0.722,0.913,shakespeare
2870,0,143,109,0,0,0,0,0,1.0,154,33,154,8,0,11,21,20,0,0,23,3.879,30.0,2.509,51.122,1.179,0.697,0.848,0.897,shakespeare
2871,0,185,134,0,2,1,2,1,0.5,191,47,191,12,0,6,34,23,0,7,30,3.277,37.4,2.375,20.477,1.237,0.638,0.894,0.883,austen
2872,0,314,226,0,0,4,0,0,1.0,325,79,325,23,0,11,57,23,1,14,37,3.405,64.2,1.951,21.673,1.519,0.468,0.937,0.826,austen
2873,0,394,299,0,0,3,1,0,1.0,407,90,407,20,0,13,65,26,0,14,39,3.767,80.6,2.756,61.378,1.525,0.433,0.944,0.814,chesterton
2874,0,253,179,0,2,2,0,0,0.3333333333333333,264,67,264,19,0,11,54,23,0,14,35,3.179,52.0,2.153,38.503,1.426,0.522,0.925,0.846,austen
2875,0,412,309,0,0,1,0,0,4.0,418,93,418,24,0,6,66,23,2,8,47,3.677,82.8,2.346,16.962,1.409,0.505,0.946,0.849,chesterton
2876,0,1208,946,0,0,1,0,0,0.2,1230,246,1230,49,0,22,160,26,2,16,115,4.146,245.2,2.504,358.432,1.64,0.467,0.98,0.862,austen
2877,0,406,300,0,0,5,1,0,4.0,420,97,420,26,0,14,68,24,0,11,40,3.608,83.2,2.234,38.765,1.59,0.412,0.948,0.806,chesterton
2878,0,102,69,0,0,1,1,1,1.0,108,28,108,12,0,6,23,21,1,8,18,3.214,20.8,2.315,12.276,1.217,0.643,0.821,0.867,austen
2879,0,286,219,0,0,0,0,0,1.0,300,68,300,14,0,14,48,24,1,3,49,3.632,59.2,2.212,66.092,1.193,0.721,0.926,0.922,shakespeare
2880,2,585,470,0,0,0,0,0,4.0,604,114,604,9,0,19,67,26,0,5,68,4.368,120.0,2.377,104.429,1.39,0.596,0.956,0.891,chesterton
2881,0,852,676,0,1,0,0,0,6.0,862,173,862,19,0,10,111,26,1,6,79,4.075,171.6,2.672,66.504,1.648,0.457,0.971,0.848,chesterton
2882,0,361,262,0,0,3,0,0,5.0,373,93,373,22,0,12,76,24,0,12,33,3.247,73.8,2.114,43.217,1.691,0.355,0.946,0.771,austen
2883,0,570,447,0,1,0,0,0,2.0,577,118,577,22,0,7,84,24,0,6,69,4.042,114.6,2.839,158.004,1.439,0.585,0.958,0.888,austen
2884,0,44,31,0,0,0,1,0,1.0,49,13,49,4,0,5,11,14,0,0,8,3.077,9.0,1.801,6.856,1.3,0.615,0.615,0.811,shakespeare
2885,0,723,560,2,0,2,0,0,0.25,735,158,735,26,0,12,110,25,1,9,59,3.81,146.2,2.527,120.219,1.816,0.373,0.968,0.805,austen
2886,0,804,633,1,0,0,0,0,2.0,817,172,817,21,0,13,116,25,1,2,86,3.878,162.6,2.227,96.635,1.578,0.5,0.971,0.865,austen
2887,0,670,533,0,0,1,0,0,4.0,679,136,679,10,0,9,85,25,0,4,62,4.074,135.0,2.145,76.394,1.511,0.456,0.963,0.84,chesterton
2888,0,389,303,0,0,0,0,0,3.0,398,88,398,17,0,9,63,23,0,3,45,3.75,78.8,2.596,59.843,1.492,0.511,0.943,0.85,austen
2889,0,236,168,0,0,0,1,1,1.0,246,60,246,18,0,10,49,23,0,7,39,3.267,48.4,2.17,40.278,1.277,0.65,0.917,0.895,austen
2890,0,1314,1051,0,0,1,0,0,0.3333333333333333,1341,258,1341,31,1,27,166,27,2,10,111,4.314,267.4,2.709,238.483,1.72,0.43,0.981,0.848,austen
2891,0,166,124,0,0,0,0,0,1.0,177,41,177,9,0,11,30,22,1,6,32,3.512,34.6,2.43,39.665,1.171,0.78,0.878,0.933,shakespeare
2892,0,368,282,0,0,3,0,0,0.5,375,80,375,16,0,7,55,24,0,11,45,3.888,74.2,2.551,42.564,1.356,0.562,0.938,0.869,austen
2893,0,195,152,0,0,0,1,2,0.5,199,41,199,7,0,4,28,25,0,0,29,3.976,39.0,2.788,17.044,1.171,0.707,0.878,0.907,austen
2894,0,301,222,0,0,4,0,2,2.0,308,71,308,21,0,7,51,24,1,13,42,3.634,60.8,2.313,42.623,1.365,0.592,0.93,0.877,chesterton
2895,0,634,499,0,0,2,2,0,1.0,646,127,646,19,0,12,83,24,2,9,74,4.205,128.4,2.395,113.511,1.38,0.583,0.961,0.889,chesterton
2896,0,336,250,0,0,1,0,1,1.0,343,79,343,17,0,7,62,23,0,7,51,3.519,67.8,2.241,69.833,1.274,0.646,0.937,0.9,austen
2897,0,372,275,0,0,3,1,0,2.0,382,90,382,20,0,10,66,24,2,15,52,3.467,75.6,2.073,47.716,1.364,0.578,0.944,0.878,chesterton
2898,0,1356,1074,0,0,0,0,0,2.0,1378,282,1378,32,0,22,186,27,3,6,106,4.0,274.8,2.34,127.278,1.843,0.376,0.982,0.827,austen
2899,0,1638,1305,0,0,0,1,0,0.0625,1663,321,1663,54,0,25,209,26,6,17,127,4.315,331.8,2.707,436.047,1.888,0.396,0.984,0.839,austen
2900,0,537,421,0,0,0,0,0,0.5,548,117,548,16,0,11,81,24,1,2,63,3.829,108.8,2.183,83.227,1.481,0.538,0.957,0.87,austen
2901,0,251,190,0,0,0,0,0,2.0,263,60,263,11,0,12,44,22,2,4,37,3.55,51.8,2.15,42.915,1.277,0.617,0.917,0.882,shakespeare
2902,0,57,41,0,0,0,0,0,1.0,63,16,63,4,0,6,13,19,0,1,14,3.188,11.8,2.198,14.738,1.067,0.875,0.688,0.952,shakespeare
2903,0,190,127,0,0,4,2,0,0.5,199,55,199,21,0,9,45,22,0,13,23,3.036,39.0,2.027,24.546,1.571,0.418,0.909,0.782,austen
2904,0,201,140,0,0,0,1,0,0.5,219,54,219,16,0,18,45,23,1,11,29,3.241,43.0,1.913,25.826,1.385,0.537,0.907,0.844,austen
2905,0,61,43,0,0,0,1,0,1.0,69,18,69,6,0,8,14,16,0,0,11,3.167,13.0,2.007,12.865,1.286,0.611,0.722,0.83,shakespeare
2906,0,912,723,0,0,0,0,0,2.0,925,185,925,28,0,13,124,25,4,10,88,4.13,184.2,2.649,126.717,1.623,0.476,0.973,0.858,austen
2907,0,903,714,0,0,1,0,1,0.5,924,186,924,30,0,21,120,27,2,12,86,4.129,184.0,2.646,144.184,1.59,0.462,0.973,0.852,austen
2908,0,524,378,0,3,0,0,2,0.5,536,128,536,38,0,12,104,25,1,12,66,3.352,106.4,2.143,123.253,1.455,0.516,0.961,0.863,austen
2909,0,450,332,0,0,3,0,0,1.5,459,109,459,27,0,9,82,24,1,14,56,3.44,91.0,2.291,78.572,1.453,0.514,0.954,0.858,austen
2910,0,483,373,0,0,1,0,0,1.0,497,105,497,18,0,14,70,25,0,10,59,3.886,98.6,2.305,45.402,1.4,0.562,0.952,0.876,chesterton
2911,0,370,279,0,0,1,0,0,1.0,377,82,377,22,0,7,57,23,0,9,46,3.78,74.6,2.255,32.532,1.344,0.561,0.939,0.869,chesterton
2912,0,667,522,0,0,2,0,0,5.0,679,140,679,24,0,12,96,25,0,6,67,4.014,135.0,2.561,132.674,1.538,0.479,0.964,0.851,austen
2913,0,516,411,0,0,0,0,0,3.0,522,104,522,11,0,6,63,25,1,5,57,4.115,103.6,2.337,49.611,1.425,0.548,0.952,0.871,chesterton
2914,0,283,212,0,0,3,1,0,0.5,290,66,290,19,0,7,46,23,1,10,40,3.712,57.2,2.423,27.68,1.32,0.606,0.924,0.88,austen
2915,0,459,338,0,0,2,1,0,1.0,474,109,474,28,0,15,83,24,1,16,48,3.55,94.0,2.196,50.488,1.58,0.44,0.954,0.825,austen
2916,0,378,300,0,0,0,0,1,1.0,383,76,383,10,0,5,48,24,1,3,47,4.158,75.8,2.439,58.9,1.288,0.618,0.934,0.889,chesterton
2917,0,291,217,0,0,3,0,1,1.0,296,70,296,14,0,5,52,22,0,9,33,3.457,58.4,2.048,39.183,1.429,0.471,0.929,0.823,austen
2918,0,683,540,0,0,2,0,1,1.0,691,137,691,25,0,8,88,23,0,7,64,4.212,137.4,2.886,87.374,1.557,0.467,0.964,0.845,austen
2919,0,1112,873,0,0,0,0,0,0.5714285714285714,1124,219,1124,45,0,12,137,27,1,13,101,4.247,224.0,2.551,309.71,1.634,0.461,0.977,0.856,austen
2920,0,722,547,0,0,2,1,1,0.3333333333333333,738,155,738,42,0,16,108,25,0,19,76,3.935,146.8,2.684,81.395,1.505,0.49,0.968,0.859,austen
2921,0,437,314,0,0,3,0,2,2.0,449,110,449,30,0,12,82,23,0,19,48,3.3,89.0,1.951,109.857,1.528,0.436,0.955,0.824,austen
2922,0,172,130,0,0,1,1,0,2.0,177,39,177,9,0,5,26,23,0,6,28,3.795,34.6,2.105,19.819,1.147,0.718,0.872,0.91,chesterton
2923,0,573,460,0,0,0,0,0,7.0,581,114,581,13,0,8,71,23,1,3,63,4.219,115.4,2.716,35.289,1.373,0.553,0.956,0.875,chesterton
2924,0,1088,852,0,0,0,0,0,2.0,1148,232,1148,36,0,60,149,24,0,8,99,4.086,228.8,2.516,190.669,1.634,0.427,0.978,0.844,shakespeare
2925,0,77,56,0,0,0,1,0,1.0,82,21,82,7,0,5,17,19,0,3,14,3.238,15.6,2.914,17.228,1.235,0.667,0.762,0.867,shakespeare
2926,0,506,371,0,0,0,1,5,0.3333333333333333,526,118,526,33,0,20,83,24,0,14,47,3.602,104.4,2.306,94.206,1.662,0.398,0.958,0.807,austen
2927,0,345,262,0,0,1,0,0,1.0,357,80,357,13,0,12,58,23,0,11,40,3.625,70.6,2.33,30.632,1.481,0.5,0.938,0.842,chesterton
2928,0,597,464,0,0,0,0,0,1.0,605,130,605,16,0,8,94,23,1,7,54,3.762,120.2,2.261,54.824,1.667,0.415,0.962,0.82,chesterton
2929,0,274,199,0,0,2,0,2,1.0,282,67,282,16,0,8,51,22,2,9,28,3.403,55.6,1.891,41.168,1.457,0.418,0.925,0.792,chesterton
2930,0,141,103,0,0,0,0,0,1.0,152,36,152,5,3,11,24,20,0,2,22,3.389,29.6,1.745,16.92,1.286,0.611,0.861,0.863,shakespeare
2931,0,461,356,0,0,2,0,0,0.5,472,101,472,16,0,11,71,23,1,12,52,3.842,93.6,2.275,101.397,1.423,0.515,0.95,0.856,austen
2932,0,899,688,0,0,0,1,0,0.2,917,199,917,32,0,18,144,26,0,18,83,3.709,182.6,2.095,85.486,1.618,0.417,0.975,0.835,austen
2933,0,398,304,0,0,1,0,1,0.25,409,91,409,13,0,11,66,24,0,9,43,3.637,81.0,2.168,78.632,1.468,0.473,0.945,0.834,austen
2934,0,639,484,0,1,3,0,0,4.0,655,146,655,32,0,16,104,24,1,14,70,3.692,130.2,2.556,70.68,1.537,0.479,0.966,0.852,austen
2935,0,686,541,0,0,1,0,0,0.5,704,142,704,22,2,18,90,25,3,9,57,4.12,140.0,2.646,106.892,1.596,0.401,0.965,0.816,austen
2936,0,436,320,1,0,0,2,1,2.0,460,111,460,23,0,24,85,24,1,6,53,3.306,91.2,2.148,93.033,1.48,0.477,0.955,0.843,shakespeare
2937,0,238,180,0,0,0,2,0,1.0,247,56,247,9,0,9,39,22,0,3,37,3.536,48.6,1.907,28.719,1.273,0.661,0.911,0.897,shakespeare
2938,0,271,194,0,1,1,1,0,1.0,282,70,282,16,0,11,59,22,0,9,42,3.2,55.6,1.823,52.396,1.321,0.6,0.929,0.88,austen
2939,0,277,204,0,0,1,2,0,0.16666666666666666,288,70,288,15,0,11,55,23,0,5,35,3.314,56.8,2.026,31.933,1.4,0.5,0.929,0.837,austen
2940,0,333,245,0,0,2,1,0,1.0,341,82,341,17,0,8,63,24,1,14,41,3.366,67.4,2.467,13.126,1.491,0.5,0.939,0.843,chesterton
2941,0,519,406,1,0,1,0,1,6.0,526,108,526,19,0,7,77,25,0,5,57,4.019,104.4,2.973,78.577,1.385,0.528,0.954,0.864,austen
2942,0,586,445,0,0,0,0,0,1.0,593,139,593,29,0,7,102,23,7,10,32,3.46,117.8,2.086,32.92,2.138,0.23,0.964,0.702,chesterton
2943,0,228,170,0,0,1,0,1,1.0,237,52,237,17,0,9,33,23,0,6,31,3.808,46.6,2.597,22.568,1.368,0.596,0.904,0.869,austen
2944,0,341,241,0,1,3,1,1,1.0,353,91,353,25,0,12,73,24,0,17,41,3.121,69.8,2.175,24.773,1.625,0.451,0.945,0.823,austen
2945,0,520,386,0,3,2,0,0,1.0,537,127,537,29,0,17,92,26,1,11,57,3.433,106.6,2.173,76.281,1.53,0.449,0.961,0.835,austen
2946,0,482,362,0,0,3,2,0,1.0,489,108,489,27,0,7,72,24,0,12,46,3.741,97.0,2.342,63.071,1.543,0.426,0.954,0.818,chesterton
2947,0,763,592,0,0,0,0,0,6.0,775,167,775,25,0,12,116,25,1,7,75,3.772,154.2,2.299,49.57,1.575,0.449,0.97,0.844,austen
2948,0,380,290,0,0,0,3,0,1.0,397,86,397,16,0,17,58,23,2,6,45,3.756,78.6,2.201,140.072,1.344,0.523,0.942,0.855,shakespeare
2949,0,123,91,0,0,0,1,0,3.0,133,32,133,6,0,10,24,20,0,3,21,3.344,25.8,2.134,26.537,1.231,0.656,0.844,0.878,shakespeare
2950,0,516,389,0,0,2,0,0,3.0,526,115,526,25,0,10,85,26,1,15,63,3.73,104.4,2.425,83.823,1.402,0.548,0.957,0.873,chesterton
2951,0,206,151,0,0,3,0,2,2.0,211,49,211,15,0,5,35,24,0,7,29,3.633,41.4,2.43,25.046,1.289,0.592,0.898,0.865,chesterton
2952,0,459,349,0,0,1,1,0,4.0,470,104,470,17,0,11,80,24,0,16,52,3.644,93.2,2.417,63.857,1.405,0.5,0.952,0.851,austen
2953,0,416,333,0,0,0,0,0,1.0,430,84,430,9,0,14,54,25,0,6,49,4.238,85.2,2.823,16.453,1.474,0.583,0.94,0.878,chesterton
2954,0,876,690,0,0,4,0,0,1.0,901,173,901,37,0,25,100,25,1,11,86,4.393,179.4,2.788,56.132,1.602,0.497,0.971,0.864,chesterton
2955,0,70,47,0,0,0,2,0,2.0,76,22,76,6,0,6,20,19,0,1,16,2.682,14.4,1.323,11.127,1.158,0.727,0.773,0.897,shakespeare
2956,0,427,321,1,0,0,2,0,4.0,442,101,442,14,0,15,78,23,0,7,43,3.475,87.6,2.225,30.746,1.578,0.426,0.95,0.815,chesterton
2957,0,262,193,0,0,1,0,4,1.0,268,62,268,16,0,6,47,23,2,5,23,3.516,52.8,2.4,15.515,1.59,0.371,0.919,0.76,chesterton
2958,0,590,470,0,0,0,0,0,1.0,595,121,595,10,0,5,79,25,0,2,54,4.008,118.2,2.242,34.142,1.571,0.446,0.959,0.832,chesterton
2959,0,215,159,0,0,0,2,0,1.0,233,53,233,11,0,18,40,21,0,5,32,3.547,45.8,2.325,56.144,1.205,0.604,0.906,0.873,shakespeare
2960,0,529,420,0,0,0,0,0,5.0,535,110,535,12,0,6,69,24,1,1,55,3.982,106.2,2.242,68.2,1.549,0.5,0.955,0.853,chesterton
2961,13,519,391,0,0,1,1,0,1.0,572,114,572,17,5,53,76,26,2,20,59,4.105,113.6,2.645,70.688,1.373,0.518,0.956,0.861,chesterton
2962,0,295,212,0,0,5,1,0,4.0,303,73,303,21,0,8,55,23,0,12,33,3.438,59.8,2.267,43.86,1.553,0.452,0.932,0.815,chesterton
2963,0,934,748,0,0,0,0,0,1.0,946,181,946,20,0,12,115,23,2,9,76,4.309,188.4,2.665,114.862,1.631,0.42,0.972,0.833,chesterton
2964,0,258,197,0,0,0,1,0,2.0,264,60,264,9,0,6,44,23,1,8,35,3.567,52.0,2.41,21.342,1.333,0.583,0.917,0.868,chesterton
2965,0,486,372,0,0,0,1,0,1.0,492,113,492,18,0,6,86,24,1,2,57,3.504,97.6,2.264,76.709,1.487,0.504,0.956,0.855,austen
2966,0,733,571,0,0,1,0,0,0.2,751,156,751,26,0,18,111,24,1,11,71,3.955,149.4,2.611,82.917,1.529,0.455,0.968,0.844,austen
2967,1,1286,947,0,0,2,0,0,3.0,1330,285,1330,70,42,44,195,27,3,29,113,3.891,265.2,2.685,196.649,1.9,0.396,0.982,0.836,austen
2968,0,269,204,0,0,0,0,0,2.0,284,66,284,12,0,15,47,22,1,8,39,3.5,56.0,1.994,87.003,1.32,0.591,0.924,0.874,shakespeare
2969,0,1264,997,0,0,0,0,0,1.0,1287,264,1287,39,0,23,171,26,0,4,110,4.011,256.6,2.518,213.72,1.808,0.417,0.981,0.843,austen
2970,0,703,568,0,0,0,0,0,1.25,711,134,711,15,0,8,81,25,1,1,67,4.41,141.4,2.625,146.875,1.473,0.5,0.963,0.858,austen
2971,0,552,409,0,0,3,0,1,1.0,568,128,568,29,0,16,96,25,1,21,60,3.602,112.8,2.257,70.383,1.542,0.469,0.961,0.844,austen
2972,0,1041,795,0,2,2,2,0,0.6666666666666666,1058,234,1058,39,0,17,170,26,1,12,93,3.654,210.8,2.14,179.097,1.721,0.397,0.979,0.831,austen
2973,0,355,258,0,2,0,2,0,2.0,376,86,376,25,0,21,60,24,0,8,43,3.535,74.4,2.232,55.842,1.458,0.5,0.942,0.844,shakespeare
2974,0,324,240,0,0,3,1,1,1.0,334,77,334,17,0,10,59,25,0,12,45,3.558,66.0,2.409,59.645,1.351,0.584,0.935,0.876,austen
2975,0,623,494,0,0,0,0,0,3.0,629,127,629,21,0,6,80,26,1,1,66,4.102,125.0,2.66,55.349,1.512,0.52,0.961,0.865,chesterton
2976,0,559,434,0,0,1,0,0,2.0,565,125,565,17,0,6,85,25,0,4,55,3.68,112.2,2.448,50.316,1.603,0.44,0.96,0.83,austen
2977,0,393,291,0,0,4,1,0,7.0,404,93,404,22,0,11,68,24,1,13,45,3.581,80.0,1.958,49.117,1.5,0.484,0.946,0.84,chesterton
2978,1,1061,847,0,0,0,0,0,1.2,1082,210,1082,28,0,21,130,24,3,12,83,4.267,215.6,2.712,151.985,1.707,0.395,0.976,0.826,austen
2979,0,605,471,0,0,0,0,0,1.0,615,131,615,21,0,10,92,24,0,7,74,3.84,122.2,2.372,146.194,1.379,0.565,0.962,0.883,austen
2980,0,1203,957,0,0,0,0,0,0.2,1216,241,1216,36,0,13,157,26,2,7,101,4.174,242.4,2.727,92.425,1.785,0.419,0.979,0.841,austen
2981,0,303,224,0,0,4,0,2,0.5,310,74,310,19,0,7,58,25,0,11,42,3.486,61.2,2.512,23.145,1.396,0.568,0.932,0.868,austen
2982,0,483,372,0,0,0,0,0,9.0,501,108,501,16,0,18,75,24,0,5,49,3.769,99.4,2.394,38.656,1.565,0.454,0.954,0.831,austen
2983,0,747,587,0,0,0,0,0,7.0,766,161,766,18,0,19,117,25,0,1,69,3.876,152.4,2.402,75.345,1.66,0.429,0.969,0.833,austen
2984,0,648,509,0,0,1,0,0,2.0,660,135,660,19,0,12,86,24,0,4,68,4.015,131.2,2.259,45.62,1.517,0.504,0.963,0.86,chesterton
2985,0,120,87,0,0,0,0,0,1.0,129,33,129,9,0,9,24,24,0,2,26,3.182,25.0,2.038,27.613,1.179,0.788,0.848,0.932,shakespeare
2986,0,805,611,0,1,0,0,1,2.0,824,181,824,34,0,19,134,26,0,10,86,3.669,164.0,2.132,157.563,1.472,0.475,0.972,0.857,austen
2987,0,125,88,0,0,2,0,1,1.0,132,34,132,12,0,7,25,23,0,9,22,3.294,25.6,2.493,14.91,1.308,0.647,0.853,0.877,austen
2988,0,137,100,0,0,0,0,0,1.0,148,37,148,9,0,11,30,21,0,5,19,3.243,28.8,2.51,29.609,1.423,0.514,0.865,0.815,shakespeare
2989,2,608,463,0,0,2,0,0,0.5,637,131,637,34,0,29,93,25,1,16,60,4.053,126.6,2.409,71.255,1.578,0.458,0.962,0.84,austen
2990,0,823,655,0,0,0,0,0,2.0,829,167,829,20,0,6,106,23,0,1,81,4.078,165.0,2.452,77.191,1.59,0.485,0.97,0.859,chesterton
2991,0,317,239,0,0,0,0,0,2.0,331,76,331,16,0,14,55,24,0,2,55,3.539,65.4,2.157,109.038,1.226,0.724,0.934,0.925,shakespeare
2992,0,275,211,0,0,0,0,0,2.0,284,65,284,9,0,9,49,22,0,4,35,3.523,56.0,2.353,7.714,1.383,0.538,0.923,0.852,austen
2993,0,138,105,0,0,0,2,0,1.0,144,32,144,5,0,6,23,22,0,2,21,3.625,28.0,2.352,32.07,1.143,0.656,0.844,0.878,shakespeare
2994,0,545,412,0,0,0,0,0,2.0,581,131,581,26,0,36,91,23,0,8,70,3.618,115.4,2.128,102.875,1.424,0.534,0.962,0.871,shakespeare
2995,0,299,231,0,0,1,0,3,2.0,308,63,308,16,0,9,40,25,0,4,38,4.111,60.8,2.869,31.523,1.26,0.603,0.921,0.878,austen
2996,0,578,458,0,0,0,0,0,6.0,583,121,583,9,0,5,82,24,0,2,58,3.901,115.8,2.115,50.122,1.571,0.479,0.959,0.847,chesterton
2997,0,623,484,0,0,0,0,0,0.6666666666666666,635,134,635,24,0,12,94,25,0,5,58,3.881,126.2,2.397,96.149,1.634,0.433,0.963,0.829,austen
2998,0,713,562,0,1,0,0,0,5.0,727,147,727,22,0,14,98,24,0,1,69,4.068,144.6,2.744,91.133,1.581,0.469,0.966,0.848,chesterton
2999,0,508,390,0,0,2,1,0,2.0,521,111,521,19,0,13,76,23,0,9,63,3.847,103.4,2.461,30.55,1.354,0.568,0.955,0.88,chesterton
3000,0,537,425,0,0,0,0,0,1.0,542,113,542,13,0,5,75,24,0,4,44,3.92,107.6,2.439,57.108,1.738,0.389,0.956,0.8,chesterton
3001,0,734,575,0,0,0,0,0,4.0,742,158,742,18,0,8,104,23,1,6,71,3.816,147.6,2.176,113.619,1.58,0.449,0.968,0.842,chesterton
3002,0,550,422,0,0,2,2,1,1.0,560,118,560,24,0,10,77,23,0,11,70,3.907,111.2,2.361,43.649,1.388,0.593,0.958,0.891,chesterton
3003,0,389,298,0,0,2,1,1,4.0,398,87,398,17,0,9,60,23,2,10,51,3.77,78.8,2.467,52.103,1.279,0.586,0.943,0.88,chesterton
3004,0,50,35,0,0,0,1,0,1.0,58,15,58,3,0,8,12,14,0,3,11,3.067,10.8,2.404,8.319,1.154,0.733,0.667,0.885,shakespeare
3005,0,573,448,0,0,0,0,0,5.0,581,123,581,17,0,8,86,25,0,8,69,3.862,115.4,2.383,79.141,1.367,0.561,0.959,0.88,austen
3006,0,354,273,0,0,1,0,0,2.0,362,80,362,12,0,8,57,23,0,6,44,3.688,71.6,2.191,31.005,1.379,0.55,0.938,0.864,austen
3007,0,647,509,0,0,0,0,0,5.0,652,137,652,13,0,5,96,25,0,3,64,3.847,129.6,2.259,18.555,1.539,0.467,0.964,0.845,chesterton
3008,0,1087,880,0,0,0,0,0,3.0,1099,207,1099,21,0,12,125,26,0,3,99,4.411,219.0,2.691,122.925,1.58,0.478,0.976,0.862,chesterton
3009,0,658,522,0,0,0,0,0,1.0,676,135,676,21,0,18,91,23,3,7,61,4.156,134.4,2.854,129.098,1.607,0.452,0.963,0.838,austen
3010,0,284,202,0,0,3,1,1,0.5,291,73,291,18,0,7,61,23,0,12,34,3.219,57.4,1.88,23.448,1.46,0.466,0.932,0.822,chesterton
3011,0,361,266,0,0,3,0,0,2.0,375,90,375,18,0,14,70,24,0,17,53,3.378,74.2,2.484,37.077,1.406,0.589,0.944,0.882,chesterton
3012,0,849,642,0,0,0,0,0,3.0,857,185,857,51,0,8,139,23,9,24,75,3.795,170.6,2.078,100.146,1.745,0.405,0.973,0.827,chesterton
3013,0,442,349,0,0,1,0,0,1.0,450,88,450,17,0,8,60,23,2,8,56,4.295,89.2,2.574,31.634,1.294,0.636,0.943,0.899,chesterton
3014,0,725,574,0,0,0,0,0,10.0,730,150,730,14,0,5,103,24,0,1,74,3.953,145.2,2.318,58.726,1.579,0.493,0.967,0.859,chesterton
3015,0,293,225,0,0,2,1,0,1.0,300,65,300,11,0,7,45,23,0,7,33,3.8,59.2,2.23,40.345,1.327,0.508,0.923,0.838,chesterton
3016,0,997,797,0,0,0,0,0,0.3333333333333333,1010,200,1010,29,0,13,132,26,2,4,87,4.195,201.2,2.665,103.999,1.681,0.435,0.975,0.843,austen
3017,0,666,517,0,0,3,1,0,0.5,679,143,679,21,0,13,103,25,1,12,79,3.895,135.0,2.564,46.109,1.43,0.552,0.965,0.88,chesterton
3018,0,1035,798,0,4,1,0,0,0.3333333333333333,1044,221,1044,44,0,9,159,25,0,12,85,3.86,208.0,2.785,87.644,1.873,0.385,0.977,0.823,austen
3019,1,577,459,0,0,0,4,0,1.0,598,115,598,10,0,21,70,25,0,2,64,4.27,118.8,2.407,82.663,1.438,0.557,0.957,0.876,chesterton
3020,0,260,193,0,0,2,0,1,1.0,269,61,269,16,0,9,42,24,0,11,37,3.656,53.0,2.522,46.454,1.356,0.607,0.918,0.878,chesterton
3021,0,576,427,0,0,2,1,0,0.8,595,136,595,34,0,19,98,24,0,17,61,3.559,118.2,2.309,90.729,1.528,0.449,0.963,0.837,austen
3022,0,1326,1065,0,0,0,0,0,0.25,1334,261,1334,31,0,8,164,26,1,2,120,4.23,266.0,2.533,157.601,1.662,0.46,0.981,0.86,austen
3023,0,401,324,0,0,0,0,0,5.0,408,75,408,9,0,7,47,25,0,2,42,4.547,80.8,3.108,21.464,1.293,0.56,0.933,0.866,chesterton
3024,0,225,160,0,0,2,0,4,3.0,233,58,233,16,0,8,45,23,1,6,37,3.259,45.8,2.197,54.034,1.261,0.638,0.914,0.889,austen
3025,0,506,382,0,0,1,0,0,2.0,515,117,515,24,0,9,90,24,2,8,61,3.573,102.2,2.086,62.271,1.41,0.521,0.957,0.863,chesterton
3026,0,458,354,1,1,0,0,2,1.0,467,96,467,19,0,9,68,24,0,2,47,3.979,92.6,2.484,49.212,1.524,0.49,0.948,0.844,chesterton
3027,0,803,636,0,0,0,0,0,0.6666666666666666,818,162,818,22,0,15,113,25,1,9,75,4.16,162.8,2.682,96.663,1.558,0.463,0.969,0.849,austen
3028,0,352,260,0,0,0,0,0,6.0,361,88,361,16,0,9,72,23,0,9,46,3.25,71.4,1.913,36.916,1.419,0.523,0.943,0.855,chesterton
3029,0,195,139,0,0,3,1,0,1.0,204,47,204,15,0,9,33,24,0,10,24,3.617,40.0,2.524,17.306,1.424,0.511,0.894,0.825,chesterton
3030,0,502,401,0,0,1,0,0,2.0,513,100,513,15,0,11,62,25,0,3,59,4.29,101.8,2.775,57.063,1.408,0.59,0.95,0.885,chesterton
3031,0,191,137,0,0,3,1,0,0.5,195,47,195,16,0,4,36,23,1,9,32,3.489,38.2,2.176,24.934,1.205,0.681,0.894,0.9,chesterton
3032,0,609,466,0,2,0,0,0,3.0,625,137,625,30,0,16,97,26,0,10,66,3.745,124.2,2.509,90.012,1.522,0.482,0.964,0.852,austen
3033,0,332,258,0,0,2,0,0,1.0,337,70,337,12,0,5,42,24,0,6,45,3.986,66.6,2.082,52.657,1.273,0.643,0.929,0.896,chesterton
3034,0,685,551,0,0,1,0,0,1.0,694,129,694,18,0,9,75,24,0,4,76,4.496,138.0,2.728,82.289,1.418,0.589,0.961,0.891,chesterton
3035,0,289,219,0,0,0,1,0,1.0,296,66,296,12,0,7,50,23,0,7,31,3.621,58.4,2.733,32.424,1.5,0.47,0.924,0.82,austen
3036,0,458,350,0,0,1,1,0,0.5,473,100,473,19,0,15,67,25,1,12,55,3.86,93.8,2.296,60.837,1.37,0.55,0.95,0.87,austen
3037,0,199,147,0,0,2,2,0,1.0,205,47,205,12,0,6,32,21,0,9,22,3.638,40.2,2.269,22.961,1.424,0.468,0.894,0.803,chesterton
3038,0,571,455,0,0,0,0,0,1.0,580,116,580,11,0,9,72,25,0,4,58,4.095,115.2,2.363,73.927,1.547,0.5,0.957,0.854,chesterton
3039,0,363,269,0,0,5,1,2,2.0,371,83,371,21,0,8,57,23,0,13,43,3.711,73.4,2.412,52.643,1.407,0.518,0.94,0.851,chesterton
3040,0,232,170,0,0,1,1,2,1.0,247,56,247,15,0,15,42,26,0,9,23,3.625,48.6,2.512,23.723,1.436,0.411,0.911,0.779,austen
3041,0,714,570,0,0,0,0,0,0.3333333333333333,723,143,723,18,0,9,99,24,0,10,69,4.182,143.8,2.87,80.834,1.554,0.483,0.965,0.853,austen
3042,0,1024,829,0,0,1,0,0,1.0,1035,191,1035,23,0,11,113,25,2,5,101,4.529,206.2,2.726,64.736,1.528,0.529,0.974,0.879,chesterton
3043,0,103,75,0,0,0,0,0,1.0,112,28,112,8,0,9,21,20,2,5,21,3.286,21.6,2.242,30.171,1.167,0.75,0.821,0.914,shakespeare
3044,0,306,231,0,0,0,2,0,1.0,323,72,323,13,0,17,51,24,0,4,47,3.625,63.8,2.146,55.495,1.2,0.653,0.931,0.9,shakespeare
3045,0,184,134,0,0,0,1,0,1.0,194,48,194,9,0,10,40,21,0,3,32,3.188,38.0,1.758,40.249,1.2,0.667,0.896,0.895,shakespeare
3046,0,356,270,0,0,2,0,1,3.0,365,82,365,17,0,9,65,24,3,10,42,3.659,72.2,2.578,59.822,1.367,0.512,0.939,0.848,chesterton
3047,0,868,696,0,0,0,0,0,1.0,881,167,881,24,0,13,106,25,3,7,85,4.389,175.4,2.847,85.705,1.505,0.509,0.97,0.868,austen
3048,0,952,763,0,0,0,0,0,0.5,976,187,976,21,0,24,125,25,2,7,87,4.321,194.4,2.756,113.676,1.64,0.465,0.973,0.854,austen
3049,0,429,333,0,0,2,0,0,0.5,436,91,436,16,0,7,57,23,0,11,51,3.978,86.4,2.362,15.372,1.358,0.56,0.945,0.872,chesterton
3050,0,235,171,0,0,0,1,0,1.0,243,54,243,17,0,8,41,22,0,3,33,3.63,47.8,2.436,22.084,1.286,0.611,0.907,0.877,austen
3051,0,756,607,0,0,0,0,0,0.25,765,150,765,17,0,9,101,25,3,5,68,4.22,152.2,2.603,109.278,1.613,0.453,0.967,0.842,austen
3052,0,1046,850,0,0,0,0,0,0.25,1057,196,1057,25,0,11,119,26,1,3,88,4.52,210.6,2.858,173.62,1.581,0.449,0.974,0.848,austen
3053,0,160,121,0,0,0,0,0,1.0,171,38,171,8,0,11,26,24,0,2,28,3.684,33.4,2.417,34.804,1.152,0.737,0.868,0.916,shakespeare
3054,0,699,553,0,1,0,0,0,0.6666666666666666,705,145,705,22,0,6,101,24,1,4,69,4.007,140.2,2.537,79.084,1.559,0.476,0.966,0.851,austen
3055,0,352,271,0,0,0,0,1,1.0,361,81,361,11,0,9,66,24,0,5,47,3.593,71.4,2.453,47.716,1.328,0.58,0.938,0.876,austen
3056,0,514,404,0,0,0,0,0,4.0,523,109,523,16,0,9,68,25,1,4,46,3.936,103.8,2.454,11.819,1.58,0.422,0.954,0.816,chesterton
3057,0,236,185,0,0,0,0,0,0.25,241,52,241,7,0,5,35,21,0,1,28,3.808,47.4,2.36,20.206,1.368,0.538,0.904,0.843,austen
3058,0,271,206,0,0,2,1,0,3.0,277,60,277,17,0,6,39,23,0,6,29,3.917,54.6,2.689,44.185,1.364,0.483,0.917,0.822,austen
3059,0,977,766,0,0,0,0,1,0.25,988,201,988,34,0,11,135,25,1,11,96,4.045,196.8,2.526,202.133,1.608,0.478,0.975,0.861,austen
3060,0,492,368,0,0,0,0,0,2.0,516,121,516,24,0,24,92,24,0,6,56,3.438,102.4,2.164,88.492,1.532,0.463,0.959,0.839,shakespeare
3061,0,940,752,0,0,0,0,0,3.0,950,189,950,21,0,10,120,26,0,3,94,4.143,189.2,2.438,76.953,1.524,0.497,0.974,0.867,chesterton
3062,0,212,149,0,0,3,3,0,1.0,218,55,218,17,0,6,45,22,1,11,31,3.236,42.8,2.009,17.541,1.375,0.564,0.909,0.857,chesterton
3063,0,638,496,0,0,1,0,0,1.0,651,139,651,24,0,13,97,23,1,7,75,3.863,129.4,2.211,27.254,1.479,0.54,0.964,0.875,chesterton
3064,0,333,262,0,0,1,2,1,2.0,340,65,340,12,0,7,43,24,0,3,33,4.369,67.2,2.776,19.383,1.413,0.508,0.923,0.838,chesterton
3065,0,815,624,0,0,3,0,1,0.16666666666666666,828,179,828,40,0,13,122,25,2,13,74,3.816,164.8,2.489,104.631,1.689,0.413,0.972,0.83,austen
3066,0,150,103,0,0,2,1,1,2.0,156,40,156,14,0,6,30,20,0,8,23,3.225,30.4,1.86,14.046,1.29,0.575,0.875,0.85,chesterton
3067,0,1294,1036,0,0,0,0,0,0.16666666666666666,1306,259,1306,31,0,12,174,26,2,5,117,4.166,260.4,2.501,141.99,1.715,0.452,0.981,0.857,austen
3068,0,265,198,0,0,2,1,0,2.0,274,62,274,16,0,9,42,23,1,9,42,3.694,54.0,2.17,61.766,1.265,0.677,0.919,0.906,chesterton
3069,0,366,275,0,0,1,0,0,4.0,381,86,381,19,0,15,60,25,2,10,44,3.64,75.4,2.092,76.061,1.344,0.512,0.942,0.85,chesterton
3070,0,273,209,0,0,2,0,0,2.0,280,57,280,14,0,7,33,23,2,7,28,4.123,55.2,2.155,28.857,1.425,0.491,0.912,0.824,chesterton
3071,0,73,49,0,0,0,1,0,2.0,80,24,80,6,0,7,23,21,0,3,15,2.583,15.2,1.316,15.738,1.263,0.625,0.792,0.852,shakespeare
3072,0,927,738,0,0,0,0,0,8.0,932,190,932,12,0,5,133,26,0,4,85,3.974,185.6,2.142,108.813,1.667,0.447,0.974,0.847,chesterton
3073,0,735,582,0,0,0,0,1,0.3333333333333333,746,149,746,19,2,11,98,25,1,8,84,4.128,148.4,2.545,176.137,1.419,0.564,0.966,0.885,austen
3074,0,226,170,0,0,1,1,1,2.0,231,51,231,12,0,5,37,23,2,6,35,3.725,45.4,2.246,31.596,1.214,0.686,0.902,0.904,chesterton
3075,0,206,144,0,0,3,1,0,1.0,213,56,213,18,0,7,48,24,2,13,25,3.161,41.8,1.714,18.267,1.4,0.446,0.911,0.8,chesterton
3076,0,650,509,0,0,0,0,0,7.0,663,142,663,18,0,13,106,24,0,2,60,3.803,131.8,2.624,111.064,1.69,0.423,0.965,0.826,austen
3077,0,529,405,0,2,1,0,0,1.0,542,119,542,20,0,13,88,24,1,10,63,3.697,107.6,2.309,49.45,1.417,0.529,0.958,0.867,austen
3078,0,352,259,0,0,3,0,0,1.0,363,88,363,20,0,11,63,24,2,13,39,3.386,71.8,1.997,39.182,1.467,0.443,0.943,0.818,chesterton
3079,0,430,335,0,0,1,0,0,0.6666666666666666,435,91,435,13,0,5,62,24,1,5,63,3.912,86.2,2.138,34.31,1.247,0.692,0.945,0.918,chesterton
3080,0,124,89,0,0,0,2,0,1.0,134,34,134,8,0,10,25,22,0,3,23,3.147,26.0,2.062,20.652,1.259,0.676,0.853,0.889,shakespeare
3081,0,255,167,0,0,3,2,0,4.0,264,79,264,28,0,9,68,24,3,15,19,2.671,52.0,1.92,25.15,2.135,0.241,0.937,0.674,chesterton
3082,0,303,228,0,0,0,0,0,1.0,327,74,327,13,0,24,54,22,1,7,38,3.581,64.6,2.329,83.311,1.396,0.514,0.932,0.845,shakespeare
3083,0,712,564,0,0,0,0,0,1.0,719,149,719,15,0,7,100,24,1,4,64,3.933,143.0,2.479,78.765,1.674,0.43,0.966,0.831,chesterton
3084,0,359,279,0,0,0,0,2,0.5,365,75,365,17,0,6,52,24,0,6,48,4.04,72.2,2.778,39.758,1.271,0.64,0.933,0.897,austen
3085,0,951,745,0,0,0,0,0,3.0,960,202,960,28,0,9,141,25,0,3,81,3.871,191.2,2.397,81.546,1.726,0.401,0.975,0.828,chesterton
3086,0,421,325,0,0,0,0,0,1.0,434,93,434,17,0,13,68,25,0,12,50,3.839,86.0,2.791,40.725,1.388,0.538,0.946,0.863,austen
3087,0,139,106,0,0,0,1,0,1.0,147,33,147,8,0,8,24,23,1,3,23,3.697,28.6,2.43,15.076,1.138,0.697,0.848,0.897,shakespeare
3088,0,226,168,0,0,1,1,0,1.0,234,55,234,12,0,8,39,24,1,12,31,3.491,46.0,2.356,21.875,1.341,0.564,0.909,0.857,chesterton
3089,0,429,306,0,0,4,1,0,1.0,442,112,442,40,0,13,90,25,8,26,35,3.295,87.6,2.396,37.567,1.898,0.312,0.955,0.753,chesterton
3090,0,862,671,0,0,0,0,0,0.2,879,190,879,25,0,17,137,25,1,10,88,3.758,175.0,2.297,118.049,1.583,0.463,0.974,0.853,austen
3091,0,278,208,0,0,0,1,0,1.0,299,66,299,15,0,21,43,22,1,7,44,3.697,59.0,2.198,65.879,1.269,0.667,0.924,0.903,shakespeare
3092,0,431,341,0,0,0,0,0,1.0,444,91,444,14,0,13,57,25,4,7,36,4.044,88.0,2.385,79.297,1.655,0.396,0.945,0.794,chesterton
3093,0,939,736,0,0,1,0,0,4.0,952,195,952,34,0,13,127,23,2,11,88,4.036,189.6,2.508,116.001,1.573,0.451,0.974,0.849,austen
3094,0,587,469,0,0,0,0,0,4.0,597,119,597,9,0,10,76,25,1,1,62,4.101,118.6,2.29,86.748,1.469,0.521,0.958,0.864,chesterton
3095,0,520,401,0,0,1,0,0,1.0,533,115,533,18,0,13,80,25,0,14,56,3.791,105.8,2.296,56.566,1.494,0.487,0.957,0.848,austen
3096,0,523,397,0,0,0,1,0,1.0,549,124,549,22,0,26,85,23,0,10,62,3.589,109.0,2.168,94.976,1.393,0.5,0.96,0.856,shakespeare
3097,0,49,37,0,0,0,0,0,1.0,57,13,57,5,0,8,7,16,0,0,6,3.846,10.6,2.577,4.879,1.625,0.462,0.615,0.699,shakespeare
3098,0,58,42,0,0,0,1,0,1.0,66,16,66,4,0,8,13,19,0,2,13,3.375,12.4,2.391,8.081,1.143,0.812,0.688,0.925,shakespeare
3099,0,626,476,0,0,0,0,1,1.0,646,145,646,23,0,20,108,25,1,19,59,3.579,128.4,2.482,80.064,1.629,0.407,0.966,0.819,austen
3100,0,477,376,0,0,0,0,0,3.0,483,102,483,11,0,6,73,25,0,1,49,3.853,95.8,2.262,35.885,1.437,0.48,0.951,0.841,chesterton
3101,0,899,726,0,0,0,0,0,0.3333333333333333,907,174,907,19,0,8,112,25,1,3,83,4.328,180.6,2.855,87.306,1.611,0.477,0.971,0.857,austen
3102,0,327,255,0,0,1,1,0,1.0,334,69,334,11,0,7,44,24,0,3,44,3.986,66.0,2.246,32.086,1.327,0.638,0.928,0.894,chesterton
3103,0,108,71,0,0,3,0,0,1.0,113,35,113,13,0,5,30,22,0,9,19,2.714,21.8,1.545,7.085,1.458,0.543,0.857,0.828,austen
3104,0,429,333,0,0,0,1,0,1.0,452,92,452,17,0,23,57,24,0,8,49,4.054,89.6,2.535,93.23,1.373,0.533,0.946,0.861,shakespeare
3105,0,318,232,0,0,4,0,0,2.0,325,73,325,27,0,7,50,25,2,15,34,3.753,64.2,2.51,36.321,1.521,0.466,0.932,0.822,chesterton
3106,0,139,104,0,0,0,1,0,1.0,149,35,149,7,0,10,27,21,0,2,20,3.457,29.0,1.915,28.134,1.25,0.571,0.857,0.843,shakespeare
3107,0,1380,1035,0,0,2,0,2,4.5,1402,309,1402,78,0,22,221,26,1,30,103,3.689,279.6,2.389,350.769,1.968,0.333,0.984,0.808,austen
3108,0,128,97,0,0,0,2,1,0.5,137,28,137,6,0,9,18,23,0,2,24,4.0,26.6,2.244,15.71,1.077,0.857,0.821,0.954,austen
3109,0,507,387,0,0,0,0,0,1.0,533,121,533,19,0,26,87,23,1,16,57,3.57,105.8,2.254,72.775,1.512,0.471,0.959,0.843,shakespeare
3110,0,1006,769,1,0,0,0,0,3.0,1048,233,1048,40,0,42,162,24,3,22,106,3.652,208.8,2.184,292.64,1.553,0.455,0.979,0.856,shakespeare
3111,0,395,311,0,0,0,0,0,0.16666666666666666,402,84,402,11,0,7,59,26,1,5,42,3.929,79.6,2.216,20.876,1.448,0.5,0.94,0.844,austen
3112,0,564,417,0,0,3,0,0,3.0,577,134,577,29,0,13,97,24,2,18,64,3.478,114.6,2.182,71.654,1.595,0.478,0.963,0.849,chesterton
3113,0,52,36,0,0,0,1,0,1.0,57,16,57,4,0,5,16,19,0,1,11,2.812,10.6,1.167,10.479,1.231,0.688,0.688,0.865,shakespeare
3114,0,843,651,0,0,0,0,0,1.0,903,185,903,53,6,60,114,27,0,5,87,4.162,179.8,3.057,217.646,1.713,0.47,0.973,0.855,chesterton
3115,0,375,285,0,0,2,1,2,3.0,379,83,379,16,0,4,55,23,0,6,49,3.723,75.0,1.953,93.779,1.258,0.59,0.94,0.881,chesterton
3116,0,267,193,0,0,3,1,1,1.0,274,67,274,19,0,7,50,24,2,15,38,3.373,54.0,2.321,37.303,1.314,0.567,0.925,0.865,chesterton
3117,0,357,273,0,0,2,1,0,2.0,367,82,367,18,0,10,58,23,3,14,45,3.732,72.6,2.597,37.206,1.39,0.549,0.939,0.864,austen
3118,0,387,242,0,0,0,0,0,1.0,394,100,394,35,32,7,78,25,0,21,47,3.16,78.0,2.497,29.707,1.538,0.47,0.95,0.836,chesterton
3119,0,337,262,0,0,0,2,2,1.0,347,67,347,12,0,10,43,24,0,4,42,4.254,68.6,2.648,65.63,1.218,0.627,0.925,0.889,austen
3120,0,286,211,0,0,4,0,1,1.0,298,70,298,18,0,12,52,25,0,13,39,3.557,58.8,2.453,47.725,1.429,0.557,0.929,0.862,austen
3121,0,381,289,0,0,1,0,0,4.0,386,89,386,16,0,5,63,25,2,7,59,3.517,76.4,2.084,34.573,1.271,0.663,0.944,0.908,chesterton
3122,0,555,423,0,0,0,0,1,2.0,566,126,566,24,0,11,92,24,0,12,66,3.651,112.4,2.378,98.726,1.465,0.524,0.96,0.866,austen
3123,0,408,296,0,0,2,0,0,0.3333333333333333,420,98,420,27,0,12,78,25,0,16,33,3.469,83.2,2.36,55.373,1.607,0.337,0.949,0.763,austen
3124,0,546,439,0,0,0,0,0,3.0,557,107,557,9,0,11,70,24,1,3,58,4.29,110.6,2.492,22.278,1.372,0.542,0.953,0.869,chesterton
3125,0,369,274,0,0,0,0,0,7.0,385,94,385,17,0,16,75,22,0,4,33,3.266,76.2,2.049,88.534,1.679,0.351,0.947,0.77,shakespeare
3126,0,690,559,0,0,1,1,0,1.0,699,128,699,15,0,9,78,25,1,5,67,4.578,139.0,2.791,121.363,1.438,0.523,0.961,0.867,chesterton
3127,0,25,16,0,0,0,1,0,2.0,30,9,30,4,0,5,8,10,0,0,4,2.778,5.2,2.333,2.95,1.5,0.444,0.444,0.631,shakespeare
3128,0,816,609,0,0,1,0,0,0.5,836,185,836,48,0,20,138,24,0,18,77,3.681,166.4,2.396,186.213,1.745,0.416,0.973,0.832,austen
3129,0,988,767,1,0,0,0,1,0.6666666666666666,1004,203,1004,38,0,16,138,26,1,13,84,4.044,200.0,2.387,186.138,1.706,0.414,0.975,0.834,austen
3130,0,269,203,0,0,1,0,0,4.0,276,62,276,12,0,7,45,25,0,4,43,3.629,54.4,2.106,24.846,1.216,0.694,0.919,0.911,chesterton
3131,0,239,170,0,0,3,0,0,2.0,246,61,246,20,0,7,49,23,0,9,34,3.328,48.4,2.047,22.733,1.356,0.557,0.918,0.858,chesterton
3132,0,816,645,0,0,2,0,0,0.3333333333333333,837,167,837,28,0,21,108,25,0,8,84,4.18,166.6,2.687,106.81,1.575,0.503,0.97,0.866,austen
3133,0,560,435,0,0,3,0,0,0.5,587,119,587,24,0,27,75,24,0,8,52,4.134,116.6,2.544,106.345,1.587,0.437,0.958,0.827,austen
3134,0,748,573,0,0,1,0,0,3.0,761,170,761,28,0,13,123,25,1,13,74,3.635,151.4,2.34,102.288,1.65,0.435,0.971,0.838,austen
3135,0,238,175,0,0,2,0,0,1.0,245,58,245,15,0,7,43,23,1,10,36,3.5,48.2,2.08,19.69,1.261,0.621,0.914,0.883,chesterton
3136,0,391,301,0,0,2,0,1,5.0,399,85,399,18,0,8,54,23,3,9,53,3.894,79.0,2.345,37.683,1.288,0.624,0.941,0.894,chesterton
3137,0,268,207,0,0,0,0,1,1.0,275,60,275,10,0,7,41,24,0,6,36,3.75,54.2,2.419,28.084,1.304,0.6,0.917,0.875,austen
3138,0,164,121,0,0,0,1,0,1.0,177,42,177,8,0,13,29,22,0,3,28,3.381,34.6,1.999,36.821,1.235,0.667,0.881,0.892,shakespeare
3139,0,393,308,0,0,0,0,1,0.75,401,84,401,16,0,8,53,22,0,3,44,3.952,79.4,2.592,60.851,1.424,0.524,0.94,0.854,austen
3140,0,206,161,0,0,2,1,0,3.0,211,39,211,11,0,5,25,23,0,5,23,4.641,41.4,3.281,28.553,1.219,0.59,0.872,0.856,chesterton
3141,0,212,159,0,0,0,2,0,0.5,222,50,222,10,0,10,37,22,0,2,32,3.58,43.6,2.269,56.91,1.25,0.64,0.9,0.886,shakespeare
3142,0,302,219,0,0,1,1,0,1.0,312,74,312,23,0,10,59,23,1,10,44,3.432,61.6,1.931,29.871,1.298,0.595,0.932,0.879,austen
3143,0,58,41,0,0,0,0,0,1.0,61,16,61,4,2,3,11,17,0,2,8,3.125,11.4,2.63,9.711,1.333,0.5,0.688,0.75,shakespeare
3144,0,805,635,0,0,0,0,0,0.125,813,161,813,25,0,8,106,24,1,6,73,4.149,161.8,2.511,115.353,1.66,0.453,0.969,0.844,austen
3145,2,499,395,0,0,0,0,0,0.25,519,100,519,16,0,20,67,24,2,8,55,4.31,103.0,2.725,105.349,1.389,0.55,0.95,0.87,austen
3146,0,187,137,0,0,1,0,0,2.0,193,47,193,14,0,6,33,24,2,8,33,3.426,37.8,2.114,26.357,1.205,0.702,0.894,0.908,chesterton
3147,0,692,544,0,0,0,0,0,1.0,706,147,706,16,0,14,100,24,1,3,74,3.905,140.4,2.255,55.779,1.531,0.503,0.966,0.862,chesterton
3148,0,228,167,0,1,1,0,0,2.0,240,58,240,14,0,12,43,24,0,9,31,3.397,47.2,2.369,23.21,1.381,0.534,0.914,0.846,chesterton
3149,0,219,167,0,0,0,0,0,1.0,235,52,235,7,0,16,35,23,1,2,35,3.654,46.2,1.898,37.212,1.238,0.673,0.904,0.9,shakespeare
3150,0,422,328,0,0,0,1,0,0.5,431,92,431,13,0,9,66,23,0,8,53,3.804,85.4,2.731,44.708,1.353,0.576,0.946,0.878,chesterton
3151,0,417,298,0,0,4,1,0,2.0,434,108,434,29,0,17,80,24,2,19,54,3.278,86.0,1.99,60.963,1.521,0.5,0.954,0.852,chesterton
3152,0,985,785,0,0,0,0,0,1.0,992,199,992,18,0,7,130,26,0,3,99,4.07,197.6,2.55,122.614,1.567,0.497,0.975,0.868,chesterton
3153,0,557,434,0,0,1,0,0,0.75,567,119,567,25,0,10,83,24,0,5,65,3.958,112.6,2.42,55.374,1.488,0.546,0.958,0.873,austen
3154,0,323,236,0,0,4,1,0,4.0,331,77,331,20,0,8,59,25,0,11,42,3.532,65.4,2.162,45.413,1.328,0.545,0.935,0.86,austen
3155,0,395,292,1,0,0,0,0,1.0,420,98,420,18,0,25,72,24,1,9,57,3.418,83.2,2.09,90.314,1.307,0.582,0.949,0.882,shakespeare
3156,0,1022,802,0,0,0,0,0,0.1,1036,207,1036,31,0,14,145,26,0,8,93,4.092,206.4,2.513,153.824,1.669,0.449,0.976,0.85,austen
3157,0,336,251,0,0,2,0,0,4.0,344,77,344,24,0,8,53,24,3,16,40,3.74,68.0,2.546,48.872,1.351,0.519,0.935,0.849,chesterton
3158,0,589,441,0,0,2,1,0,4.0,603,135,603,26,0,14,97,25,1,14,67,3.6,119.8,2.063,51.906,1.452,0.496,0.963,0.857,chesterton
3159,0,401,306,0,0,0,0,0,1.0,411,93,411,14,0,10,70,26,0,9,50,3.548,81.4,2.491,32.129,1.453,0.538,0.946,0.863,chesterton
3160,0,152,112,0,0,0,0,0,1.0,163,39,163,13,0,11,27,24,0,1,26,3.487,31.8,2.604,34.025,1.345,0.667,0.872,0.889,shakespeare
3161,0,362,252,0,5,1,1,0,1.0,380,99,380,32,0,18,77,23,2,14,47,3.091,75.2,1.896,60.106,1.523,0.475,0.949,0.838,chesterton
3162,0,747,598,0,0,0,0,0,2.0,754,150,754,15,0,7,92,25,0,2,81,4.133,150.0,2.429,49.835,1.5,0.54,0.967,0.877,chesterton
3163,0,961,760,0,0,1,0,0,1.0,972,196,972,29,0,11,127,25,0,8,82,4.092,193.6,2.53,67.489,1.647,0.418,0.974,0.835,austen
3164,0,330,245,0,0,0,1,1,0.5,340,72,340,20,0,10,50,23,1,12,44,3.847,67.2,2.256,44.488,1.309,0.611,0.931,0.885,austen
3165,0,292,220,0,0,3,2,0,1.0,300,63,300,14,0,8,46,24,0,9,41,3.937,59.2,2.395,42.781,1.212,0.651,0.921,0.896,chesterton
3166,0,314,247,0,0,0,0,0,2.0,321,67,321,11,0,7,48,24,0,9,41,3.985,63.4,2.946,12.973,1.34,0.612,0.925,0.883,austen
3167,0,655,523,0,0,0,0,0,1.0,665,129,665,17,0,10,81,25,0,3,66,4.264,132.2,2.615,127.993,1.449,0.512,0.961,0.862,austen
3168,0,285,210,0,0,2,2,1,1.0,293,70,293,14,0,8,54,25,0,8,31,3.371,57.8,2.317,48.582,1.458,0.443,0.929,0.808,austen
3169,0,561,444,0,0,1,0,0,3.0,567,116,567,14,0,6,74,24,0,5,53,4.017,112.6,2.641,26.726,1.487,0.457,0.957,0.835,chesterton
3170,0,512,397,0,0,2,1,1,1.0,519,112,519,20,0,7,76,23,0,9,62,3.821,103.0,2.279,81.508,1.4,0.554,0.955,0.875,austen
3171,0,305,219,0,0,2,1,0,1.0,314,73,314,25,0,9,56,24,0,10,40,3.534,62.0,2.304,63.182,1.304,0.548,0.932,0.86,austen
3172,0,522,390,0,0,2,1,0,0.3333333333333333,532,127,532,27,0,10,101,23,1,12,53,3.409,105.6,2.052,109.281,1.608,0.417,0.961,0.82,austen
3173,0,359,265,0,0,6,0,0,2.0,368,84,368,24,0,9,54,23,0,15,41,3.69,72.8,2.276,34.521,1.5,0.488,0.94,0.838,chesterton
3174,4,212,147,0,0,2,0,0,2.0,241,62,241,14,0,29,49,22,0,20,27,3.145,47.4,1.974,57.496,1.59,0.435,0.919,0.799,chesterton
3175,0,278,207,0,0,0,1,0,1.0,294,67,294,12,0,16,52,22,0,2,40,3.507,58.0,1.829,70.877,1.288,0.597,0.925,0.877,shakespeare
3176,0,464,367,0,0,0,2,0,2.0,475,93,475,9,0,11,63,23,1,4,57,4.161,94.2,2.323,66.115,1.274,0.613,0.946,0.892,chesterton
3177,0,390,293,0,0,1,1,1,0.5,401,92,401,18,0,11,68,25,0,8,47,3.533,79.4,2.156,79.802,1.353,0.511,0.946,0.851,austen
3178,0,477,368,0,0,0,0,0,1.0,490,109,490,18,0,13,80,25,2,7,51,3.661,97.2,2.135,45.877,1.514,0.468,0.954,0.838,chesterton
3179,0,95,70,0,0,0,1,0,1.0,102,24,102,5,0,7,19,21,0,2,19,3.417,19.6,2.448,16.025,1.143,0.792,0.792,0.926,shakespeare
3180,0,96,75,0,0,0,0,0,1.0,105,22,105,6,0,9,11,18,0,0,12,4.091,20.2,2.505,16.177,1.375,0.545,0.773,0.804,shakespeare
3181,0,454,352,0,1,2,1,0,3.0,463,95,463,17,0,9,68,23,0,5,57,4.021,91.8,2.547,69.93,1.25,0.6,0.947,0.888,chesterton
3182,0,298,228,0,0,0,0,1,1.0,303,68,303,12,0,5,45,21,1,5,45,3.618,59.8,2.273,52.433,1.259,0.662,0.926,0.902,austen
3183,0,727,577,0,0,0,0,0,3.0,735,150,735,18,0,8,105,25,0,2,60,4.02,146.2,2.711,73.483,1.744,0.4,0.967,0.817,chesterton
3184,0,232,166,0,0,2,0,2,1.0,240,55,240,22,0,8,39,23,1,8,29,3.673,47.2,2.245,33.086,1.341,0.527,0.909,0.84,chesterton
3185,0,649,511,0,0,0,0,0,2.0,662,138,662,16,0,13,100,26,0,2,64,3.913,131.6,2.544,42.724,1.605,0.464,0.964,0.844,chesterton
3186,0,409,317,0,0,1,0,1,2.0,416,88,416,14,0,7,62,23,1,7,52,3.886,82.4,2.251,51.169,1.333,0.591,0.943,0.882,chesterton
3187,0,90,63,0,0,0,1,0,1.0,98,26,98,7,0,8,20,20,0,2,18,3.0,18.8,2.02,13.791,1.13,0.692,0.808,0.887,shakespeare
3188,0,335,245,0,0,2,1,0,1.0,347,85,347,17,0,12,66,24,0,8,31,3.271,68.6,1.577,46.452,1.667,0.365,0.941,0.773,austen
3189,0,319,248,0,0,0,0,0,4.0,327,72,327,7,0,8,50,23,0,4,20,3.653,64.6,2.246,33.982,1.714,0.278,0.931,0.7,chesterton
3190,0,227,162,0,0,2,1,0,1.0,231,58,231,15,0,4,48,23,0,8,20,3.224,45.4,1.992,24.704,1.487,0.345,0.914,0.738,chesterton
3191,0,670,533,0,0,0,0,0,5.0,678,137,678,18,0,8,91,25,1,5,70,4.08,134.8,2.561,62.604,1.505,0.511,0.964,0.864,chesterton
3192,0,310,231,0,0,0,0,0,1.0,331,77,331,15,0,21,57,22,0,11,44,3.468,65.4,2.15,72.386,1.351,0.571,0.935,0.871,shakespeare
3193,0,526,394,0,0,3,0,0,2.0,534,120,534,27,0,8,88,24,0,15,63,3.642,106.0,2.016,79.621,1.429,0.525,0.958,0.865,austen
3194,0,880,697,0,0,0,1,0,1.0,889,183,889,24,0,9,123,24,0,2,80,3.995,177.0,2.451,201.349,1.694,0.437,0.973,0.841,austen
3195,0,458,352,0,0,1,0,0,1.0,464,103,464,15,0,6,75,24,3,10,60,3.65,92.0,2.222,48.026,1.321,0.583,0.951,0.883,chesterton
3196,0,255,197,0,0,1,0,0,0.5,266,56,266,12,0,11,36,24,0,4,35,3.982,52.4,2.393,25.803,1.302,0.625,0.911,0.883,austen
3197,0,254,185,0,0,1,0,2,2.0,260,65,260,14,0,6,48,23,0,8,31,3.2,51.2,1.93,52.06,1.413,0.477,0.923,0.823,austen
3198,0,46,34,0,0,0,0,0,1.0,52,13,52,3,0,6,9,18,0,1,8,3.308,9.6,2.136,8.204,1.3,0.615,0.615,0.811,shakespeare
3199,0,76,51,0,1,0,0,1,1.0,79,21,79,8,0,3,15,20,0,3,17,3.048,15.0,2.291,21.012,1.167,0.81,0.762,0.931,austen
3200,0,241,170,0,0,2,1,0,2.0,250,65,250,16,0,9,52,22,1,11,26,3.077,49.2,2.018,21.557,1.512,0.4,0.923,0.78,chesterton
3201,0,126,90,0,0,0,4,0,1.0,133,33,133,8,0,7,26,19,0,3,17,3.182,25.8,2.038,15.123,1.375,0.515,0.848,0.81,shakespeare
3202,0,113,70,0,0,1,2,1,2.0,121,35,121,14,0,8,30,19,0,9,19,2.714,23.4,1.775,10.597,1.296,0.543,0.857,0.828,austen
3203,0,596,465,0,0,2,0,0,1.0,606,125,606,21,0,10,79,24,0,6,61,4.0,120.4,2.379,39.285,1.453,0.488,0.96,0.851,chesterton
3204,0,796,622,0,0,0,0,0,11.0,806,169,806,21,0,10,116,24,1,2,68,3.864,160.4,2.519,51.086,1.779,0.402,0.97,0.823,chesterton
3205,0,314,231,0,0,2,0,2,2.0,322,78,322,17,0,8,62,24,2,11,34,3.359,63.6,2.07,21.79,1.472,0.436,0.936,0.809,chesterton
3206,0,293,205,0,0,4,1,0,1.0,302,78,302,27,0,9,62,24,1,15,34,3.192,59.6,2.308,42.276,1.5,0.436,0.936,0.809,austen
3207,0,665,512,0,0,1,0,0,4.0,675,151,675,20,0,10,112,25,0,10,72,3.616,134.2,2.363,38.829,1.573,0.477,0.967,0.852,chesterton
3208,0,641,503,0,0,1,0,0,2.0,651,130,651,20,0,10,87,25,1,10,63,4.115,129.4,2.617,80.875,1.461,0.485,0.962,0.851,chesterton
3209,0,364,264,0,0,4,1,0,1.0,371,85,371,29,0,7,62,24,0,15,36,3.635,73.4,2.572,44.562,1.635,0.424,0.941,0.807,chesterton
3210,0,49,35,0,0,0,0,0,1.0,54,15,54,3,0,5,14,20,0,1,10,2.867,10.0,1.356,8.426,1.25,0.667,0.667,0.85,shakespeare
3211,2,586,465,0,0,0,0,0,0.3333333333333333,606,119,606,17,0,20,73,26,0,6,63,4.218,120.4,2.405,102.882,1.368,0.529,0.958,0.867,austen
3212,0,243,172,0,0,3,1,0,5.0,248,63,248,19,0,5,52,22,0,9,35,3.206,48.8,1.806,25.43,1.4,0.556,0.921,0.858,chesterton
3213,0,473,346,0,0,3,0,0,3.0,487,117,487,29,0,14,91,24,0,18,48,3.385,96.6,2.193,54.095,1.5,0.41,0.957,0.813,austen
3214,0,469,351,0,0,1,0,0,1.0,480,107,480,32,0,11,76,25,1,12,55,3.72,95.2,2.453,77.128,1.466,0.514,0.953,0.858,austen
3215,0,327,234,0,0,3,2,1,1.0,340,80,340,27,0,13,62,26,0,15,45,3.513,67.2,2.434,74.563,1.404,0.562,0.938,0.869,austen
3216,0,365,269,0,0,2,1,1,5.0,379,86,379,26,0,14,65,24,1,13,51,3.651,75.0,2.524,58.579,1.303,0.593,0.942,0.883,austen
3217,0,493,377,0,0,1,1,0,0.4444444444444444,501,115,501,20,0,8,82,24,0,3,54,3.539,99.4,1.902,143.883,1.575,0.47,0.957,0.841,austen
3218,0,236,170,0,0,3,2,0,0.5,242,60,242,19,0,6,49,22,4,13,28,3.35,47.6,2.154,20.157,1.463,0.467,0.917,0.814,chesterton
3219,0,41,29,0,0,0,1,0,1.0,47,12,47,4,0,6,9,18,2,2,10,3.25,8.6,1.865,6.269,1.091,0.833,0.583,0.927,shakespeare
3220,0,386,291,0,2,0,2,0,3.0,395,89,395,18,0,9,65,23,0,8,47,3.584,78.2,2.178,39.417,1.328,0.528,0.944,0.858,austen
3221,0,224,162,0,0,2,1,0,2.0,230,50,230,18,0,6,33,23,0,9,30,3.84,45.2,2.307,32.737,1.282,0.6,0.9,0.869,chesterton
3222,0,421,320,0,0,0,1,0,3.0,432,99,432,12,0,11,82,24,1,11,60,3.475,85.6,2.002,29.535,1.338,0.606,0.949,0.891,chesterton
3223,0,2042,1590,2,1,0,0,1,2.5,2067,426,2067,83,0,25,294,25,2,14,131,3.986,412.6,2.562,292.118,2.109,0.308,0.988,0.805,austen
3224,0,341,251,0,0,0,0,0,1.0,365,87,365,18,0,24,68,23,0,7,46,3.368,72.2,2.086,93.419,1.426,0.529,0.943,0.857,shakespeare
3225,0,275,192,0,0,2,1,0,1.0,296,74,296,22,0,21,61,25,0,17,33,3.23,58.4,2.058,46.382,1.48,0.446,0.932,0.812,austen
3226,0,1286,1027,0,1,0,0,0,2.0,1304,258,1304,28,0,18,170,25,2,6,113,4.159,260.0,2.455,95.548,1.697,0.438,0.981,0.851,austen
3227,0,854,671,0,0,0,0,0,0.125,867,174,867,28,0,13,118,26,0,6,70,4.092,172.6,2.405,133.35,1.74,0.402,0.971,0.824,austen
3228,0,369,275,0,0,2,1,1,1.0,377,83,377,20,0,8,59,23,1,11,44,3.711,74.6,2.361,69.988,1.317,0.53,0.94,0.856,chesterton
3229,0,1046,814,0,2,0,1,0,1.0,1062,230,1062,32,0,16,158,24,1,11,101,3.748,211.6,2.463,184.123,1.691,0.439,0.978,0.849,austen
3230,0,310,237,0,0,1,0,0,1.0,322,73,322,13,0,12,56,24,0,8,43,3.616,63.6,2.209,10.502,1.281,0.589,0.932,0.877,austen
3231,0,527,411,0,1,0,0,0,2.0,533,111,533,20,0,6,72,23,1,4,59,3.937,105.8,2.344,77.95,1.48,0.532,0.955,0.866,chesterton
3232,0,482,361,0,0,0,1,0,1.0,497,120,497,19,0,15,93,24,0,7,53,3.292,98.6,1.858,128.968,1.667,0.442,0.958,0.829,shakespeare
3233,0,226,165,0,0,0,1,1,2.0,232,60,232,14,0,6,48,22,5,8,42,3.1,45.6,1.838,19.655,1.224,0.7,0.917,0.913,chesterton
3234,0,1401,1089,0,0,3,0,0,0.4444444444444444,1422,292,1422,55,0,21,197,27,4,20,101,4.01,283.6,2.468,104.266,1.921,0.346,0.983,0.813,austen
3235,0,682,545,0,0,0,0,0,0.3333333333333333,697,137,697,14,0,15,92,25,1,4,69,4.19,138.6,2.597,120.509,1.505,0.504,0.964,0.861,austen
3236,0,491,383,0,0,0,0,0,3.0,497,108,497,12,0,6,75,23,0,3,44,3.713,98.6,2.196,55.5,1.636,0.407,0.954,0.808,chesterton
3237,0,405,301,0,0,4,0,0,0.5,416,95,416,28,0,11,69,24,0,17,39,3.674,82.4,2.549,44.461,1.557,0.411,0.947,0.804,austen
3238,0,515,374,0,0,2,1,1,1.0,534,130,534,30,0,19,99,26,1,21,49,3.285,106.0,2.062,103.262,1.711,0.377,0.962,0.8,austen
3239,0,572,456,0,0,0,2,0,2.0,581,115,581,9,0,9,74,24,0,2,55,4.122,115.4,2.534,53.766,1.494,0.478,0.957,0.845,chesterton
3240,0,555,439,0,0,1,0,0,1.0,564,113,564,14,0,9,74,25,0,6,60,4.124,112.0,2.454,59.384,1.507,0.531,0.956,0.866,chesterton
3241,0,321,237,0,0,3,0,1,2.0,330,76,330,22,0,9,58,23,4,13,48,3.618,65.2,2.444,23.763,1.288,0.632,0.934,0.894,chesterton
3242,0,781,613,0,0,0,0,0,2.0,793,164,793,19,0,12,108,25,0,3,84,3.927,157.8,2.231,98.804,1.505,0.512,0.97,0.869,chesterton
3243,0,548,406,0,0,0,0,1,1.0,575,135,575,24,0,27,101,22,0,13,58,3.385,114.2,2.055,106.8,1.627,0.43,0.963,0.828,shakespeare
3244,0,243,185,0,0,0,0,0,1.0,258,58,258,12,0,15,40,22,1,3,38,3.655,50.8,2.344,50.549,1.234,0.655,0.914,0.896,shakespeare
3245,0,312,241,0,0,0,0,2,0.25,319,68,319,12,0,7,48,23,0,3,34,3.838,63.0,2.366,15.232,1.333,0.5,0.926,0.836,austen
3246,0,365,252,0,0,0,2,4,1.0,378,93,378,37,0,13,68,24,1,19,51,3.258,74.8,1.978,69.222,1.348,0.548,0.946,0.867,austen
3247,0,612,481,0,0,1,0,0,0.5,623,125,623,23,0,11,86,25,0,6,62,4.144,123.8,2.648,183.055,1.437,0.496,0.96,0.855,austen
3248,0,157,111,0,0,2,1,0,1.0,164,42,164,14,0,7,33,21,0,6,26,3.262,32.0,1.795,22.45,1.273,0.619,0.881,0.872,chesterton
3249,0,391,309,0,0,0,1,0,0.25,400,81,400,11,0,9,56,23,0,3,47,4.062,79.2,2.676,29.778,1.286,0.58,0.938,0.876,austen
3250,0,472,363,0,0,2,0,0,3.0,476,104,476,21,0,4,72,25,0,5,57,3.779,94.4,2.465,73.241,1.444,0.548,0.952,0.871,austen
3251,0,957,776,0,0,0,0,0,1.0,970,176,970,22,0,13,104,26,0,4,88,4.614,193.2,2.999,100.253,1.558,0.5,0.972,0.866,chesterton
3252,0,540,416,0,0,2,0,0,4.0,553,115,553,25,0,13,78,24,1,12,62,3.983,109.8,2.548,75.463,1.386,0.539,0.957,0.87,austen
3253,0,680,530,0,0,0,0,0,1.0,691,147,691,22,0,11,111,25,0,12,54,3.837,137.4,2.643,163.651,1.75,0.367,0.966,0.799,austen
3254,0,462,362,0,0,1,0,0,2.0,471,98,471,12,0,9,67,23,1,6,62,3.929,93.4,2.131,32.777,1.307,0.633,0.949,0.9,chesterton
3255,0,121,86,0,0,0,1,0,1.0,131,33,131,10,0,10,28,20,0,3,20,3.212,25.4,2.736,24.552,1.32,0.606,0.848,0.857,shakespeare
3256,0,529,417,0,0,0,0,0,0.5,544,113,544,17,0,15,75,25,2,4,55,3.973,108.0,2.414,70.328,1.569,0.487,0.956,0.848,austen
3257,0,406,312,0,0,3,0,0,2.0,412,87,412,18,0,6,61,25,0,6,47,3.931,81.6,2.5,22.501,1.45,0.54,0.943,0.862,chesterton
3258,0,247,190,0,0,0,0,0,1.0,252,58,252,10,0,5,44,24,1,4,34,3.552,49.6,2.341,19.655,1.318,0.586,0.914,0.868,austen
3259,0,624,484,0,0,0,0,0,2.0,636,140,636,18,0,12,101,25,1,7,77,3.679,126.4,2.286,61.403,1.429,0.55,0.964,0.879,austen
3260,0,243,182,2,0,0,1,0,0.5,253,59,253,11,0,10,43,22,1,6,36,3.441,49.8,2.16,64.337,1.255,0.61,0.915,0.879,shakespeare
3261,0,352,269,0,0,0,1,0,1.0,361,79,361,15,0,9,56,23,3,7,55,3.722,71.4,2.16,43.108,1.234,0.696,0.937,0.917,chesterton
3262,0,826,646,0,0,1,0,0,2.0,835,178,835,20,0,9,118,23,1,10,92,3.803,166.2,2.21,86.065,1.604,0.517,0.972,0.873,chesterton
3263,0,196,143,0,0,0,0,0,1.0,214,51,214,13,0,18,37,23,0,6,31,3.412,42.0,2.137,27.386,1.378,0.608,0.902,0.873,shakespeare
3264,0,424,324,0,0,2,0,1,2.0,433,96,433,13,0,9,68,23,0,5,53,3.646,85.8,1.963,58.036,1.412,0.552,0.948,0.87,chesterton
3265,0,535,396,0,0,1,0,0,1.0,544,132,544,27,0,9,102,24,1,15,69,3.303,108.0,2.06,87.718,1.5,0.523,0.962,0.867,austen
3266,0,909,682,1,1,0,0,1,0.125,921,209,921,48,0,12,161,25,0,14,79,3.555,183.4,2.114,257.656,1.742,0.378,0.976,0.818,austen
3267,0,467,351,0,0,3,0,0,3.0,475,101,475,30,0,8,70,26,1,12,61,3.911,94.2,2.21,41.961,1.329,0.604,0.95,0.891,austen
3268,0,143,112,0,0,0,0,0,1.0,151,32,151,3,0,8,21,22,0,4,20,3.844,29.4,2.273,27.474,1.185,0.625,0.844,0.864,shakespeare
3269,0,355,267,0,0,2,1,2,0.6666666666666666,362,82,362,16,0,7,60,23,1,7,48,3.585,71.6,2.233,55.595,1.323,0.585,0.939,0.878,austen
3270,0,837,647,0,0,0,0,0,1.0,854,180,854,34,0,17,122,26,0,20,78,3.878,170.0,2.597,147.438,1.731,0.433,0.972,0.839,austen
3271,0,620,481,0,0,0,0,0,0.6,636,138,636,15,0,16,101,25,0,5,67,3.717,126.4,2.018,93.964,1.438,0.486,0.964,0.853,austen
3272,0,841,654,0,0,2,1,0,0.5,850,179,850,34,0,9,123,24,1,8,87,3.916,169.2,2.51,175.115,1.598,0.486,0.972,0.861,austen
3273,0,296,228,0,0,0,1,0,2.0,308,68,308,9,0,12,49,25,0,4,36,3.662,60.8,2.148,90.949,1.308,0.529,0.926,0.849,shakespeare
3274,0,404,285,0,2,3,2,0,2.0,422,101,422,32,0,18,76,26,1,16,41,3.396,83.6,2.168,59.714,1.554,0.406,0.95,0.805,austen
3275,0,365,279,0,0,2,0,0,2.0,372,82,372,16,0,7,56,24,0,4,39,3.732,73.6,2.25,7.301,1.491,0.476,0.939,0.831,chesterton
3276,0,692,542,0,0,2,0,0,6.0,703,146,703,20,0,11,95,24,1,9,75,3.952,139.8,2.467,85.444,1.475,0.514,0.966,0.866,chesterton
3277,0,724,553,0,0,2,1,0,1.0,736,168,736,21,0,12,129,25,1,16,53,3.518,146.4,2.056,52.993,1.867,0.315,0.97,0.775,chesterton
3278,0,62,44,0,0,0,1,0,1.0,71,18,71,6,0,9,13,16,0,1,8,3.278,13.4,2.164,9.423,1.5,0.444,0.722,0.719,shakespeare
3279,0,221,161,0,0,0,0,0,2.0,239,59,239,11,0,18,44,21,0,5,36,3.22,47.0,1.894,55.969,1.283,0.61,0.915,0.879,shakespeare
3280,0,820,655,0,0,0,0,1,0.6666666666666666,830,162,830,23,0,10,105,26,2,8,85,4.253,165.2,2.774,184.74,1.473,0.525,0.969,0.873,austen
3281,0,47,33,0,0,0,1,0,1.0,52,14,52,4,0,5,12,18,0,1,11,3.0,9.6,2.0,6.107,1.167,0.786,0.643,0.909,shakespeare
3282,0,184,139,0,0,0,0,0,0.25,189,46,189,9,0,5,38,22,0,1,27,3.326,37.0,1.7,25.07,1.353,0.587,0.891,0.861,austen
3283,0,518,387,0,0,1,0,0,0.3333333333333333,528,123,528,28,0,10,97,26,0,13,60,3.488,104.8,2.288,68.925,1.5,0.488,0.959,0.851,austen
3284,0,64,44,0,0,0,1,0,1.0,71,19,71,6,0,7,15,16,0,2,12,3.0,13.4,2.108,13.722,1.267,0.632,0.737,0.844,shakespeare
3285,0,223,158,0,0,0,0,0,1.0,230,64,230,17,0,7,57,21,2,7,21,2.844,45.2,1.72,56.433,1.684,0.328,0.922,0.732,shakespeare
3286,0,1176,927,0,0,1,0,0,1.0,1190,243,1190,37,0,14,165,26,2,8,101,4.033,237.2,2.499,217.015,1.688,0.416,0.979,0.84,austen
3287,0,2610,2015,0,0,1,1,2,1.1666666666666667,2654,551,2654,102,0,44,390,27,4,42,156,3.926,530.0,2.449,398.717,2.286,0.283,0.991,0.8,austen
3288,0,847,651,0,0,1,1,0,5.0,860,192,860,28,0,13,135,25,0,8,85,3.62,171.2,2.285,70.864,1.627,0.443,0.974,0.845,austen
3289,0,1191,920,0,0,0,0,0,2.0,1218,257,1218,40,2,27,182,25,2,14,97,3.848,242.8,2.251,114.163,1.785,0.377,0.981,0.824,austen
3290,0,159,118,0,1,0,0,0,1.0,170,40,170,10,0,11,27,22,1,1,32,3.475,33.2,2.075,39.137,1.176,0.8,0.875,0.94,shakespeare
3291,0,350,272,0,1,0,0,0,1.0,367,77,367,13,0,17,51,25,0,5,48,3.922,72.6,2.553,53.201,1.262,0.623,0.935,0.891,shakespeare
3292,0,386,293,0,0,2,1,1,4.0,393,86,393,15,0,7,62,23,0,6,47,3.721,77.8,2.216,41.191,1.387,0.547,0.942,0.864,chesterton
3293,0,578,456,0,0,0,0,0,2.0,585,119,585,14,0,7,80,23,0,2,55,4.017,116.2,2.696,54.71,1.587,0.462,0.958,0.839,chesterton
3294,0,166,121,0,0,1,0,1,1.0,171,42,171,13,0,5,33,23,0,4,27,3.381,33.4,2.024,26.67,1.2,0.643,0.881,0.882,austen
3295,0,750,567,0,0,3,0,0,0.4,761,174,761,26,0,11,130,25,2,13,64,3.511,151.4,1.858,51.369,1.706,0.368,0.971,0.806,chesterton
3296,0,730,582,0,0,0,0,0,0.2,740,149,740,16,0,10,100,25,0,1,75,4.081,147.2,2.437,143.542,1.52,0.503,0.966,0.863,austen
3297,0,575,423,0,0,0,1,0,5.0,608,147,608,30,0,33,110,23,1,15,55,3.306,120.8,2.083,148.095,1.67,0.374,0.966,0.803,shakespeare
3298,0,57,43,0,0,0,0,0,1.0,63,15,63,3,0,6,11,17,0,2,8,3.467,11.8,2.066,10.826,1.364,0.533,0.667,0.768,shakespeare
3299,0,234,177,0,0,0,1,0,1.0,243,56,243,9,0,9,42,23,0,3,36,3.482,47.8,1.972,78.385,1.244,0.643,0.911,0.89,shakespeare
3300,0,204,147,0,0,0,3,0,1.0,211,55,211,10,0,7,49,23,0,1,25,2.982,41.4,1.737,31.077,1.447,0.455,0.909,0.803,austen
3301,0,158,115,0,0,0,0,2,2.0,163,40,163,11,0,5,30,23,0,4,29,3.325,31.8,2.269,19.588,1.143,0.725,0.875,0.913,austen
3302,0,162,119,0,0,1,0,0,1.0,167,42,167,11,0,5,34,22,0,5,27,3.286,32.6,2.298,22.188,1.273,0.643,0.881,0.882,austen
3303,0,111,82,0,0,0,1,0,1.0,120,29,120,6,0,9,21,22,0,1,22,3.345,23.2,1.969,21.017,1.16,0.759,0.828,0.918,shakespeare
3304,0,190,137,0,0,3,1,0,1.0,198,46,198,18,0,8,33,20,0,12,20,3.696,38.8,3.01,17.641,1.533,0.435,0.891,0.782,austen
3305,0,369,273,0,0,1,1,0,0.3333333333333333,382,85,382,20,0,13,63,22,0,10,40,3.624,75.6,2.193,61.509,1.417,0.471,0.941,0.83,austen
3306,0,283,218,0,0,0,0,0,1.0,288,66,288,7,0,5,50,24,0,2,27,3.5,56.8,2.227,23.858,1.65,0.409,0.924,0.787,chesterton
3307,0,1029,823,0,0,0,0,0,0.6,1049,205,1049,24,0,20,130,26,2,7,84,4.229,209.0,2.811,91.049,1.653,0.41,0.976,0.832,austen
3308,0,382,290,0,0,1,1,0,2.0,391,87,391,16,0,9,67,25,0,6,45,3.655,77.4,2.706,33.291,1.45,0.517,0.943,0.852,chesterton
3309,0,305,230,0,0,1,0,3,1.0,313,69,313,18,0,8,51,23,0,10,41,3.739,61.8,2.944,62.155,1.232,0.594,0.928,0.877,austen
3310,0,642,495,0,0,0,0,0,4.0,652,142,652,22,0,10,104,24,1,11,75,3.711,129.6,2.336,66.868,1.434,0.528,0.965,0.871,chesterton
3311,0,103,77,0,0,0,0,0,1.0,113,26,113,6,0,10,18,21,1,3,21,3.577,21.8,2.194,20.657,1.13,0.808,0.808,0.934,shakespeare
3312,0,250,190,0,0,0,1,1,0.3333333333333333,258,59,258,7,0,8,46,25,0,3,39,3.475,50.8,1.897,17.964,1.204,0.661,0.915,0.898,austen
3313,0,298,217,0,0,3,0,0,1.0,308,75,308,19,0,10,57,23,0,13,38,3.387,60.8,2.155,33.484,1.442,0.507,0.933,0.843,chesterton
3314,0,362,277,0,0,1,0,1,3.0,371,80,371,19,0,9,56,23,3,8,46,3.85,73.4,2.719,41.016,1.333,0.575,0.938,0.874,chesterton
3315,0,443,333,0,0,3,0,0,4.0,455,106,455,24,0,12,79,25,2,12,54,3.538,90.2,2.438,34.644,1.472,0.509,0.953,0.855,austen
3316,0,142,106,0,0,0,1,0,1.0,153,34,153,8,0,11,25,19,0,0,24,3.676,29.8,2.142,29.499,1.172,0.706,0.853,0.901,shakespeare
3317,0,208,146,0,4,0,0,3,2.0,220,55,220,17,0,12,43,25,1,13,34,3.2,43.2,2.578,30.63,1.31,0.618,0.909,0.88,austen
3318,0,127,93,0,1,0,0,0,3.0,130,32,130,6,0,3,25,22,0,1,18,3.188,25.2,2.023,39.156,1.333,0.562,0.844,0.834,austen
3319,0,159,116,0,0,2,2,0,1.0,166,37,166,12,0,7,25,22,0,5,26,3.757,32.4,2.338,31.879,1.194,0.703,0.865,0.902,chesterton
3320,0,684,551,0,0,0,0,0,3.0,693,132,693,19,0,9,82,24,1,3,68,4.386,137.8,2.792,90.018,1.419,0.515,0.962,0.864,austen
3321,0,154,111,0,0,0,1,0,1.0,161,41,161,8,0,7,33,23,0,5,27,3.073,31.4,1.822,20.792,1.242,0.659,0.878,0.888,austen
3322,0,229,177,0,0,0,0,0,3.0,242,52,242,7,0,13,35,23,0,3,29,3.788,47.6,2.387,43.581,1.238,0.558,0.904,0.852,shakespeare
3323,0,334,257,0,0,1,0,0,2.0,340,72,340,13,0,6,51,22,0,6,37,3.861,67.2,2.222,12.617,1.412,0.514,0.931,0.844,chesterton
3324,0,273,208,0,0,3,0,0,3.0,281,59,281,15,0,8,39,23,1,9,35,4.017,55.4,2.886,36.767,1.255,0.593,0.915,0.872,chesterton
3325,0,94,68,0,0,1,0,3,2.0,98,21,98,9,0,4,13,19,0,4,13,4.0,18.8,2.898,10.134,1.312,0.619,0.762,0.842,chesterton
3326,0,682,548,0,0,0,0,0,2.0,692,134,692,19,0,10,82,25,0,1,62,4.306,137.6,2.712,65.164,1.54,0.463,0.963,0.843,chesterton
3327,0,300,227,0,0,2,1,0,1.0,311,69,311,15,0,11,49,24,2,9,40,3.739,61.4,2.26,60.595,1.278,0.58,0.928,0.871,chesterton
3328,0,180,131,0,0,0,0,0,1.0,193,49,193,11,0,13,35,19,0,8,28,3.163,37.8,2.055,60.985,1.324,0.571,0.898,0.856,shakespeare
3329,5,273,211,0,0,0,0,1,3.0,297,60,297,8,0,24,39,24,0,6,38,4.067,58.6,2.385,79.248,1.25,0.633,0.917,0.888,chesterton
3330,0,855,675,0,0,0,0,0,0.14285714285714285,866,177,866,17,0,11,119,25,1,10,87,3.977,172.4,2.398,91.202,1.595,0.492,0.972,0.863,chesterton
3331,0,277,206,0,0,2,3,0,1.0,285,63,285,16,0,8,44,25,0,7,39,3.73,56.2,1.911,37.996,1.286,0.619,0.921,0.884,austen
3332,0,618,454,0,0,0,0,0,2.0,661,153,661,39,0,43,106,22,1,22,72,3.503,131.4,2.02,109.91,1.53,0.471,0.967,0.85,shakespeare
3333,0,634,486,0,0,1,0,0,1.0,647,140,647,25,0,13,98,23,0,14,65,3.757,128.6,2.322,53.645,1.522,0.464,0.964,0.845,austen
3334,0,407,296,0,0,1,0,0,0.2,422,103,422,26,0,15,80,24,1,16,47,3.301,83.6,2.004,24.684,1.585,0.456,0.951,0.831,austen
3335,0,409,321,0,0,1,0,0,2.0,421,85,421,13,0,12,53,23,0,8,50,4.094,83.4,2.576,24.724,1.371,0.588,0.941,0.881,chesterton
3336,0,2236,1761,0,1,0,0,1,0.14285714285714285,2265,447,2265,88,0,29,293,26,5,25,162,4.201,452.2,2.682,427.892,2.032,0.362,0.989,0.834,austen
3337,0,346,267,0,0,0,0,0,1.0,359,78,359,14,0,13,53,23,1,5,43,3.769,71.0,2.486,139.259,1.279,0.551,0.936,0.863,shakespeare
3338,0,204,150,0,0,1,1,0,0.3333333333333333,215,51,215,12,0,11,40,23,0,7,34,3.431,42.2,2.402,23.274,1.244,0.667,0.902,0.897,austen
3339,0,314,240,1,0,0,0,0,1.0,328,73,328,12,0,14,50,22,0,4,49,3.644,64.8,2.257,77.28,1.237,0.671,0.932,0.907,shakespeare
3340,0,456,341,0,1,4,0,1,4.0,465,104,465,25,0,9,75,24,1,13,48,3.683,92.2,2.574,99.183,1.552,0.462,0.952,0.834,chesterton
3341,2,487,382,0,0,1,0,0,1.5,503,102,503,18,0,16,66,27,1,11,53,4.118,99.8,2.499,89.012,1.36,0.52,0.951,0.858,austen
3342,0,470,349,0,0,4,0,0,0.6666666666666666,478,113,478,24,0,8,90,24,3,17,43,3.442,94.8,2.224,29.474,1.638,0.381,0.956,0.796,chesterton
3343,0,77,52,0,0,0,3,1,1.0,79,22,79,6,0,2,17,16,0,2,11,2.727,15.0,2.251,7.141,1.375,0.5,0.773,0.776,austen
3344,0,711,548,1,0,1,0,0,1.0,720,159,720,26,0,9,106,24,1,10,77,3.679,143.2,2.165,36.922,1.606,0.484,0.969,0.857,chesterton
3345,0,379,282,0,0,5,2,0,2.0,387,84,387,24,0,8,58,23,0,12,32,3.857,76.6,2.395,49.48,1.615,0.381,0.94,0.782,chesterton
3346,0,328,237,0,0,3,1,0,1.0,338,83,338,24,0,10,64,23,2,14,52,3.361,66.8,2.063,50.231,1.361,0.627,0.94,0.894,chesterton
3347,0,543,408,0,3,3,0,1,1.0,559,124,559,26,0,16,92,26,2,16,67,3.677,111.0,2.132,101.171,1.378,0.54,0.96,0.872,austen
3348,0,758,605,0,0,1,0,0,3.0,772,150,772,19,0,14,95,24,0,8,80,4.273,153.6,2.546,85.078,1.471,0.533,0.967,0.875,chesterton
3349,0,162,124,0,0,0,0,1,1.0,168,37,168,9,0,6,25,21,0,6,29,3.811,32.8,2.837,18.807,1.156,0.784,0.865,0.933,austen
3350,0,367,292,0,0,0,0,0,1.0,382,76,382,13,0,15,48,23,1,5,45,4.224,75.6,2.887,59.294,1.333,0.592,0.934,0.879,austen
3351,0,217,172,0,0,0,1,0,2.0,223,45,223,7,0,6,28,25,0,2,39,4.133,43.8,2.625,22.432,1.098,0.867,0.889,0.962,austen
3352,0,436,342,0,0,1,0,0,1.0,443,89,443,17,0,7,62,24,0,5,60,4.146,87.8,3.01,30.54,1.254,0.674,0.944,0.912,chesterton
3353,0,373,290,0,0,2,0,0,1.0,379,80,379,15,0,6,53,24,1,9,44,3.938,75.0,2.383,58.361,1.404,0.55,0.938,0.864,chesterton
3354,0,800,625,0,0,2,0,0,4.0,813,172,813,22,0,13,117,24,2,12,103,3.86,161.8,2.193,88.646,1.387,0.599,0.971,0.9,chesterton
3355,0,74,53,0,0,0,1,0,1.0,83,20,83,6,0,9,14,20,0,0,17,3.4,15.8,2.21,16.514,1.111,0.85,0.75,0.946,shakespeare
3356,0,110,82,0,0,0,2,0,1.0,118,28,118,6,0,8,22,19,0,2,24,3.429,22.8,2.026,23.113,1.077,0.857,0.821,0.954,shakespeare
3357,0,403,301,0,0,1,0,2,1.0,409,97,409,17,0,6,72,23,0,9,45,3.371,81.0,2.068,129.366,1.516,0.464,0.948,0.832,austen
3358,0,279,222,0,0,0,0,0,2.0,284,58,284,7,0,5,38,22,0,1,40,4.034,56.0,2.548,35.391,1.234,0.69,0.914,0.908,austen
3359,0,456,355,0,0,0,0,1,0.6666666666666666,469,99,469,15,0,13,72,26,1,7,57,3.879,93.0,2.353,127.758,1.338,0.576,0.949,0.88,austen
3360,0,422,321,0,0,0,1,0,2.0,440,98,440,17,0,18,76,25,0,11,53,3.633,87.2,2.093,105.419,1.342,0.541,0.949,0.866,shakespeare
3361,0,652,506,0,0,1,0,0,5.0,667,139,667,25,0,15,96,25,0,7,64,3.95,132.6,2.775,76.041,1.635,0.46,0.964,0.843,chesterton
3362,0,407,307,0,0,3,0,1,1.0,419,91,419,19,0,12,59,23,0,16,44,3.791,83.0,2.506,68.96,1.468,0.484,0.945,0.839,austen
3363,0,585,468,0,0,0,0,0,0.3333333333333333,600,117,600,15,0,15,72,23,0,1,57,4.256,119.2,2.499,82.296,1.462,0.487,0.957,0.849,austen
3364,0,453,351,0,0,1,0,0,1.0,461,97,461,16,0,8,67,24,1,9,51,3.897,91.4,2.523,95.686,1.448,0.526,0.948,0.859,chesterton
3365,0,669,530,0,0,0,0,0,0.6666666666666666,683,138,683,20,0,14,95,26,0,2,66,4.094,135.8,2.428,141.705,1.568,0.478,0.964,0.85,austen
3366,0,457,337,0,0,4,1,0,1.3333333333333333,468,107,468,31,0,11,76,25,0,14,58,3.626,92.8,2.178,68.653,1.446,0.542,0.953,0.869,austen
3367,0,279,201,0,0,4,2,0,2.5,285,67,285,24,0,6,49,24,0,13,29,3.582,56.2,2.96,31.776,1.595,0.433,0.925,0.801,austen
3368,0,741,576,0,0,2,0,0,0.3333333333333333,753,159,753,22,0,12,116,26,0,14,75,3.862,149.8,2.68,64.243,1.544,0.472,0.969,0.852,austen
3369,0,167,122,0,0,0,0,0,0.5,172,44,172,10,0,5,36,22,1,5,29,3.114,33.6,1.742,20.02,1.222,0.659,0.886,0.89,austen
3370,0,813,630,0,2,2,0,2,3.0,821,178,821,24,0,8,124,24,0,7,93,3.742,163.4,2.31,170.433,1.447,0.522,0.972,0.875,austen
3371,0,167,119,0,0,1,1,2,2.0,172,34,172,18,0,5,20,23,1,6,23,4.235,33.6,2.882,44.864,1.214,0.676,0.853,0.889,chesterton
3372,0,550,442,0,0,0,0,0,1.0,556,109,556,10,0,6,74,24,0,0,62,4.202,110.4,2.407,49.404,1.416,0.569,0.954,0.88,chesterton
3373,0,457,345,0,0,3,1,0,1.0,467,103,467,23,0,10,78,24,0,12,53,3.728,92.6,2.394,45.197,1.411,0.515,0.951,0.857,austen
3374,0,504,382,1,0,0,0,0,0.5,523,112,523,21,0,19,80,25,0,16,57,3.777,103.8,2.293,48.226,1.436,0.509,0.955,0.857,austen
3375,0,496,382,0,0,2,0,1,2.0,501,108,501,20,0,5,74,24,0,10,57,3.815,99.4,2.235,131.654,1.44,0.528,0.954,0.864,austen
3376,2,371,288,0,0,0,0,0,0.25,390,81,390,13,0,19,53,23,2,7,38,3.951,77.2,2.073,84.692,1.446,0.469,0.938,0.828,austen
3377,0,723,580,0,0,0,0,0,0.25,740,142,740,16,0,17,89,25,2,7,71,4.317,147.2,2.64,45.488,1.464,0.5,0.965,0.86,austen
3378,0,69,48,0,0,0,2,0,1.0,73,20,73,6,0,4,17,16,0,0,8,2.9,13.8,1.714,9.985,1.333,0.4,0.75,0.694,shakespeare
3379,0,440,325,0,0,3,1,0,1.0,445,107,445,19,0,5,82,24,0,9,53,3.318,88.2,1.623,60.135,1.466,0.495,0.953,0.85,chesterton
3380,0,210,159,0,0,0,0,0,2.0,222,48,222,11,0,12,34,22,3,3,29,3.792,43.6,2.212,45.335,1.297,0.604,0.896,0.87,shakespeare
3381,0,641,468,0,0,5,0,0,3.0,662,152,662,46,0,21,106,23,1,25,70,3.586,131.6,2.161,52.271,1.535,0.461,0.967,0.846,austen
3382,0,431,323,0,0,0,1,0,1.0,458,102,458,20,0,27,69,23,1,12,61,3.627,90.8,2.157,111.918,1.291,0.598,0.951,0.889,shakespeare
3383,0,246,178,0,0,3,1,0,1.0,250,60,250,18,0,4,43,23,1,10,34,3.467,49.2,2.095,52.141,1.364,0.567,0.917,0.861,chesterton
3384,0,504,368,0,0,2,0,0,0.5,519,127,519,26,0,15,94,23,1,14,60,3.26,103.0,2.021,70.374,1.494,0.472,0.961,0.845,chesterton
3385,0,672,535,0,0,0,0,0,1.0,679,136,679,14,0,7,86,26,0,6,71,4.088,135.0,2.259,63.277,1.528,0.522,0.963,0.868,chesterton
3386,0,452,360,0,0,0,0,0,8.0,461,93,461,8,0,9,63,25,1,2,39,4.054,91.4,2.614,44.394,1.55,0.419,0.946,0.808,chesterton
3387,0,727,555,0,0,0,0,0,1.0,770,169,770,32,0,43,121,26,0,17,80,3.728,153.2,2.533,167.277,1.509,0.473,0.97,0.854,shakespeare
3388,0,501,364,0,0,0,3,2,0.5,524,118,524,34,0,23,86,25,1,20,55,3.568,104.0,2.27,81.327,1.513,0.466,0.958,0.84,austen
3389,0,522,398,0,0,2,0,0,6.0,534,117,534,21,0,12,82,24,0,6,64,3.726,106.0,2.227,59.3,1.444,0.547,0.957,0.873,chesterton
3390,0,497,397,0,0,0,0,0,5.0,502,101,502,10,0,5,65,25,0,0,50,4.079,99.6,2.505,51.423,1.443,0.495,0.95,0.848,chesterton
3391,0,561,430,0,0,0,0,0,0.3333333333333333,570,122,570,22,0,9,90,24,0,12,58,3.787,113.2,2.53,121.687,1.488,0.475,0.959,0.845,austen
3392,3,218,161,0,0,1,0,0,1.0,247,53,247,13,0,29,37,23,0,11,28,3.906,48.6,2.589,44.467,1.359,0.528,0.906,0.839,chesterton
3393,0,591,444,0,0,2,0,1,0.5,612,141,612,26,0,21,105,25,0,20,70,3.518,121.6,2.157,43.062,1.5,0.496,0.965,0.858,austen
3394,0,641,503,0,2,2,0,0,1.25,653,132,653,23,0,12,88,24,1,8,78,4.106,129.8,2.551,80.079,1.333,0.591,0.962,0.892,austen
3395,0,557,442,0,0,0,0,0,5.0,564,116,564,15,0,7,73,24,0,3,55,4.0,112.0,2.467,58.116,1.547,0.474,0.957,0.843,chesterton
3396,0,645,489,0,0,2,0,0,2.0,661,147,661,32,0,16,108,23,0,16,66,3.68,131.4,2.245,101.606,1.598,0.449,0.966,0.84,austen
3397,0,1161,881,0,0,1,2,0,0.125,1193,248,1193,67,0,32,165,26,2,26,94,3.96,237.8,2.421,281.944,1.851,0.379,0.98,0.824,austen
3398,0,520,400,0,0,0,0,0,5.0,531,118,531,21,0,11,86,25,0,7,58,3.661,105.4,2.299,39.304,1.494,0.492,0.958,0.851,austen
3399,0,177,140,0,0,0,0,0,1.0,194,37,194,6,0,17,18,21,0,5,24,4.405,38.0,2.608,43.721,1.194,0.649,0.865,0.88,shakespeare
3400,0,290,219,0,0,0,0,0,1.0,299,70,299,11,0,9,53,23,0,7,28,3.429,59.0,2.047,22.147,1.556,0.4,0.929,0.784,chesterton
3401,0,525,413,1,0,1,0,0,1.0,537,111,537,15,0,12,73,24,0,3,57,3.982,106.6,2.446,62.636,1.461,0.514,0.955,0.858,austen
3402,0,199,149,0,0,1,0,0,0.16666666666666666,204,48,204,9,0,5,38,21,0,6,25,3.438,40.0,2.103,25.768,1.412,0.521,0.896,0.831,austen
3403,0,444,324,0,0,2,2,2,0.2,454,104,454,35,0,10,81,26,0,14,50,3.606,90.0,2.521,104.461,1.507,0.481,0.952,0.842,austen
3404,0,62,45,0,0,0,1,0,1.0,69,17,69,4,0,7,13,18,0,0,12,3.294,13.0,2.114,15.843,1.214,0.706,0.706,0.877,shakespeare
3405,0,401,314,0,0,2,0,0,1.0,409,83,409,18,0,8,50,24,0,8,48,4.157,81.0,2.716,76.371,1.317,0.578,0.94,0.876,austen
3406,0,329,232,0,0,3,0,2,2.0,338,86,338,29,0,9,70,24,7,20,39,3.233,66.8,2.335,28.595,1.593,0.453,0.942,0.822,chesterton
3407,0,926,722,0,0,3,0,0,0.5,937,194,937,33,0,11,125,25,1,11,88,3.979,186.6,2.346,84.497,1.658,0.454,0.974,0.85,chesterton
3408,0,296,214,0,0,3,0,2,1.0,301,73,301,19,0,5,53,24,0,11,33,3.37,59.4,2.348,24.481,1.46,0.452,0.932,0.815,austen
3409,0,678,538,0,0,2,0,0,2.0,688,136,688,21,0,10,88,26,2,9,80,4.221,136.8,2.71,59.835,1.347,0.588,0.963,0.892,chesterton
3410,0,120,76,0,0,3,2,0,2.0,126,34,126,20,0,6,27,22,1,11,17,3.206,24.4,2.171,15.742,1.478,0.5,0.853,0.803,chesterton
3411,0,582,443,0,0,1,1,1,0.4,595,128,595,29,0,13,85,26,3,11,72,3.82,118.2,2.264,58.195,1.347,0.562,0.961,0.881,austen
3412,0,679,513,1,2,0,0,0,1.0,707,162,707,28,0,28,115,22,0,10,71,3.512,140.6,2.266,236.499,1.558,0.438,0.969,0.838,shakespeare
3413,0,1022,819,0,0,0,1,1,3.5,1035,200,1035,21,0,13,127,25,1,3,98,4.265,206.2,2.602,112.833,1.6,0.49,0.975,0.865,austen
3414,0,1001,771,0,0,3,1,0,3.0,1026,219,1026,37,0,25,152,24,1,15,93,3.836,204.4,2.253,132.672,1.659,0.425,0.977,0.841,austen
3415,0,38,27,0,0,0,0,0,1.0,45,12,45,3,0,7,10,16,0,2,7,3.083,8.2,2.021,6.797,1.333,0.583,0.583,0.783,shakespeare
3416,0,191,136,0,0,1,1,1,1.0,196,52,196,12,0,5,43,23,0,7,29,3.019,38.4,1.553,22.876,1.268,0.558,0.904,0.852,austen
3417,0,636,500,0,0,0,0,0,3.0,647,135,647,18,0,11,93,26,1,3,60,3.919,128.6,2.344,41.283,1.667,0.444,0.963,0.835,chesterton
3418,0,617,503,0,0,0,0,0,1.0,628,114,628,9,0,11,66,25,0,1,60,4.588,124.8,2.47,43.309,1.481,0.526,0.956,0.864,chesterton
3419,0,525,388,0,0,5,0,0,0.3333333333333333,535,127,535,27,0,10,96,25,1,17,54,3.433,106.2,1.958,38.519,1.568,0.425,0.961,0.823,chesterton
3420,0,351,261,0,0,0,1,0,1.0,370,89,370,22,0,19,67,24,0,13,51,3.393,73.2,2.103,80.93,1.391,0.573,0.944,0.876,shakespeare
3421,0,267,186,0,0,1,0,3,1.0,274,74,274,17,0,7,61,22,0,12,31,2.878,54.0,1.88,33.451,1.51,0.419,0.932,0.798,austen
3422,0,480,371,0,0,0,0,2,0.3333333333333333,491,108,491,15,0,11,78,22,0,5,56,3.685,97.4,2.085,122.181,1.479,0.519,0.954,0.86,austen
3423,0,777,616,0,0,0,0,0,4.0,784,162,784,18,0,7,109,23,3,5,80,3.957,156.0,2.104,76.01,1.588,0.494,0.969,0.861,chesterton
3424,0,426,322,0,0,2,0,0,7.0,437,98,437,19,0,11,73,24,2,10,40,3.653,86.6,2.239,40.808,1.531,0.408,0.949,0.805,chesterton
3425,2,662,525,0,0,0,0,0,1.0,678,135,678,13,2,16,91,26,2,7,63,4.119,134.8,2.635,70.485,1.5,0.467,0.963,0.845,chesterton
3426,0,290,212,0,0,0,1,0,1.0,304,73,304,13,0,14,54,23,0,3,42,3.274,60.0,1.96,108.658,1.259,0.575,0.932,0.871,shakespeare
3427,0,346,261,0,0,2,0,0,1.0,352,85,352,17,0,6,67,24,0,8,33,3.412,69.6,2.031,47.479,1.604,0.388,0.941,0.787,austen
3428,0,474,367,0,0,1,0,0,0.4,480,101,480,19,0,6,68,24,0,9,60,3.911,95.2,2.62,89.909,1.365,0.594,0.95,0.887,austen
3429,0,293,225,0,0,0,0,0,1.0,302,67,302,11,0,9,48,22,0,3,37,3.672,59.6,2.163,23.797,1.396,0.552,0.925,0.859,austen
3430,0,166,124,0,0,0,1,1,1.0,176,39,176,9,2,10,25,22,0,2,27,3.718,34.4,2.449,36.418,1.219,0.692,0.872,0.9,shakespeare
3431,0,428,313,0,0,2,0,0,2.0,440,102,440,26,0,12,80,22,0,17,49,3.49,87.2,2.324,57.129,1.478,0.48,0.951,0.841,austen
3432,0,899,664,0,0,0,0,0,4.0,963,229,963,41,0,64,164,24,1,16,82,3.358,191.8,1.95,239.447,1.748,0.358,0.978,0.811,shakespeare
3433,0,250,189,0,0,0,0,0,2.0,262,61,262,11,0,12,42,21,1,5,46,3.475,51.6,1.738,89.732,1.151,0.754,0.918,0.931,shakespeare
3434,0,340,263,0,0,1,1,0,2.0,346,74,346,11,0,6,54,25,0,4,48,3.824,68.4,2.401,47.348,1.213,0.649,0.932,0.899,chesterton
3435,0,417,312,0,3,0,1,0,4.0,426,103,426,19,0,9,80,23,1,6,53,3.311,84.4,2.119,49.41,1.431,0.515,0.951,0.857,austen
3436,0,124,95,0,0,0,0,0,1.0,134,29,134,6,0,10,18,21,1,2,22,3.828,26.0,1.983,20.543,1.16,0.759,0.828,0.918,shakespeare
3437,0,298,223,0,1,1,0,0,1.0,311,68,311,23,0,13,42,24,1,9,38,3.868,61.4,2.485,74.959,1.283,0.559,0.926,0.862,chesterton
3438,0,944,727,0,0,1,1,2,0.2857142857142857,957,203,957,42,0,13,146,24,2,10,88,3.867,190.6,2.55,147.19,1.678,0.433,0.975,0.843,austen
3439,0,435,327,0,0,0,0,0,0.5,463,106,463,20,0,28,73,24,0,9,51,3.538,91.8,2.339,87.759,1.413,0.481,0.953,0.843,shakespeare
3440,0,785,628,0,0,0,1,0,0.25,795,157,795,23,0,10,99,26,1,3,88,4.21,158.2,2.691,128.235,1.454,0.561,0.968,0.886,austen
3441,0,1072,849,0,0,0,0,0,0.5,1088,223,1088,25,0,16,145,23,2,8,100,3.991,216.8,2.361,124.281,1.677,0.448,0.978,0.852,chesterton
3442,0,196,145,0,0,0,0,0,1.0,211,51,211,13,0,15,38,21,0,4,28,3.392,41.4,2.324,42.081,1.417,0.549,0.902,0.847,shakespeare
3443,0,657,518,0,0,1,0,0,6.0,666,136,666,17,0,9,92,24,0,4,68,4.015,132.4,2.373,83.56,1.462,0.5,0.963,0.859,chesterton
3444,0,593,447,0,1,3,0,0,1.0,611,140,611,27,0,18,102,24,1,15,66,3.557,121.4,2.397,110.001,1.522,0.471,0.964,0.848,austen
3445,0,446,343,0,0,0,0,0,6.0,457,104,457,14,0,11,81,23,1,1,46,3.538,90.6,1.811,50.58,1.529,0.442,0.952,0.824,austen
3446,0,297,223,0,0,1,1,0,1.0,307,69,307,17,0,10,49,23,0,10,37,3.667,60.6,2.715,49.596,1.408,0.536,0.928,0.853,austen
3447,0,270,203,0,0,0,0,0,4.0,288,67,288,9,0,18,49,22,1,5,44,3.433,56.8,2.024,70.634,1.241,0.657,0.925,0.9,shakespeare
3448,0,135,102,0,0,0,1,0,1.0,146,31,146,7,0,11,25,19,0,3,22,3.871,28.4,3.17,24.006,1.192,0.71,0.839,0.9,shakespeare
3449,0,264,187,0,0,2,1,0,1.0,273,72,273,18,0,9,63,23,0,9,34,3.042,53.8,2.045,27.788,1.385,0.472,0.931,0.825,austen
3450,0,788,604,0,0,0,1,0,1.0,817,173,817,35,0,29,117,25,0,17,79,3.861,162.6,2.405,110.233,1.559,0.457,0.971,0.848,shakespeare
3451,0,261,200,0,0,0,0,0,4.0,270,63,270,8,0,9,45,23,0,4,36,3.444,53.2,2.176,36.65,1.4,0.571,0.921,0.865,chesterton
3452,0,103,79,0,0,0,0,0,1.0,110,25,110,5,0,7,16,21,1,1,18,3.64,21.2,1.977,17.697,1.19,0.72,0.8,0.898,shakespeare
3453,0,682,528,0,1,3,1,0,1.0,692,146,692,27,0,10,98,24,2,12,77,3.918,137.6,2.251,106.73,1.431,0.527,0.966,0.872,austen
3454,0,374,282,0,0,3,0,0,1.0,387,85,387,20,0,13,60,23,0,10,40,3.776,76.6,2.227,34.37,1.518,0.471,0.941,0.83,chesterton
3455,0,514,398,0,0,2,0,0,2.0,520,107,520,19,0,6,72,24,2,11,62,3.991,103.2,2.508,48.174,1.305,0.579,0.953,0.883,chesterton
3456,0,203,155,0,0,0,0,0,1.0,214,48,214,9,0,11,31,24,1,2,30,3.646,42.0,2.283,52.645,1.297,0.625,0.896,0.879,shakespeare
3457,0,588,461,0,0,0,0,0,3.0,602,123,602,18,0,14,83,24,1,3,63,4.008,119.6,2.317,80.86,1.482,0.512,0.959,0.861,chesterton
3458,0,885,711,0,0,0,0,0,1.0,902,174,902,21,0,17,102,26,2,4,81,4.305,179.6,2.615,56.083,1.596,0.466,0.971,0.852,austen
3459,0,296,222,0,0,0,3,0,2.0,312,71,312,12,0,16,49,23,0,6,47,3.521,61.6,2.235,78.104,1.246,0.662,0.93,0.903,shakespeare
3460,0,453,335,0,0,3,0,0,3.0,464,109,464,27,0,11,78,24,0,11,53,3.495,92.0,2.067,39.294,1.535,0.486,0.954,0.846,chesterton
3461,0,477,359,0,2,0,0,0,5.0,486,113,486,18,0,9,86,25,1,6,60,3.416,96.4,2.078,83.101,1.449,0.531,0.956,0.866,chesterton
3462,0,685,520,0,0,0,0,0,1.0,721,160,721,29,0,36,109,26,0,11,86,3.656,143.4,2.095,159.042,1.468,0.537,0.969,0.878,shakespeare
3463,0,571,439,0,0,3,0,0,2.0,579,128,579,21,0,8,90,25,0,9,26,3.711,115.0,2.321,34.198,2.032,0.203,0.961,0.671,chesterton
3464,0,196,151,0,0,0,0,0,1.0,201,45,201,7,0,5,31,22,0,3,32,3.622,39.4,2.348,37.011,1.154,0.711,0.889,0.91,shakespeare
3465,0,557,419,0,0,4,0,0,2.0,573,130,573,28,0,16,90,25,0,12,49,3.631,113.8,2.337,57.993,1.646,0.377,0.962,0.8,austen
3466,0,1476,1179,0,0,0,0,0,0.2,1494,287,1494,41,0,18,185,25,1,9,133,4.317,298.0,2.689,105.705,1.688,0.463,0.983,0.864,austen
3467,0,446,354,0,0,0,0,0,4.0,455,91,455,11,0,9,61,24,0,2,39,4.11,90.2,2.34,67.935,1.444,0.429,0.945,0.812,chesterton
3468,0,97,68,0,0,0,1,0,1.0,106,28,106,7,0,9,24,19,0,4,15,3.0,20.4,1.764,23.158,1.333,0.536,0.821,0.813,shakespeare
3469,0,139,102,0,0,0,1,0,3.0,144,34,144,7,2,5,24,21,1,3,24,3.412,28.0,2.653,29.606,1.172,0.706,0.853,0.901,shakespeare
3470,0,102,67,0,0,2,0,2,1.0,107,31,107,11,0,5,26,20,0,6,14,2.839,20.6,1.951,13.795,1.348,0.452,0.839,0.769,austen
3471,0,730,586,0,0,0,0,0,3.0,737,142,737,14,0,7,88,25,0,2,77,4.275,146.6,2.301,52.96,1.449,0.542,0.965,0.877,chesterton
3472,0,183,138,0,0,0,1,0,1.0,197,45,197,11,0,14,31,21,0,6,25,3.622,38.6,2.525,43.512,1.364,0.556,0.889,0.846,shakespeare
3473,0,796,625,0,1,1,0,0,7.0,808,162,808,22,0,12,108,26,0,6,77,4.08,160.8,2.444,56.561,1.573,0.475,0.969,0.854,chesterton
3474,0,388,289,0,0,0,0,0,1.0,407,96,407,18,0,19,73,24,2,9,52,3.396,80.6,2.154,154.846,1.371,0.542,0.948,0.866,shakespeare
3475,0,200,133,0,0,1,4,2,1.0,208,56,208,20,0,8,47,18,0,13,28,2.929,40.8,1.777,40.295,1.4,0.5,0.911,0.828,austen
3476,0,179,137,0,0,0,2,0,1.0,188,42,188,7,0,9,32,22,0,3,27,3.643,36.8,1.998,33.641,1.235,0.643,0.881,0.882,shakespeare
3477,0,94,70,0,0,0,0,0,1.0,101,25,101,5,0,7,19,21,1,2,19,3.28,19.4,1.792,27.264,1.19,0.76,0.8,0.915,shakespeare
3478,0,800,639,0,0,0,0,0,0.5,806,161,806,23,0,6,107,24,1,3,77,4.149,160.4,2.836,122.331,1.594,0.478,0.969,0.855,austen
3479,0,156,115,0,0,0,0,4,1.0,163,36,163,8,0,7,23,22,0,6,28,3.639,31.8,2.451,18.171,1.161,0.778,0.861,0.93,austen
3480,0,528,413,1,0,2,0,1,1.0,537,108,537,20,0,9,72,26,0,14,44,4.13,106.6,2.558,93.98,1.588,0.407,0.954,0.808,austen
3481,0,440,337,0,0,0,1,0,1.0,457,102,457,17,0,17,72,23,2,11,63,3.637,90.6,2.424,55.482,1.378,0.618,0.951,0.896,shakespeare
3482,0,572,437,0,0,0,0,0,3.0,587,134,587,21,0,15,97,24,1,13,67,3.537,116.6,2.168,61.109,1.506,0.5,0.963,0.858,chesterton
3483,0,488,380,0,0,0,0,0,1.0,503,107,503,13,1,15,75,23,2,10,57,3.841,99.8,2.32,78.107,1.408,0.533,0.953,0.865,austen
3484,0,290,217,0,0,3,1,0,1.0,302,67,302,15,0,12,44,24,3,11,32,3.731,59.6,2.293,27.97,1.457,0.478,0.925,0.824,chesterton
3485,0,585,458,0,0,1,0,0,7.0,593,126,593,18,0,8,88,24,1,7,64,3.865,117.8,2.438,78.77,1.465,0.508,0.96,0.86,austen
3486,0,452,328,0,0,2,0,1,1.0,462,109,462,28,0,10,83,25,0,16,55,3.413,91.6,1.867,52.577,1.434,0.505,0.954,0.854,austen
3487,0,853,689,0,0,0,0,2,0.5,859,160,859,18,0,6,94,25,0,2,88,4.456,171.0,2.79,134.374,1.468,0.55,0.969,0.882,austen
3488,0,684,527,0,0,3,1,0,1.0,693,150,693,29,0,9,104,24,6,17,71,3.82,137.8,2.355,110.491,1.562,0.473,0.967,0.851,chesterton
3489,0,141,107,0,0,0,1,0,0.5,153,34,153,6,0,12,26,22,0,3,26,3.676,29.8,2.383,35.294,1.097,0.765,0.853,0.924,shakespeare
3490,0,993,784,0,0,0,0,0,5.0,1005,206,1005,30,0,12,140,26,1,6,88,4.01,200.2,2.703,136.723,1.761,0.427,0.976,0.84,austen
3491,0,413,311,0,0,4,2,1,3.0,423,92,423,22,0,10,65,24,1,13,59,3.815,83.8,2.418,72.71,1.314,0.641,0.946,0.902,chesterton
3492,0,502,404,0,0,1,0,0,1.0,507,96,507,13,0,5,56,23,0,2,57,4.417,100.6,2.36,66.759,1.352,0.594,0.948,0.886,chesterton
3493,0,461,347,0,0,0,1,0,1.0,473,107,473,24,0,12,73,25,0,8,52,3.589,93.8,2.159,74.318,1.486,0.486,0.953,0.846,austen
3494,0,185,137,0,0,2,0,2,1.0,191,45,191,11,0,6,34,23,0,8,24,3.533,37.4,2.581,10.738,1.364,0.533,0.889,0.835,austen
3495,0,224,167,0,0,0,1,1,2.0,232,51,232,12,0,8,37,21,0,6,30,3.686,45.6,2.619,18.474,1.275,0.588,0.902,0.865,austen
3496,0,804,632,0,0,0,0,0,1.0,814,171,814,20,0,10,116,25,0,6,94,3.883,162.0,2.251,71.418,1.487,0.55,0.971,0.884,chesterton
3497,0,699,556,0,0,0,0,0,5.0,704,142,704,19,0,5,96,26,0,1,61,4.085,140.0,2.761,66.302,1.632,0.43,0.965,0.83,chesterton
3498,0,385,282,0,0,3,1,0,2.0,393,93,393,25,0,8,75,23,0,13,37,3.452,77.8,2.776,46.548,1.632,0.398,0.946,0.797,austen
3499,0,798,610,0,0,1,1,1,3.0,809,181,809,27,0,11,135,25,0,10,80,3.591,161.0,2.142,112.065,1.602,0.442,0.972,0.843,austen
3500,0,674,537,0,0,2,0,0,1.0,681,136,681,12,0,7,85,25,0,4,41,4.118,135.4,2.453,35.211,1.813,0.301,0.963,0.756,chesterton
3501,0,120,86,0,0,0,1,0,1.0,131,33,131,8,0,11,27,23,0,3,25,3.182,25.4,1.944,20.416,1.138,0.758,0.848,0.921,shakespeare
3502,0,323,245,0,0,0,0,0,1.0,344,76,344,13,0,21,57,22,1,9,44,3.671,68.0,2.505,67.0,1.246,0.579,0.934,0.874,shakespeare
3503,0,222,150,0,0,4,1,1,1.0,234,61,234,23,0,12,48,23,1,13,18,3.164,46.0,1.827,32.442,1.694,0.295,0.918,0.703,austen
3504,0,234,170,0,0,0,1,2,0.5,240,54,240,15,0,6,45,23,0,4,37,3.556,47.2,2.062,40.438,1.149,0.685,0.907,0.905,austen
3505,0,67,46,0,0,0,0,0,1.0,76,23,76,5,0,9,21,16,0,5,13,2.609,14.4,1.644,9.762,1.278,0.565,0.783,0.818,shakespeare
3506,0,249,192,0,0,0,0,0,1.0,265,58,265,9,0,16,44,23,0,4,37,3.741,52.2,2.306,64.255,1.261,0.638,0.914,0.889,shakespeare
3507,0,738,573,1,0,0,2,0,2.0,783,162,783,25,0,45,108,24,2,8,71,3.969,155.8,2.42,105.77,1.5,0.438,0.969,0.838,shakespeare
3508,0,711,569,0,0,0,0,0,1.0,716,141,716,12,0,5,87,25,0,2,60,4.156,142.4,2.533,44.123,1.567,0.426,0.965,0.827,chesterton
3509,0,694,546,0,0,0,0,0,2.0,706,147,706,21,0,12,100,24,1,5,77,3.939,140.4,2.626,48.485,1.531,0.524,0.966,0.87,chesterton
3510,0,144,105,0,0,0,1,0,1.0,154,38,154,8,0,10,31,22,0,4,27,3.237,30.0,1.937,24.052,1.226,0.711,0.868,0.906,shakespeare
3511,0,751,613,0,0,0,0,0,2.0,760,139,760,12,0,9,80,24,1,3,82,4.561,151.2,2.657,40.27,1.35,0.59,0.964,0.893,chesterton
3512,9,270,179,0,1,0,0,1,1.0,323,68,323,15,14,53,44,25,0,17,40,3.838,80.0,2.68,80.312,1.283,0.588,0.941,0.874,chesterton
3513,0,387,287,0,0,0,0,0,1.0,403,96,403,20,0,16,74,23,1,7,56,3.365,79.8,2.016,115.079,1.352,0.583,0.948,0.882,shakespeare
3514,0,436,342,0,0,0,0,1,1.0,446,94,446,11,0,10,72,24,0,3,57,3.862,88.4,2.394,41.41,1.343,0.606,0.947,0.89,austen
3515,0,289,216,0,0,1,0,0,6.0,296,72,296,14,0,7,59,23,0,4,38,3.333,58.4,2.344,39.437,1.5,0.528,0.931,0.851,austen
3516,0,977,776,0,0,0,0,0,2.0,996,203,996,27,0,19,140,27,3,8,76,4.049,198.4,2.643,82.075,1.75,0.374,0.975,0.815,austen
3517,0,62,42,0,0,0,2,0,1.0,67,19,67,5,0,5,16,19,0,0,8,2.737,12.6,1.727,12.7,1.357,0.421,0.737,0.706,shakespeare
3518,0,153,112,0,0,0,1,0,1.0,163,41,163,10,0,10,37,23,1,5,26,3.22,31.8,2.092,46.494,1.206,0.634,0.878,0.877,shakespeare
3519,0,318,237,0,0,0,1,1,1.0,326,77,326,17,0,8,60,24,0,6,49,3.416,64.4,2.358,47.784,1.262,0.636,0.935,0.896,austen
3520,0,842,678,0,0,0,0,0,1.0,856,161,856,21,0,14,102,25,0,2,70,4.429,170.4,2.806,74.252,1.594,0.435,0.969,0.836,chesterton
3521,0,151,113,0,0,0,1,0,0.3333333333333333,159,38,159,6,0,8,29,23,0,1,24,3.342,31.0,1.744,25.807,1.226,0.632,0.868,0.874,shakespeare
3522,0,1090,860,0,0,0,0,0,2.0,1103,231,1103,26,0,13,163,24,1,3,93,3.892,219.8,2.376,224.394,1.763,0.403,0.978,0.833,austen
3523,0,894,701,0,0,1,0,0,3.0,909,189,909,19,0,15,133,25,1,9,93,3.899,181.0,2.358,60.98,1.549,0.492,0.974,0.865,chesterton
3524,0,596,439,0,0,2,0,1,0.6666666666666666,616,137,616,36,0,20,99,23,2,27,59,3.657,122.4,2.293,86.425,1.539,0.431,0.964,0.829,austen
3525,0,558,420,0,0,1,0,2,1.0,580,125,580,28,0,22,89,26,2,16,65,3.776,115.2,2.246,91.243,1.404,0.52,0.96,0.865,austen
3526,0,78,57,0,0,0,1,0,1.0,84,21,84,6,0,6,16,18,1,2,16,3.286,16.0,1.927,18.987,1.167,0.762,0.762,0.911,shakespeare
3527,0,280,210,0,0,2,1,0,2.0,288,66,288,16,0,8,51,23,3,12,30,3.621,56.8,2.326,34.288,1.404,0.455,0.924,0.812,chesterton
3528,0,443,331,0,0,2,0,0,1.3333333333333333,451,108,451,22,0,8,85,23,3,11,55,3.38,89.4,2.054,50.866,1.44,0.509,0.954,0.856,chesterton
3529,0,623,493,0,0,0,0,1,0.3333333333333333,635,126,635,18,0,12,83,25,4,5,68,4.159,126.2,2.645,97.628,1.432,0.54,0.96,0.872,austen
3530,0,639,512,0,0,0,0,0,0.25,645,127,645,14,0,6,77,24,0,1,62,4.189,128.2,2.606,71.307,1.512,0.488,0.961,0.852,austen
3531,0,440,353,0,0,1,0,0,2.0,449,83,449,17,0,9,49,24,0,4,52,4.59,89.0,3.257,47.739,1.317,0.627,0.94,0.894,chesterton
3532,0,286,206,0,0,3,1,0,1.3333333333333333,295,74,295,18,0,9,62,25,0,10,38,3.23,58.2,1.913,26.148,1.37,0.514,0.932,0.845,austen
3533,0,178,139,0,0,0,2,0,1.0,190,38,190,6,0,12,24,20,0,1,26,4.132,37.2,2.256,36.704,1.226,0.684,0.868,0.896,shakespeare
3534,0,374,288,0,0,0,0,0,0.5,385,87,385,13,0,11,64,24,1,6,49,3.586,76.2,2.122,64.107,1.403,0.563,0.943,0.871,austen
3535,8,567,417,0,3,2,0,1,1.0,647,134,647,27,2,80,90,25,0,18,57,3.955,128.6,2.681,83.539,1.614,0.425,0.963,0.825,chesterton
3536,0,369,281,0,0,0,0,0,1.0,387,86,387,14,0,18,60,24,0,10,43,3.64,76.6,2.459,63.437,1.483,0.5,0.942,0.844,chesterton
3537,0,534,417,0,0,0,0,0,3.0,540,112,540,19,0,6,78,22,0,6,62,3.955,107.2,2.562,76.888,1.383,0.554,0.955,0.875,austen
3538,0,210,158,0,0,0,0,0,1.0,221,53,221,11,0,11,40,22,0,2,26,3.396,43.4,2.248,53.13,1.395,0.491,0.906,0.821,shakespeare
3539,0,264,200,0,0,0,0,0,2.0,277,62,277,12,0,13,44,22,0,2,36,3.629,54.6,1.849,74.113,1.348,0.581,0.919,0.868,shakespeare
3540,0,409,304,0,0,1,0,3,3.0,423,96,423,22,0,14,75,25,1,13,48,3.562,83.8,2.238,21.982,1.412,0.5,0.948,0.848,austen
3541,0,1082,810,0,3,0,1,0,4.0,1150,253,1150,52,0,68,183,25,2,24,103,3.676,229.2,2.351,230.276,1.654,0.407,0.98,0.838,shakespeare
3542,0,354,266,0,0,1,0,0,0.5,365,84,365,20,0,11,64,24,2,12,39,3.56,72.2,2.356,66.601,1.448,0.464,0.94,0.827,austen
3543,0,538,428,0,0,0,0,0,3.0,546,109,546,10,0,8,68,23,0,2,62,4.092,108.4,2.295,80.451,1.346,0.569,0.954,0.88,chesterton
3544,0,360,270,0,0,4,1,0,3.0,370,81,370,19,0,10,63,25,1,10,47,3.79,73.2,2.587,45.279,1.328,0.58,0.938,0.876,chesterton
3545,0,590,444,0,0,3,0,0,1.5,600,138,600,25,0,10,103,23,0,15,68,3.529,119.2,2.159,38.648,1.551,0.493,0.964,0.856,chesterton
3546,0,558,444,0,0,0,0,0,0.14285714285714285,568,114,568,12,0,10,78,26,1,3,66,4.088,112.8,2.578,61.804,1.407,0.579,0.956,0.885,austen
3547,0,477,364,0,1,1,0,0,1.0,489,108,489,19,0,12,79,25,0,10,66,3.685,97.0,2.203,46.61,1.367,0.611,0.954,0.895,chesterton
3548,0,623,478,0,4,2,0,0,4.0,633,135,633,24,0,10,93,25,0,10,56,3.822,125.8,2.671,36.575,1.552,0.415,0.963,0.821,chesterton
3549,0,217,156,0,0,2,0,1,4.0,223,55,223,15,0,6,42,22,1,10,23,3.327,43.8,2.286,15.45,1.486,0.418,0.909,0.782,chesterton
3550,0,132,96,0,0,0,0,0,3.0,142,36,142,8,0,10,30,20,0,1,13,3.167,27.6,2.311,42.974,1.44,0.361,0.861,0.716,shakespeare
3551,0,1207,935,0,1,0,0,1,0.3,1226,251,1226,52,0,19,174,26,0,12,78,4.008,244.4,2.482,258.736,1.931,0.311,0.98,0.788,austen
3552,0,471,351,0,0,4,2,0,1.0,477,111,477,25,0,6,86,23,2,14,40,3.532,94.6,2.243,93.157,1.657,0.36,0.955,0.783,chesterton
3553,0,168,121,0,0,1,0,2,0.5,173,43,173,11,0,5,33,24,0,5,27,3.256,33.8,2.29,23.931,1.229,0.628,0.884,0.876,austen
3554,0,234,180,0,0,0,2,0,2.0,246,53,246,9,0,12,38,22,0,2,30,3.792,48.4,2.364,40.82,1.325,0.566,0.906,0.857,shakespeare
3555,0,514,393,0,0,0,0,0,2.0,534,117,534,27,0,20,78,24,2,9,64,3.761,106.0,2.487,92.852,1.393,0.547,0.957,0.873,shakespeare
3556,0,342,270,0,0,1,0,1,1.5,349,67,349,11,0,7,42,24,0,3,45,4.343,69.0,2.477,56.431,1.218,0.672,0.925,0.905,austen
3557,0,159,120,0,0,0,2,0,1.0,165,37,165,7,0,6,27,21,0,1,23,3.595,32.2,2.088,31.776,1.194,0.622,0.865,0.868,shakespeare
3558,0,541,416,1,0,0,0,0,2.0,581,125,581,17,0,40,85,25,0,6,61,3.784,115.4,2.157,141.528,1.524,0.488,0.96,0.851,shakespeare
3559,0,513,406,0,0,0,0,0,0.5,520,107,520,18,0,7,69,25,2,9,61,4.047,103.2,2.693,71.072,1.337,0.57,0.953,0.88,austen
3560,0,399,299,0,0,2,0,0,0.3333333333333333,413,96,413,21,0,14,71,25,0,11,42,3.531,81.8,2.171,47.347,1.548,0.438,0.948,0.819,austen
3561,0,426,328,0,0,1,1,0,0.3333333333333333,440,94,440,16,0,14,66,24,0,8,59,3.84,87.2,2.23,73.988,1.288,0.628,0.947,0.897,austen
3562,0,561,428,0,0,3,0,0,0.75,573,128,573,25,0,12,95,23,0,12,55,3.68,113.8,2.368,29.601,1.542,0.43,0.961,0.826,austen
3563,0,184,129,0,0,3,0,0,1.0,191,48,191,16,0,7,40,22,0,8,12,3.292,37.4,2.44,9.711,1.655,0.25,0.896,0.642,chesterton
3564,0,237,168,0,0,3,1,0,1.0,245,57,245,22,0,8,42,21,2,12,23,3.614,48.2,2.177,25.568,1.462,0.404,0.912,0.776,chesterton
3565,0,754,596,0,0,2,0,1,0.2,778,154,778,24,0,24,105,26,0,7,57,4.208,154.8,2.601,120.063,1.674,0.37,0.968,0.803,austen
3566,0,339,244,0,0,3,0,2,2.0,349,86,349,25,0,10,67,25,0,15,46,3.314,69.0,2.154,28.723,1.365,0.535,0.942,0.86,austen
3567,0,621,492,0,0,0,0,0,0.8,639,128,639,13,2,18,82,25,0,4,76,4.102,127.0,2.468,76.479,1.362,0.594,0.961,0.893,austen
3568,0,361,262,0,0,0,0,0,3.5,387,96,387,22,0,26,77,22,0,6,36,3.229,76.6,2.164,52.776,1.684,0.375,0.948,0.785,shakespeare
3569,0,832,655,0,0,1,0,1,6.0,849,174,849,23,0,17,115,26,1,6,83,4.006,169.0,2.352,93.239,1.596,0.477,0.971,0.857,chesterton
3570,0,472,361,0,0,1,1,0,1.0,487,108,487,16,2,15,78,23,0,5,65,3.667,96.6,2.122,75.301,1.367,0.602,0.954,0.892,austen
3571,0,515,386,0,0,2,0,0,2.0,524,122,524,26,0,9,94,23,4,13,63,3.492,104.0,2.171,32.427,1.371,0.516,0.959,0.862,chesterton
3572,0,62,46,0,0,0,0,0,1.0,71,17,71,5,0,9,12,17,1,2,8,3.529,13.4,2.427,9.503,1.417,0.471,0.706,0.734,shakespeare
3573,0,211,161,0,0,2,0,1,1.0,216,46,216,12,0,5,30,23,2,5,28,3.957,42.4,2.347,35.739,1.211,0.609,0.891,0.87,austen
3574,0,343,267,0,0,0,0,1,1.0,350,73,350,12,0,7,49,24,2,8,48,3.932,69.2,1.974,60.197,1.259,0.658,0.932,0.902,chesterton
3575,0,435,345,0,0,0,0,0,1.0,443,89,443,12,0,8,57,23,0,3,53,4.101,87.8,2.311,46.062,1.369,0.596,0.944,0.885,chesterton
3576,0,518,411,1,0,0,0,0,4.0,530,106,530,14,0,12,75,24,0,2,53,4.123,105.2,2.625,45.196,1.452,0.5,0.953,0.851,chesterton
3577,0,416,310,1,0,2,1,0,2.0,428,100,428,21,0,12,81,25,1,8,51,3.48,84.8,1.972,44.952,1.37,0.51,0.95,0.854,chesterton
3578,0,543,440,0,0,0,0,0,3.0,550,104,550,11,0,7,65,25,0,1,59,4.404,109.2,2.506,33.966,1.3,0.567,0.952,0.878,chesterton
3579,0,470,354,0,0,1,1,0,1.0,486,109,486,22,0,16,81,25,0,17,48,3.624,96.4,2.422,66.123,1.493,0.44,0.954,0.825,austen
3580,0,365,279,0,0,2,1,0,3.0,379,80,379,15,0,14,56,24,0,10,41,3.913,75.0,2.517,92.769,1.333,0.512,0.938,0.847,chesterton
3581,0,621,477,0,0,2,3,1,0.6666666666666666,634,131,634,25,0,13,90,22,2,13,56,3.969,126.0,2.49,80.458,1.523,0.427,0.962,0.826,austen
3582,0,1659,1293,0,0,0,0,0,0.6,1678,349,1678,66,0,19,249,25,3,19,113,3.951,334.8,2.494,512.847,2.065,0.324,0.986,0.807,austen
3583,0,416,318,1,0,0,0,1,1.0,423,98,423,17,0,7,74,25,0,2,37,3.49,83.8,2.145,37.871,1.815,0.378,0.949,0.788,chesterton
3584,0,422,309,0,0,0,0,2,0.3333333333333333,437,103,437,23,0,15,75,24,1,13,48,3.369,86.6,1.935,92.907,1.493,0.466,0.951,0.835,austen
3585,0,550,437,0,2,0,1,0,3.0,556,109,556,16,0,6,70,25,0,1,66,4.22,110.4,2.706,45.764,1.313,0.606,0.954,0.893,chesterton
3586,0,545,439,0,0,0,0,0,1.0,552,107,552,14,0,7,70,25,0,0,41,4.299,109.6,2.489,48.583,1.646,0.383,0.953,0.795,chesterton
3587,0,695,544,0,0,0,0,0,0.3333333333333333,706,150,706,20,0,11,104,24,1,3,64,3.833,140.4,2.218,95.913,1.667,0.427,0.967,0.83,austen
3588,0,609,480,0,0,0,0,0,0.5,623,128,623,18,0,14,88,24,2,3,58,4.0,123.8,2.328,144.292,1.6,0.453,0.961,0.837,austen
3589,0,442,323,0,0,4,0,0,1.0,459,109,459,26,0,17,86,25,1,15,62,3.431,91.0,1.997,84.637,1.434,0.569,0.954,0.88,austen
3590,0,379,288,0,1,0,0,0,1.0,394,89,394,17,0,15,63,23,1,7,51,3.596,78.0,2.319,156.139,1.309,0.573,0.944,0.876,shakespeare
3591,0,1245,986,0,0,0,0,0,0.125,1257,252,1257,36,0,12,164,25,3,9,123,4.103,250.6,2.431,105.746,1.647,0.488,0.98,0.87,austen
3592,0,133,96,0,0,0,1,0,1.0,142,37,142,8,0,9,28,22,0,4,24,3.054,27.6,1.747,26.978,1.276,0.649,0.865,0.88,shakespeare
3593,0,306,230,1,0,0,0,0,4.0,328,76,328,10,0,22,54,23,0,8,50,3.447,64.8,2.138,96.331,1.206,0.658,0.934,0.903,shakespeare
3594,0,357,267,0,0,0,4,0,1.0,379,86,379,15,0,22,63,23,0,5,49,3.535,75.0,2.107,52.388,1.323,0.57,0.942,0.874,shakespeare
3595,0,570,425,1,0,5,1,2,2.0,589,130,589,35,0,19,90,25,0,18,56,3.777,117.0,2.562,117.618,1.711,0.431,0.962,0.827,chesterton
3596,0,237,183,0,0,0,1,0,2.0,251,54,251,8,0,14,36,23,0,2,32,3.796,49.4,2.21,93.289,1.317,0.593,0.907,0.869,shakespeare
3597,0,831,668,0,0,0,0,0,6.0,847,164,847,17,0,16,106,25,2,3,78,4.274,168.6,2.655,90.977,1.592,0.476,0.97,0.854,chesterton
3598,0,718,551,0,0,4,1,0,0.2,731,161,731,24,0,13,118,24,0,18,66,3.702,145.4,2.103,138.055,1.66,0.41,0.969,0.825,austen
3599,0,224,167,0,0,1,0,1,2.0,233,54,233,10,0,9,41,24,0,6,36,3.481,45.8,1.959,22.253,1.2,0.667,0.907,0.898,austen
3600,0,375,278,0,1,3,0,0,2.0,388,90,388,23,0,13,66,23,2,15,45,3.578,76.8,2.477,48.879,1.475,0.5,0.944,0.846,chesterton
3601,0,1427,1114,0,0,2,0,0,0.3333333333333333,1465,311,1465,45,0,38,222,26,6,14,105,3.862,292.2,2.39,92.129,2.033,0.338,0.984,0.811,austen
3602,0,88,65,0,0,0,1,0,1.0,95,23,95,7,0,7,16,18,0,0,13,3.435,18.2,2.273,18.633,1.278,0.565,0.783,0.818,shakespeare
3603,0,73,54,0,0,0,0,0,1.0,80,19,80,6,0,7,14,21,2,2,13,3.526,15.2,2.525,16.649,1.267,0.684,0.737,0.871,shakespeare
3604,0,68,49,0,0,0,1,0,1.0,75,19,75,4,0,7,17,19,0,1,16,3.158,14.2,1.463,9.121,1.118,0.842,0.737,0.942,shakespeare
3605,0,172,132,0,0,0,1,0,1.0,185,38,185,8,0,13,24,20,0,1,23,4.026,36.2,2.477,47.278,1.226,0.605,0.868,0.862,shakespeare
3606,0,115,86,0,0,0,0,0,1.0,123,28,123,7,0,8,19,19,2,2,14,3.607,23.8,2.47,17.612,1.4,0.5,0.821,0.792,shakespeare
3607,0,826,656,0,0,1,0,0,0.5,837,168,837,25,0,11,113,25,2,8,83,4.131,166.6,2.509,145.431,1.541,0.494,0.97,0.862,austen
3608,0,229,169,0,0,0,0,1,1.0,235,56,235,13,0,6,44,23,1,6,29,3.357,46.2,1.803,27.608,1.366,0.518,0.911,0.837,austen
3609,0,94,74,0,0,0,0,0,1.0,100,21,100,5,0,6,14,20,0,0,12,4.048,19.2,2.655,30.087,1.4,0.571,0.762,0.816,shakespeare
3610,0,384,290,0,0,0,0,5,1.5,392,85,392,15,0,8,59,25,0,7,38,3.682,77.6,2.189,51.839,1.545,0.447,0.941,0.819,austen
3611,0,230,161,0,0,2,1,0,1.0,240,62,240,19,0,10,51,23,0,14,29,3.129,47.2,2.06,18.86,1.55,0.468,0.919,0.816,austen
3612,0,380,290,0,0,1,0,0,1.0,389,86,389,14,0,9,60,23,0,6,47,3.674,77.0,2.1,32.886,1.387,0.547,0.942,0.864,chesterton
3613,0,719,577,1,0,0,0,0,6.0,725,141,725,14,0,6,92,25,0,1,58,4.234,144.2,2.685,53.19,1.567,0.411,0.965,0.82,chesterton
3614,0,519,388,0,0,4,1,0,3.0,530,125,530,22,0,11,101,25,0,15,41,3.432,105.2,2.201,42.933,1.689,0.328,0.96,0.769,chesterton
3615,0,502,375,0,3,0,1,0,3.0,516,119,516,24,0,14,90,24,0,11,52,3.479,102.4,2.339,54.395,1.608,0.437,0.958,0.827,chesterton
3616,0,372,291,0,0,1,0,0,3.0,380,79,380,12,0,8,55,23,0,5,40,3.962,75.2,2.509,27.197,1.436,0.506,0.937,0.844,chesterton
3617,0,478,353,1,0,3,0,0,3.0,491,115,491,27,0,13,82,24,2,17,64,3.478,97.4,2.019,65.721,1.386,0.557,0.957,0.876,chesterton
3618,0,909,707,0,0,0,0,0,0.14285714285714285,922,200,922,27,0,13,146,26,0,5,92,3.74,183.6,2.326,138.18,1.709,0.46,0.975,0.853,austen
3619,0,414,318,0,0,0,0,0,1.0,420,97,420,11,0,6,76,24,0,5,28,3.454,83.2,1.984,27.362,1.764,0.289,0.948,0.728,chesterton
3620,0,350,260,0,0,2,1,0,3.0,356,83,356,20,0,6,58,23,0,9,40,3.518,70.4,2.002,55.27,1.482,0.482,0.94,0.835,chesterton
3621,0,493,386,0,0,0,0,0,1.0,513,107,513,19,0,20,67,24,2,10,63,3.972,101.8,2.416,88.239,1.372,0.589,0.953,0.887,shakespeare
3622,0,351,270,0,0,2,1,0,2.0,357,75,357,15,0,6,47,23,0,8,43,3.96,70.6,2.549,77.057,1.339,0.573,0.933,0.871,chesterton
3623,0,711,537,0,0,1,0,1,1.0,725,169,725,30,0,14,131,24,0,11,64,3.456,144.2,1.955,100.775,1.724,0.379,0.97,0.811,austen
3624,0,954,758,0,0,0,0,0,6.0,984,195,984,21,0,30,121,25,1,3,89,4.149,196.0,2.459,26.571,1.667,0.456,0.974,0.851,chesterton
3625,0,314,235,0,0,2,0,1,0.5,324,76,324,15,0,10,54,22,0,7,45,3.474,64.0,2.069,59.359,1.31,0.592,0.934,0.879,austen
3626,0,304,220,0,0,4,2,0,1.0,310,74,310,21,0,6,58,24,0,13,26,3.473,61.2,2.216,37.245,1.762,0.351,0.932,0.757,chesterton
3627,0,94,69,0,0,0,0,0,2.0,103,26,103,8,0,9,20,19,0,0,13,3.308,19.8,2.112,18.847,1.368,0.5,0.808,0.787,shakespeare
3628,0,140,105,0,0,0,0,0,1.0,149,36,149,7,0,9,27,20,2,1,23,3.361,29.0,2.113,37.835,1.241,0.639,0.861,0.875,shakespeare
3629,0,177,133,0,0,0,0,0,1.0,185,43,185,8,0,8,31,23,0,3,20,3.488,36.2,2.051,23.167,1.433,0.465,0.884,0.796,chesterton
3630,0,444,338,0,0,0,0,0,1.0,462,103,462,15,0,18,75,24,0,11,56,3.602,91.6,2.193,55.103,1.451,0.544,0.951,0.869,austen
3631,0,321,237,0,0,0,0,0,2.0,336,83,336,17,0,15,66,23,0,9,39,3.241,66.4,2.022,66.718,1.509,0.47,0.94,0.829,shakespeare
3632,0,345,252,0,0,2,0,0,2.0,353,88,353,18,0,8,72,23,0,7,47,3.205,69.8,1.949,39.934,1.397,0.534,0.943,0.86,chesterton
3633,0,55,40,0,0,0,0,0,1.0,60,16,60,5,0,5,10,17,0,0,6,3.125,11.2,1.857,11.713,1.778,0.375,0.688,0.646,shakespeare
3634,0,549,427,0,0,2,2,0,0.5,563,118,563,17,0,14,82,25,0,6,56,3.915,111.8,2.174,91.86,1.475,0.475,0.958,0.844,austen
3635,0,632,476,0,8,0,0,0,3.0,643,147,643,36,0,11,107,24,1,10,72,3.578,127.8,2.43,50.296,1.564,0.49,0.966,0.857,chesterton
3636,0,232,176,0,0,2,1,0,1.0,239,51,239,14,0,7,33,24,1,6,37,3.961,47.0,2.297,28.94,1.186,0.725,0.902,0.918,chesterton
3637,0,314,237,0,0,2,0,3,1.0,319,73,319,12,0,5,55,24,0,5,44,3.534,63.0,2.062,76.292,1.281,0.603,0.932,0.882,austen
3638,0,801,648,0,0,0,0,0,1.0,807,154,807,13,0,6,94,25,0,2,59,4.331,160.6,2.652,123.795,1.73,0.383,0.968,0.81,chesterton
3639,0,367,286,0,0,0,0,0,1.2,372,82,372,9,0,5,59,22,1,1,34,3.659,73.6,1.958,57.27,1.547,0.415,0.939,0.8,austen
3640,0,571,456,0,0,0,0,0,1.0,580,116,580,13,0,9,73,25,0,2,65,4.129,115.2,2.387,90.902,1.432,0.56,0.957,0.878,chesterton
3641,0,716,566,0,0,1,0,1,0.4,725,146,725,26,0,9,95,24,1,7,76,4.144,144.2,2.626,134.45,1.446,0.521,0.966,0.869,austen
3642,0,942,749,0,0,0,0,0,1.0,950,193,950,23,0,8,124,23,0,2,98,4.041,189.2,2.186,101.189,1.582,0.508,0.974,0.871,chesterton
3643,0,166,111,0,0,3,0,3,2.0,172,45,172,19,0,6,37,20,0,9,18,3.2,33.6,2.16,16.18,1.667,0.4,0.889,0.759,chesterton
3644,0,74,53,0,0,0,2,0,1.0,81,20,81,5,0,7,14,19,0,2,12,3.25,15.4,2.124,11.014,1.176,0.6,0.75,0.829,shakespeare
3645,0,280,212,0,0,0,3,0,0.5,292,65,292,8,0,12,50,23,1,1,42,3.569,57.6,1.936,34.071,1.226,0.646,0.923,0.895,shakespeare
3646,0,575,447,0,0,2,0,0,5.0,587,121,587,23,0,12,88,24,4,12,66,4.017,116.6,2.769,98.132,1.44,0.545,0.959,0.874,chesterton
3647,0,199,154,0,0,0,1,0,2.0,209,45,209,8,0,10,33,22,0,2,27,3.822,41.0,2.657,29.47,1.216,0.6,0.889,0.866,shakespeare
3648,0,1315,1044,0,0,0,0,0,1.5,1333,268,1333,35,0,18,168,26,1,4,104,4.093,265.8,2.361,135.69,1.823,0.388,0.981,0.831,austen
3649,0,465,360,0,0,2,0,1,3.0,478,102,478,18,0,13,72,24,1,13,63,3.873,94.8,2.601,73.203,1.308,0.618,0.951,0.896,austen
3650,0,659,499,0,0,0,0,0,1.0,693,157,693,29,0,34,116,25,0,12,60,3.58,137.8,2.259,142.351,1.539,0.382,0.968,0.81,shakespeare
3651,0,2830,2183,1,0,1,0,0,0.2857142857142857,2869,554,2869,154,0,39,349,27,2,55,207,4.292,573.0,2.736,578.087,1.986,0.374,0.991,0.844,austen
3652,0,68,46,0,0,0,1,0,1.0,76,22,76,6,0,8,19,20,0,2,15,2.727,14.4,1.486,9.044,1.158,0.682,0.773,0.876,shakespeare
3653,0,327,248,0,0,0,0,3,0.5,337,72,337,16,0,10,51,25,0,9,38,3.806,66.6,2.582,87.171,1.333,0.528,0.931,0.851,austen
3654,0,495,388,0,0,1,0,3,3.0,504,101,504,17,0,9,64,24,0,6,58,4.129,100.0,2.701,127.116,1.384,0.574,0.95,0.88,chesterton
3655,0,793,633,0,0,0,0,0,2.5,804,156,804,19,0,11,103,23,0,1,72,4.25,160.0,2.841,94.549,1.545,0.462,0.968,0.847,chesterton
3656,0,954,751,0,0,0,0,0,0.16666666666666666,962,200,962,27,0,8,137,24,1,4,82,3.93,191.6,2.418,96.111,1.724,0.41,0.975,0.832,austen
3657,0,421,307,0,0,0,2,1,1.0,458,107,458,22,0,37,75,24,2,18,51,3.421,90.8,2.446,89.139,1.529,0.477,0.953,0.841,shakespeare
3658,0,119,84,0,0,0,0,0,1.0,128,33,128,9,0,9,26,20,0,2,11,3.091,24.8,1.86,36.874,1.5,0.333,0.848,0.686,shakespeare
3659,0,863,648,0,0,5,0,1,0.3333333333333333,887,193,887,43,0,24,138,25,0,21,81,3.756,176.6,2.313,178.896,1.664,0.42,0.974,0.835,austen
3660,0,491,375,0,0,0,0,1,0.5,502,110,502,23,0,11,79,24,0,6,57,3.727,99.6,2.192,132.502,1.486,0.518,0.955,0.86,austen
3661,0,324,231,0,0,1,1,1,6.0,331,81,331,21,0,7,64,24,0,11,35,3.235,65.4,1.805,72.947,1.558,0.432,0.938,0.809,austen
3662,0,383,294,0,0,0,0,3,1.0,390,85,390,16,0,7,62,24,2,5,50,3.729,77.2,2.485,46.928,1.308,0.588,0.941,0.881,austen
3663,0,491,369,0,0,2,0,1,4.0,500,119,500,21,0,9,90,25,1,9,63,3.387,99.2,2.088,90.982,1.451,0.529,0.958,0.867,austen
3664,0,611,471,0,0,0,0,0,1.5,618,138,618,19,0,7,97,25,1,5,49,3.601,122.8,2.115,53.784,1.725,0.355,0.964,0.79,austen
3665,0,360,268,0,0,2,0,0,0.2,368,89,368,21,0,8,72,23,1,7,38,3.382,72.8,2.059,48.89,1.534,0.427,0.944,0.81,austen
3666,2,688,549,0,0,0,0,0,1.0,705,139,705,18,0,17,83,23,1,6,73,4.201,140.2,2.543,137.523,1.495,0.525,0.964,0.869,austen
3667,0,186,134,0,0,0,1,0,2.0,199,50,199,9,0,13,39,22,0,8,34,3.12,39.0,1.662,53.866,1.22,0.68,0.9,0.901,shakespeare
3668,0,225,175,0,0,0,0,0,1.0,238,50,238,10,0,13,31,24,0,4,33,3.96,46.8,2.547,54.49,1.25,0.66,0.9,0.894,shakespeare
3669,0,408,285,0,0,3,1,4,0.16666666666666666,420,106,420,35,0,12,87,25,1,19,46,3.189,83.2,1.938,70.45,1.582,0.434,0.953,0.821,austen
3670,0,692,518,0,0,5,0,0,0.6666666666666666,705,154,705,45,0,13,111,25,2,19,83,3.805,140.2,2.492,92.264,1.439,0.539,0.968,0.877,austen
3671,0,796,630,0,0,0,0,1,1.0,804,160,804,31,0,8,100,24,0,4,89,4.188,160.0,2.718,219.769,1.538,0.556,0.969,0.884,austen
3672,0,325,256,0,0,0,0,2,1.0,329,67,329,9,0,4,44,23,0,1,37,4.015,65.0,2.889,49.127,1.34,0.552,0.925,0.859,chesterton
3673,0,942,739,0,0,0,0,0,1.0,955,196,955,35,0,13,131,24,1,9,93,4.015,190.2,2.383,123.894,1.633,0.474,0.974,0.859,austen
3674,0,54,33,0,0,0,0,3,1.0,61,17,61,6,2,7,12,18,0,3,9,2.824,11.4,2.811,9.209,1.417,0.529,0.706,0.776,shakespeare
3675,2,449,351,0,0,0,0,0,0.5,470,94,470,14,4,21,62,25,1,7,49,4.149,93.2,2.79,110.687,1.469,0.521,0.947,0.857,austen
3676,0,672,541,0,0,0,0,0,1.0,682,132,682,8,0,10,79,25,0,2,70,4.235,135.6,2.415,35.725,1.419,0.53,0.962,0.87,chesterton
3677,0,489,371,0,0,3,0,0,2.0,504,108,504,28,0,15,72,23,1,13,54,3.907,100.0,2.405,33.563,1.5,0.5,0.954,0.852,chesterton
3678,0,640,489,0,0,0,0,0,3.0,653,140,653,34,0,13,90,24,1,8,64,3.829,129.8,2.647,85.576,1.573,0.457,0.964,0.842,austen
3679,0,538,435,0,0,0,0,0,1.0,547,102,547,8,0,9,61,26,0,1,44,4.431,108.6,2.378,49.601,1.645,0.431,0.951,0.818,chesterton
3680,0,1431,1145,0,1,0,0,0,0.8,1442,283,1442,45,0,11,183,27,2,5,116,4.244,287.6,2.852,152.813,1.769,0.41,0.982,0.842,austen
3681,0,892,710,0,1,0,0,2,0.2,904,179,904,21,0,12,117,25,0,3,86,4.156,180.0,2.508,186.289,1.584,0.48,0.972,0.859,austen
3682,0,736,579,0,0,1,0,1,1.0,748,152,748,27,0,12,99,25,0,6,88,4.079,148.8,2.892,122.365,1.434,0.579,0.967,0.891,chesterton
3683,0,869,690,0,1,0,0,0,2.0,874,175,874,22,0,5,114,24,0,2,76,4.097,174.0,2.326,123.954,1.62,0.434,0.971,0.839,chesterton
3684,0,389,300,0,0,1,0,0,1.0,397,86,397,14,0,8,61,23,0,7,51,3.791,78.6,2.526,54.321,1.323,0.593,0.942,0.883,austen
3685,0,868,684,0,0,1,0,0,3.0,877,183,877,23,0,9,119,25,1,5,78,3.929,174.6,2.372,67.987,1.679,0.426,0.973,0.836,chesterton
3686,0,252,196,0,0,0,2,0,1.0,259,55,259,7,0,7,39,22,0,6,32,3.818,51.0,2.435,37.33,1.31,0.582,0.909,0.865,austen
3687,0,197,149,0,0,0,2,0,1.0,205,46,205,11,0,8,29,22,0,5,23,3.652,40.2,2.068,50.296,1.353,0.5,0.891,0.819,shakespeare
3688,0,397,296,0,0,0,0,3,1.0,409,91,409,20,0,12,62,24,1,15,54,3.626,81.0,2.214,37.397,1.319,0.593,0.945,0.884,austen
3689,46,1103,834,0,0,1,0,0,1.0,1373,260,1373,33,4,270,162,26,0,54,79,4.396,273.8,3.083,176.084,1.831,0.304,0.981,0.786,chesterton
3690,0,503,395,0,0,0,0,0,5.0,509,109,509,12,0,6,75,24,1,2,58,3.789,101.0,2.032,38.736,1.416,0.532,0.954,0.866,chesterton
3691,0,537,392,0,0,3,0,0,0.25,550,134,550,31,0,13,107,23,0,13,60,3.313,109.2,1.796,34.824,1.54,0.448,0.963,0.836,austen
3692,0,451,343,0,0,1,0,0,1.0,463,106,463,18,0,12,78,23,0,9,60,3.547,91.8,2.062,39.182,1.413,0.566,0.953,0.878,chesterton
3693,0,336,240,1,0,3,2,0,1.0,348,75,348,29,0,12,50,25,0,16,44,3.84,68.8,2.343,52.117,1.339,0.587,0.933,0.876,austen
3694,0,448,352,0,2,0,0,0,1.0,454,89,454,20,0,6,52,21,1,2,34,4.247,90.0,2.92,92.674,1.589,0.382,0.944,0.786,chesterton
3695,0,414,296,0,0,4,0,1,0.5,429,104,429,30,0,15,80,24,0,18,51,3.365,85.0,2.159,66.806,1.444,0.49,0.952,0.847,austen
3696,0,545,400,0,0,5,1,0,4.0,561,131,561,41,0,16,98,23,2,18,62,3.565,111.4,2.337,88.325,1.523,0.473,0.962,0.847,austen
3697,0,447,329,0,0,5,0,0,3.0,458,111,458,27,0,11,83,25,0,17,48,3.396,90.8,2.086,34.281,1.563,0.432,0.955,0.822,austen
3698,0,489,366,0,0,3,1,0,5.0,504,119,504,24,0,15,90,25,2,14,57,3.454,100.0,2.205,64.062,1.506,0.479,0.958,0.846,chesterton
3699,0,93,72,0,0,0,0,0,1.0,102,22,102,5,0,9,14,19,0,1,15,3.909,19.6,2.653,22.165,1.222,0.682,0.773,0.876,shakespeare
3700,0,325,243,0,0,0,0,0,2.0,342,81,342,14,0,17,61,23,2,5,45,3.383,67.6,2.142,99.48,1.373,0.556,0.938,0.866,shakespeare
3701,0,669,525,1,0,2,0,1,5.0,677,140,677,21,0,8,96,26,1,6,68,3.986,134.6,2.693,109.778,1.538,0.486,0.964,0.854,chesterton
3702,0,1184,905,0,0,1,0,0,0.16666666666666666,1210,271,1210,50,0,26,202,26,3,30,95,3.635,241.2,2.511,144.164,1.922,0.351,0.982,0.813,austen
3703,0,320,238,0,0,3,0,0,4.0,328,74,328,22,0,8,50,23,2,8,35,3.703,64.8,2.31,14.237,1.451,0.473,0.932,0.826,chesterton
3704,0,550,438,0,0,0,0,0,1.0,555,112,555,17,0,5,75,24,0,2,54,4.107,110.2,2.842,77.95,1.534,0.482,0.955,0.845,austen
3705,0,613,471,0,0,0,0,0,1.0,631,134,631,25,0,18,92,25,0,9,55,3.843,125.4,2.217,94.778,1.595,0.41,0.963,0.818,austen
3706,0,529,400,0,0,4,0,1,1.0,545,117,545,27,0,16,80,24,1,15,49,3.855,108.2,2.383,70.857,1.603,0.419,0.957,0.817,austen
3707,0,322,241,0,0,2,1,0,3.0,331,75,331,15,0,9,58,25,0,8,39,3.587,65.4,2.331,42.741,1.364,0.52,0.933,0.849,austen
3708,0,470,362,0,0,0,0,0,6.0,479,102,479,22,0,9,69,24,0,7,42,3.863,95.0,2.64,55.969,1.594,0.412,0.951,0.808,austen
3709,0,934,729,0,0,1,0,0,3.0,950,202,950,32,0,16,137,26,2,6,90,3.856,189.2,2.323,13.918,1.697,0.446,0.975,0.848,chesterton
3710,0,278,211,0,0,1,1,0,2.0,289,65,289,10,0,11,48,24,0,6,39,3.615,57.0,2.199,23.259,1.25,0.6,0.923,0.878,chesterton
3711,0,433,325,0,0,0,0,1,0.3333333333333333,450,96,450,24,0,17,68,26,1,12,46,3.812,89.2,2.625,87.534,1.455,0.479,0.948,0.839,austen
3712,0,714,564,0,0,0,0,0,1.0,733,147,733,21,0,19,94,23,0,1,69,4.109,145.8,2.521,89.368,1.581,0.469,0.966,0.848,chesterton
3713,0,388,293,0,0,1,0,0,2.0,396,93,396,17,0,8,67,23,1,7,43,3.441,78.4,2.296,68.416,1.525,0.462,0.946,0.83,austen
3714,0,378,279,0,0,2,0,1,2.0,387,93,387,20,0,9,75,25,0,12,52,3.366,76.6,2.156,62.376,1.453,0.559,0.946,0.872,austen
3715,0,219,154,0,0,3,1,0,1.0,230,57,230,21,0,11,41,23,1,12,32,3.368,45.2,2.602,19.228,1.425,0.561,0.912,0.857,chesterton
3716,0,535,411,0,0,2,0,1,2.0,542,117,542,25,0,7,83,25,0,9,59,3.821,107.6,2.452,46.463,1.462,0.504,0.957,0.856,austen
3717,0,106,77,0,0,0,2,1,1.0,113,27,113,8,0,7,21,21,0,4,19,3.407,21.8,2.952,18.13,1.174,0.704,0.815,0.893,shakespeare
3718,0,135,99,0,0,0,1,0,1.0,146,35,146,7,0,11,28,22,1,4,24,3.343,28.4,2.351,38.227,1.207,0.686,0.857,0.894,shakespeare
3719,0,175,130,0,0,0,2,2,1.0,182,38,182,10,0,7,30,24,0,4,25,3.868,35.6,2.896,11.866,1.152,0.658,0.868,0.885,austen
3720,0,387,288,0,0,3,2,0,0.2,394,92,394,19,0,7,72,24,0,8,43,3.478,78.0,2.083,62.133,1.484,0.467,0.946,0.832,austen
3721,0,308,236,0,0,0,0,0,2.0,315,73,315,10,0,7,55,22,0,6,29,3.466,62.2,2.18,21.112,1.587,0.397,0.932,0.785,chesterton
3722,0,322,245,0,1,0,0,1,1.0,329,75,329,13,0,7,56,25,1,5,48,3.547,65.0,2.088,47.979,1.23,0.64,0.933,0.897,chesterton
3723,0,1139,887,0,0,1,0,0,1.3333333333333333,1159,246,1159,41,5,20,173,26,0,9,110,3.882,231.0,2.707,144.591,1.72,0.447,0.98,0.854,austen
3724,0,150,114,0,0,0,0,0,1.0,163,36,163,7,0,13,22,22,0,3,23,3.722,31.8,2.433,40.183,1.286,0.639,0.861,0.875,shakespeare
3725,0,136,103,0,0,0,1,0,1.0,145,33,145,6,0,9,24,21,0,3,20,3.576,28.2,1.921,17.81,1.222,0.606,0.848,0.857,shakespeare
3726,3,469,376,0,0,0,0,0,1.0,483,91,483,12,0,14,55,24,1,6,58,4.418,95.8,2.667,95.631,1.358,0.637,0.945,0.9,chesterton
3727,0,385,286,0,0,3,1,0,4.0,394,93,394,20,0,9,71,25,1,12,50,3.462,78.0,2.134,46.26,1.368,0.538,0.946,0.863,chesterton
3728,0,921,722,0,2,0,0,0,0.2,937,195,937,30,0,16,134,25,0,4,92,3.938,186.6,2.354,142.369,1.612,0.472,0.974,0.858,austen
3729,0,47,35,0,0,0,1,0,1.0,54,12,54,3,0,7,7,17,0,2,8,3.75,10.0,2.379,7.842,1.091,0.667,0.583,0.837,shakespeare
3730,0,374,282,0,1,0,1,1,0.3333333333333333,380,87,380,19,0,6,60,24,0,2,35,3.54,75.2,2.225,51.222,1.642,0.402,0.943,0.796,austen
3731,0,808,624,0,0,3,0,0,4.0,818,172,818,37,0,10,116,26,2,17,73,3.948,162.8,2.715,182.228,1.686,0.424,0.971,0.834,chesterton
3732,0,55,40,0,0,0,0,0,1.0,61,16,61,4,0,6,12,18,0,1,13,3.125,11.4,1.708,11.127,1.143,0.812,0.688,0.925,shakespeare
3733,0,254,189,0,0,0,1,0,1.0,271,63,271,11,0,17,48,22,0,6,33,3.444,53.4,1.865,34.595,1.37,0.524,0.921,0.844,shakespeare
3734,0,1018,795,0,0,0,0,0,0.8333333333333334,1030,215,1030,38,0,12,155,26,2,8,85,3.935,205.2,2.624,137.527,1.807,0.395,0.977,0.827,austen
3735,0,489,386,0,0,0,0,0,2.5,498,104,498,12,0,9,71,23,0,1,48,3.913,98.8,2.611,14.822,1.529,0.462,0.952,0.834,chesterton
3736,0,875,686,0,0,0,0,0,2.0,919,188,919,29,0,44,116,25,0,8,91,4.037,183.0,2.316,102.274,1.528,0.484,0.973,0.861,shakespeare
3737,0,227,172,0,0,3,1,0,2.0,231,48,231,15,0,4,30,21,1,7,26,4.104,45.4,2.562,36.828,1.297,0.542,0.896,0.842,chesterton
3738,0,311,239,0,0,3,0,2,2.0,316,66,316,15,0,5,46,24,0,7,39,4.015,62.4,2.964,30.419,1.245,0.591,0.924,0.874,chesterton
3739,0,561,421,0,1,4,0,0,1.0,578,130,578,30,0,17,94,23,0,16,55,3.662,114.8,2.532,63.444,1.646,0.423,0.962,0.823,austen
3740,0,297,214,0,0,2,0,1,2.0,308,77,308,16,0,11,62,25,1,14,43,3.208,60.8,1.901,12.235,1.426,0.558,0.935,0.866,chesterton
3741,0,108,77,0,0,0,1,0,1.0,115,30,115,6,0,7,26,21,1,0,22,3.0,22.2,1.486,22.298,1.111,0.733,0.833,0.909,shakespeare
3742,0,272,197,0,0,2,0,0,1.0,279,69,279,20,0,7,50,23,0,12,35,3.319,55.0,2.018,62.422,1.408,0.507,0.928,0.84,austen
3743,0,169,125,0,0,0,0,0,1.0,178,44,178,5,0,9,38,23,0,9,29,3.159,34.8,1.613,37.131,1.222,0.659,0.886,0.89,shakespeare
3744,0,290,224,0,0,0,0,3,0.2,297,64,297,8,0,7,45,24,0,1,32,3.734,58.6,2.147,34.933,1.391,0.5,0.922,0.833,austen
3745,0,384,288,0,0,0,3,0,2.0,410,89,410,21,0,26,58,23,2,9,32,3.764,81.2,2.251,65.762,1.561,0.36,0.944,0.772,shakespeare
3746,2,380,294,0,0,0,0,0,0.5,399,80,399,23,0,19,54,24,1,8,41,4.2,79.0,2.852,59.703,1.481,0.512,0.938,0.847,austen
3747,0,624,487,0,0,0,0,0,4.0,630,137,630,13,0,6,102,24,0,2,61,3.693,125.2,2.127,70.123,1.612,0.445,0.964,0.836,chesterton
3748,0,718,570,1,0,1,0,0,1.0,725,143,725,18,0,7,95,25,0,7,80,4.175,144.2,2.582,124.863,1.43,0.559,0.965,0.883,austen
3749,0,67,49,0,0,0,1,0,1.0,74,18,74,4,0,7,14,20,0,1,16,3.333,14.0,1.847,11.203,1.059,0.889,0.722,0.959,shakespeare
3750,0,607,455,0,2,2,1,3,1.0,624,138,624,34,0,17,102,24,0,16,57,3.696,124.0,2.533,51.327,1.5,0.413,0.964,0.821,austen
3751,0,2762,2226,0,0,0,0,0,0.7,2779,536,2779,54,0,17,330,27,1,5,203,4.285,555.0,2.704,320.169,2.023,0.379,0.991,0.845,austen
3752,1,268,201,0,0,3,1,0,1.0,283,62,283,15,0,15,40,24,0,11,28,3.839,55.8,2.219,46.446,1.476,0.452,0.919,0.807,chesterton
3753,0,579,459,0,1,0,0,0,1.0,589,119,589,13,0,10,80,26,0,3,65,4.05,117.0,2.449,33.912,1.434,0.546,0.958,0.873,chesterton
3754,0,654,486,0,0,1,0,0,1.3333333333333333,667,153,667,36,0,13,112,25,0,18,66,3.51,132.6,2.233,109.491,1.611,0.431,0.967,0.833,austen
3755,0,566,422,0,0,3,1,0,3.0,572,135,572,30,0,6,101,25,3,13,59,3.437,113.6,1.93,39.475,1.534,0.437,0.963,0.831,chesterton
3756,0,265,183,0,3,1,1,0,0.5,276,67,276,28,0,11,51,23,0,10,29,3.373,54.4,2.014,37.501,1.457,0.433,0.925,0.801,austen
3757,0,909,699,0,0,3,1,2,2.0,923,196,923,37,0,14,136,25,0,16,91,3.862,183.8,2.449,235.278,1.607,0.464,0.974,0.855,austen
3758,0,89,64,0,0,0,1,1,1.0,98,24,98,5,0,9,15,20,0,1,19,3.25,18.8,1.847,9.094,1.091,0.792,0.792,0.926,shakespeare
3759,0,340,246,0,0,3,2,0,3.0,349,86,349,21,0,9,67,23,0,14,35,3.279,69.0,2.027,37.108,1.509,0.407,0.942,0.798,austen
3760,0,128,99,0,0,0,0,0,1.0,135,30,135,6,0,7,22,20,0,2,14,3.733,26.2,2.067,20.741,1.364,0.467,0.833,0.776,shakespeare
3761,0,754,600,0,1,0,0,0,5.0,763,153,763,21,0,9,104,26,3,5,75,4.124,151.8,2.841,85.11,1.545,0.49,0.967,0.858,chesterton
3762,0,350,258,0,0,3,1,0,1.0,361,88,361,19,0,11,72,23,0,11,48,3.352,71.4,2.034,24.603,1.397,0.545,0.943,0.865,austen
3763,0,461,352,0,1,2,0,0,0.5,469,103,469,20,0,8,76,24,0,8,56,3.728,93.0,2.541,49.8,1.392,0.544,0.951,0.869,austen
3764,0,462,369,0,0,0,0,0,0.2,474,92,474,15,0,12,58,25,1,3,51,4.304,94.0,2.812,59.152,1.373,0.554,0.946,0.87,austen
3765,2,921,728,0,0,0,0,0,1.25,951,185,951,30,0,30,124,25,1,11,85,4.259,189.4,2.722,132.553,1.595,0.459,0.973,0.851,austen
3766,0,177,134,0,0,0,0,0,1.0,188,41,188,9,0,11,27,21,0,3,34,3.756,36.8,2.332,47.929,1.108,0.829,0.878,0.95,shakespeare
3767,1,431,335,0,1,1,0,1,1.0,444,90,444,20,1,13,57,26,0,5,55,4.122,88.0,2.816,92.474,1.324,0.611,0.944,0.891,chesterton
3768,0,708,548,0,0,0,0,0,0.6666666666666666,722,155,722,27,0,14,108,25,1,6,67,3.8,143.6,2.359,87.128,1.685,0.432,0.968,0.834,austen
3769,0,445,337,0,0,6,0,0,1.0,454,99,454,27,0,9,64,25,1,14,58,3.889,90.0,2.351,56.467,1.435,0.586,0.949,0.884,chesterton
3770,0,1148,917,0,0,0,1,0,0.16666666666666666,1153,226,1153,34,0,5,141,25,0,3,108,4.23,229.8,2.579,146.338,1.65,0.478,0.978,0.864,austen
3771,0,56,38,0,1,0,1,0,1.0,66,17,66,5,0,10,14,16,0,1,12,3.118,12.4,1.764,7.701,1.214,0.706,0.706,0.877,shakespeare
3772,0,849,668,0,0,0,0,0,5.0,868,177,868,25,0,19,118,25,1,7,85,4.034,172.8,2.488,59.751,1.58,0.48,0.972,0.858,chesterton
3773,0,507,361,0,0,2,2,1,1.5,530,127,530,35,0,23,103,23,0,20,55,3.339,105.2,1.997,53.138,1.587,0.433,0.961,0.827,austen
3774,0,827,603,0,3,2,0,1,3.0,854,198,854,63,0,27,149,23,2,35,86,3.52,170.0,2.5,72.44,1.65,0.434,0.975,0.842,austen
3775,0,460,352,0,0,1,1,0,1.0,468,97,468,24,0,8,61,22,4,11,51,3.99,92.8,2.413,49.282,1.406,0.526,0.948,0.859,chesterton
3776,0,300,223,0,0,2,1,0,1.0,314,68,314,18,0,14,45,23,1,12,37,3.809,62.0,2.274,43.686,1.333,0.544,0.926,0.856,chesterton
3777,0,287,200,0,0,2,2,0,1.0,295,76,295,25,0,8,60,23,1,13,34,3.132,58.2,1.921,17.341,1.462,0.447,0.934,0.814,austen
3778,0,769,598,0,0,1,0,3,0.16666666666666666,791,163,791,25,0,22,117,26,2,13,78,3.975,157.4,2.383,109.74,1.523,0.479,0.969,0.855,austen
3779,0,126,93,0,0,0,1,0,1.0,134,33,134,6,0,8,26,22,1,4,24,3.242,26.0,2.047,20.359,1.138,0.727,0.848,0.909,shakespeare
3780,0,464,336,0,0,3,0,2,1.0,475,114,475,31,0,11,94,23,0,19,52,3.368,94.2,2.183,66.732,1.541,0.456,0.956,0.834,austen
3781,0,508,382,0,0,5,1,0,0.5,513,112,513,29,0,5,78,25,0,18,49,3.804,101.8,2.799,76.077,1.534,0.438,0.955,0.825,austen
3782,0,470,368,0,0,1,0,0,0.2,476,101,476,16,0,6,69,26,0,2,54,3.881,94.4,2.414,73.016,1.403,0.535,0.95,0.864,austen
3783,0,513,380,0,0,3,0,1,1.0,525,123,525,27,0,12,93,24,0,17,60,3.463,104.2,2.47,59.239,1.482,0.488,0.959,0.851,austen
3784,0,65,48,0,0,0,0,0,1.0,73,18,73,5,0,8,13,19,0,2,12,3.389,13.8,2.033,8.786,1.286,0.667,0.722,0.86,shakespeare
3785,0,317,234,0,0,3,1,1,1.0,323,76,323,18,0,6,62,23,0,12,35,3.5,63.8,2.301,73.517,1.407,0.461,0.934,0.821,austen
3786,0,58,41,0,0,0,1,0,1.0,66,17,66,4,0,8,13,18,0,3,10,3.118,12.4,2.147,14.993,1.308,0.588,0.706,0.813,shakespeare
3787,0,366,278,0,0,2,0,0,4.0,374,81,374,19,0,8,56,25,1,9,51,3.815,74.0,2.388,62.201,1.227,0.63,0.938,0.895,austen
3788,0,197,140,0,0,1,0,0,1.0,207,54,207,17,0,10,43,25,1,8,36,3.148,40.6,2.041,12.239,1.286,0.667,0.907,0.898,austen
3789,0,688,552,0,0,0,0,0,1.0,693,137,693,15,0,5,89,24,0,2,62,4.175,137.8,2.242,61.8,1.575,0.453,0.964,0.839,chesterton
3790,0,289,208,0,0,2,5,1,1.0,297,70,297,21,0,8,55,24,0,11,38,3.457,58.6,1.976,40.004,1.373,0.543,0.929,0.856,austen
3791,0,451,353,0,0,0,0,0,2.0,464,99,464,12,0,13,72,24,1,5,45,3.818,92.0,2.149,64.556,1.5,0.455,0.949,0.828,austen
3792,0,585,455,0,0,2,0,0,2.0,592,124,592,19,0,7,82,25,0,7,72,3.919,117.6,2.023,72.518,1.393,0.581,0.96,0.887,chesterton
3793,0,152,113,0,0,0,0,0,1.0,160,40,160,6,0,8,29,21,0,3,28,3.175,31.2,1.599,30.31,1.212,0.7,0.875,0.903,shakespeare
3794,0,131,94,0,0,0,1,0,1.0,140,35,140,7,0,9,29,19,0,3,29,3.143,27.2,1.683,20.897,1.094,0.829,0.857,0.947,shakespeare
3795,0,585,458,0,1,0,0,1,1.0,598,118,598,22,0,13,79,25,0,6,53,4.178,118.8,2.94,79.055,1.494,0.449,0.958,0.832,chesterton
3796,0,300,227,0,0,0,1,0,1.0,309,72,309,12,0,9,54,23,0,6,45,3.458,61.0,2.301,35.784,1.333,0.625,0.931,0.89,austen
3797,0,481,367,0,0,0,3,0,1.0,489,103,489,25,0,8,73,25,2,10,41,3.883,97.0,2.651,66.457,1.493,0.398,0.951,0.801,austen
3798,0,82,61,0,0,0,0,0,1.0,91,22,91,5,0,9,16,19,1,2,19,3.409,17.4,1.919,14.926,1.1,0.864,0.773,0.953,shakespeare
3799,0,119,88,0,0,0,0,0,1.0,126,29,126,6,3,7,18,20,0,2,16,3.586,24.4,2.486,35.289,1.381,0.552,0.828,0.823,shakespeare
3800,0,429,327,1,0,2,1,0,2.0,440,97,440,18,0,11,67,23,1,11,54,3.711,87.2,2.47,48.997,1.366,0.557,0.948,0.872,chesterton
3801,0,400,296,0,0,2,1,0,0.3333333333333333,412,92,412,23,0,12,61,24,0,11,49,3.652,81.6,2.135,73.276,1.394,0.533,0.946,0.861,austen
3802,0,588,460,0,0,0,0,0,2.0,597,126,597,16,0,9,83,25,0,7,66,3.857,118.6,2.376,64.921,1.448,0.524,0.96,0.866,chesterton
3803,0,540,406,0,0,2,1,0,0.6666666666666666,559,120,559,35,0,19,88,25,1,19,60,3.875,111.0,2.803,27.019,1.446,0.5,0.958,0.855,austen
3804,0,1189,949,0,0,0,0,0,5.0,1195,238,1195,23,0,6,153,26,2,5,117,4.109,238.2,2.368,164.176,1.587,0.492,0.979,0.87,chesterton
3805,0,1027,768,0,0,2,0,0,1.0,1048,235,1048,54,0,21,174,25,2,29,96,3.604,208.8,2.313,130.888,1.728,0.409,0.979,0.836,austen
3806,0,539,413,0,0,2,0,0,2.0,552,122,552,21,0,13,85,25,1,19,46,3.713,109.6,2.344,79.185,1.627,0.377,0.959,0.797,austen
3807,0,108,79,1,0,0,0,0,1.0,122,29,122,6,0,14,21,20,0,3,18,3.414,23.6,1.937,14.519,1.16,0.621,0.828,0.858,shakespeare
3808,0,918,686,1,0,0,0,0,1.0,972,223,972,38,0,54,163,23,0,15,79,3.489,193.6,1.959,145.747,1.798,0.354,0.978,0.808,shakespeare
3809,0,431,322,0,0,4,2,0,3.0,440,98,440,25,0,9,75,25,2,17,46,3.735,87.2,2.543,56.645,1.485,0.469,0.949,0.835,chesterton
3810,0,344,261,0,0,1,0,0,1.0,357,81,357,14,0,13,55,23,0,8,30,3.605,70.6,2.223,63.295,1.62,0.37,0.938,0.774,chesterton
3811,0,319,240,0,0,2,1,0,1.5,325,75,325,18,0,6,53,25,2,8,38,3.573,64.2,2.163,32.645,1.415,0.507,0.933,0.843,chesterton
3812,0,331,247,0,0,0,0,0,2.0,343,82,343,16,0,12,66,23,1,6,44,3.354,67.8,2.219,83.356,1.414,0.537,0.939,0.859,shakespeare
3813,0,1385,1082,0,0,3,0,0,0.25,1410,293,1410,48,0,25,201,25,1,19,102,3.962,281.2,2.54,310.166,1.928,0.348,0.983,0.814,austen
3814,0,366,271,0,0,4,1,1,4.0,376,86,376,26,0,10,59,23,2,16,32,3.686,74.4,2.412,48.06,1.686,0.372,0.942,0.778,chesterton
3815,0,209,149,0,0,3,1,0,1.0,220,54,220,18,0,11,45,23,2,9,32,3.407,43.2,2.236,25.213,1.286,0.593,0.907,0.869,chesterton
3816,2,695,537,0,0,1,0,0,2.0,722,155,722,24,0,27,105,23,1,13,93,3.806,143.6,2.302,50.143,1.396,0.6,0.968,0.899,chesterton
3817,0,807,621,0,0,3,0,0,3.5,816,178,816,27,0,9,131,24,0,11,69,3.736,162.4,2.303,35.43,1.712,0.388,0.972,0.817,chesterton
3818,0,1028,808,0,0,2,2,0,1.0,1043,215,1043,28,0,15,146,25,1,12,94,3.977,207.8,2.46,82.539,1.581,0.437,0.977,0.846,austen
3819,0,309,238,0,0,0,1,0,1.0,327,70,327,12,0,18,45,23,1,5,47,3.829,64.6,2.252,75.089,1.228,0.671,0.929,0.906,shakespeare
3820,0,652,496,0,2,3,0,1,0.25,666,146,666,29,0,14,112,26,1,17,72,3.733,132.4,2.431,111.307,1.553,0.493,0.966,0.858,austen
3821,0,220,161,0,0,1,2,0,1.0,228,57,228,11,0,8,44,24,0,7,34,3.193,44.8,2.091,15.45,1.295,0.596,0.912,0.872,austen
3822,0,341,253,0,0,1,0,0,2.0,354,83,354,18,0,13,61,24,1,17,49,3.47,70.0,2.172,49.925,1.383,0.59,0.94,0.881,austen
3823,0,271,208,0,0,0,0,0,1.0,288,62,288,11,0,17,41,24,1,5,47,3.806,56.8,2.149,68.715,1.192,0.758,0.919,0.933,shakespeare
3824,0,822,624,0,0,3,0,1,1.0,846,191,846,33,0,24,139,23,2,21,79,3.602,168.4,2.122,98.221,1.675,0.414,0.974,0.832,austen
3825,0,378,291,0,0,0,0,0,2.0,386,88,386,13,0,8,67,25,1,5,49,3.557,76.4,2.238,30.786,1.375,0.557,0.943,0.869,austen
3826,0,950,747,0,0,1,0,0,8.0,963,200,963,28,0,13,134,25,2,5,92,3.95,191.8,2.445,66.702,1.681,0.46,0.975,0.853,chesterton
3827,0,174,127,0,0,2,1,1,1.0,181,44,181,13,0,7,34,21,1,8,31,3.432,35.4,2.245,22.075,1.189,0.705,0.886,0.907,austen
3828,0,369,273,0,0,2,0,0,1.0,375,88,375,21,0,6,69,23,0,9,42,3.477,74.2,1.988,14.446,1.571,0.477,0.943,0.835,chesterton
3829,0,88,68,0,0,0,1,0,1.0,97,20,97,5,0,9,12,19,0,2,13,4.1,18.6,3.508,8.905,1.25,0.65,0.75,0.856,shakespeare
3830,0,531,410,0,0,0,0,0,0.3333333333333333,543,122,543,17,0,12,89,23,0,10,51,3.598,107.8,2.541,94.55,1.671,0.418,0.959,0.818,austen
3831,0,419,329,0,0,1,0,1,2.0,427,88,427,13,0,8,59,23,0,8,54,4.023,84.6,2.299,58.475,1.313,0.614,0.943,0.891,chesterton
3832,0,657,505,0,0,4,0,0,0.5,671,145,671,27,0,14,100,24,0,16,62,3.821,133.4,2.578,39.278,1.593,0.428,0.966,0.829,austen
3833,0,430,306,0,7,0,0,0,0.5,440,112,440,28,0,10,93,23,0,7,50,3.071,87.2,1.653,77.921,1.534,0.446,0.955,0.829,austen
3834,0,469,361,0,0,1,1,0,3.0,479,104,479,15,0,10,75,24,1,10,53,3.75,95.0,2.404,79.13,1.387,0.51,0.952,0.855,chesterton
3835,0,317,242,0,0,1,0,1,2.0,326,73,326,14,0,9,51,24,0,6,43,3.671,64.4,2.141,27.006,1.304,0.589,0.932,0.877,austen
3836,0,390,287,0,0,3,1,1,4.0,399,97,399,20,0,9,75,24,2,15,52,3.33,79.0,2.04,55.466,1.426,0.536,0.948,0.864,chesterton
3837,0,899,709,0,0,2,2,0,2.0,914,183,914,31,0,15,121,26,0,9,91,4.148,182.0,2.636,126.24,1.538,0.497,0.973,0.866,austen
3838,0,922,718,1,0,1,0,0,3.6666666666666665,931,197,931,26,0,9,140,25,0,5,84,3.832,185.4,2.377,101.231,1.713,0.426,0.975,0.839,austen
3839,0,451,327,0,0,1,1,1,0.5,464,107,464,33,0,13,80,23,1,15,55,3.523,92.0,2.152,133.111,1.446,0.514,0.953,0.858,austen
3840,0,328,247,0,0,1,1,1,1.0,344,74,344,24,0,16,45,23,1,11,40,3.932,68.0,3.094,41.827,1.48,0.541,0.932,0.857,chesterton
3841,0,165,110,0,0,2,0,1,4.0,177,50,177,16,0,12,46,22,1,9,24,2.88,34.6,1.649,9.839,1.429,0.48,0.9,0.812,austen
3842,0,596,469,0,0,1,1,0,3.0,601,125,601,15,0,5,83,23,0,3,61,3.928,119.4,2.229,65.325,1.488,0.488,0.96,0.851,chesterton
3843,0,781,620,0,0,1,0,0,1.5,793,159,793,24,0,12,104,25,0,3,81,4.138,157.8,2.697,88.5,1.486,0.509,0.969,0.867,austen
3844,0,158,113,0,0,0,1,0,1.0,170,42,170,11,0,12,32,21,0,6,22,3.238,33.2,2.272,32.042,1.355,0.524,0.881,0.827,shakespeare
3845,0,396,278,0,0,3,1,1,3.0,414,105,414,32,0,18,83,24,0,21,45,3.181,82.0,1.905,86.753,1.591,0.429,0.952,0.818,austen
3846,0,215,168,0,0,0,0,0,1.0,230,46,230,6,0,15,29,23,1,4,36,4.109,45.2,2.233,77.316,1.095,0.783,0.891,0.936,shakespeare
3847,0,520,406,0,0,2,1,0,2.0,529,109,529,15,0,9,76,25,0,8,55,4.0,105.0,2.384,62.602,1.38,0.505,0.954,0.854,chesterton
3848,0,512,391,0,0,2,0,0,2.0,520,116,520,25,0,8,86,24,0,9,44,3.698,103.2,2.503,55.052,1.758,0.379,0.957,0.796,austen
3849,0,226,173,0,0,0,2,0,1.0,244,51,244,12,0,18,31,22,0,4,36,3.98,48.0,2.565,54.129,1.214,0.706,0.902,0.911,shakespeare
3850,0,167,122,0,0,2,2,0,1.0,170,38,170,14,0,3,29,22,1,7,23,3.816,33.2,2.598,7.823,1.357,0.605,0.868,0.862,chesterton
3851,0,359,269,0,0,4,3,0,0.5,365,82,365,20,0,6,62,25,1,13,43,3.695,72.2,2.428,55.979,1.464,0.524,0.939,0.854,chesterton
3852,0,250,189,0,0,1,1,2,3.0,257,56,257,10,0,7,38,25,0,6,36,3.714,50.6,2.286,19.373,1.167,0.643,0.911,0.89,austen
3853,0,68,48,0,0,0,2,0,1.0,73,18,73,5,0,5,12,20,0,0,14,3.222,13.8,1.833,16.634,1.125,0.778,0.722,0.913,shakespeare
3854,0,99,72,0,0,0,1,0,1.0,108,27,108,6,0,9,21,21,1,5,18,3.222,20.8,2.082,20.608,1.227,0.667,0.815,0.877,shakespeare
3855,0,222,163,0,0,0,0,0,1.0,235,57,235,14,0,13,41,20,1,6,28,3.333,46.2,1.884,51.529,1.326,0.491,0.912,0.824,shakespeare
3856,0,1099,833,0,0,3,1,5,1.5,1125,235,1125,66,0,26,156,27,1,23,94,3.966,224.2,2.504,145.694,1.715,0.4,0.979,0.832,austen
3857,0,1106,851,0,0,1,0,0,0.7,1121,244,1121,40,0,15,181,25,1,13,86,3.725,223.4,2.157,167.255,1.906,0.352,0.98,0.81,austen
3858,0,836,646,0,0,0,0,0,1.0,857,187,857,23,0,21,134,26,0,11,85,3.69,170.6,2.253,76.852,1.598,0.455,0.973,0.849,austen
3859,0,354,271,0,0,1,0,1,1.0,361,80,361,12,0,7,62,23,0,4,34,3.663,71.4,2.338,34.58,1.404,0.425,0.938,0.805,chesterton
3860,0,427,301,0,0,0,1,4,0.5,444,113,444,37,0,17,90,25,0,12,48,3.142,88.0,1.807,72.914,1.527,0.425,0.956,0.819,austen
3861,0,289,227,0,0,0,1,0,2.0,296,59,296,12,0,7,36,23,0,4,40,4.186,58.4,2.508,27.727,1.229,0.678,0.915,0.905,austen
3862,0,489,369,1,0,2,1,1,6.0,499,118,499,24,0,10,90,25,0,8,56,3.449,99.0,2.194,101.035,1.494,0.475,0.958,0.844,austen
3863,0,352,265,0,0,1,0,0,0.75,360,80,360,20,0,8,56,23,0,10,41,3.712,71.2,2.481,30.507,1.356,0.512,0.938,0.847,austen
3864,0,482,377,0,0,2,0,0,1.0,489,96,489,21,0,7,61,27,1,10,58,4.271,97.0,2.519,35.791,1.28,0.604,0.948,0.89,chesterton
3865,0,289,216,0,0,3,0,1,1.0,296,66,296,19,0,7,48,24,0,11,35,3.788,58.4,3.036,35.253,1.375,0.53,0.924,0.849,chesterton
3866,0,416,320,0,0,0,0,1,0.5,425,93,425,15,0,9,67,23,1,6,62,3.71,84.2,2.093,119.92,1.257,0.667,0.946,0.911,austen
3867,0,282,201,0,0,3,0,0,1.0,291,75,291,18,0,9,61,21,1,14,25,3.133,57.4,2.101,24.765,1.829,0.333,0.933,0.746,chesterton
3868,0,539,420,0,0,0,1,1,0.2857142857142857,551,110,551,25,0,12,71,24,0,6,57,4.155,109.4,2.73,71.434,1.467,0.518,0.955,0.86,austen
3869,0,132,100,0,0,0,0,0,2.0,141,32,141,7,0,9,21,21,0,1,20,3.625,27.4,2.352,34.056,1.231,0.625,0.844,0.864,shakespeare
3870,0,415,324,0,0,0,1,2,1.0,420,85,420,17,0,5,53,22,0,3,45,4.071,83.2,2.711,49.907,1.371,0.529,0.941,0.857,austen
3871,0,530,397,0,0,1,0,2,1.0,545,128,545,28,0,15,95,24,2,16,61,3.461,108.2,2.3,80.856,1.506,0.477,0.961,0.847,austen
3872,0,655,503,0,0,0,1,0,4.0,664,145,664,27,0,9,103,25,0,11,69,3.731,132.0,2.495,84.688,1.51,0.476,0.966,0.851,austen
3873,0,539,413,0,0,3,1,1,3.0,556,115,556,21,0,17,75,24,0,14,52,3.983,110.4,2.471,48.05,1.575,0.452,0.957,0.833,chesterton
3874,0,356,270,0,0,0,0,0,1.0,378,84,378,17,0,22,57,23,0,7,52,3.679,74.8,2.191,90.665,1.333,0.619,0.94,0.892,shakespeare
3875,0,153,115,0,0,0,1,0,1.0,164,38,164,9,0,11,24,22,0,3,25,3.553,32.0,2.688,36.871,1.267,0.658,0.868,0.885,shakespeare
3876,0,246,180,0,0,1,2,0,2.0,254,59,254,15,0,8,45,23,1,8,28,3.508,50.0,2.128,45.618,1.341,0.475,0.915,0.817,chesterton
3877,0,147,110,0,0,0,0,0,0.5,152,37,152,9,0,5,28,23,1,4,27,3.405,29.6,2.254,16.592,1.194,0.73,0.865,0.913,austen
3878,0,691,542,0,1,0,0,0,3.0,697,147,697,23,0,6,102,24,2,6,71,3.884,138.6,2.409,91.92,1.564,0.483,0.966,0.854,austen
3879,0,375,281,1,0,0,2,1,4.0,397,90,397,17,0,22,65,22,2,6,41,3.556,78.6,2.404,70.436,1.475,0.456,0.944,0.825,shakespeare
3880,0,209,151,0,0,0,1,0,2.0,218,56,218,14,0,9,43,23,2,8,33,3.107,42.8,1.979,47.757,1.333,0.589,0.911,0.869,shakespeare
3881,0,457,359,0,0,0,0,2,1.0,466,97,466,13,0,9,63,24,0,2,53,3.938,92.4,2.384,18.849,1.386,0.546,0.948,0.868,austen
3882,0,301,230,0,0,1,0,0,2.0,308,68,308,13,0,7,48,23,0,4,39,3.721,60.8,2.122,47.825,1.236,0.574,0.926,0.868,austen
3883,0,411,304,0,1,1,1,1,2.0,422,100,422,19,0,11,79,23,0,6,51,3.36,83.6,2.091,77.78,1.449,0.51,0.95,0.854,austen
3884,0,504,395,0,0,0,0,0,3.0,511,108,511,11,0,7,69,24,0,5,55,3.833,101.4,2.111,13.05,1.459,0.509,0.954,0.856,chesterton
3885,0,287,219,0,0,0,0,0,1.0,299,68,299,11,0,12,51,22,0,6,42,3.559,59.0,2.018,37.749,1.283,0.618,0.926,0.886,shakespeare
3886,0,284,213,0,0,0,3,0,1.0,301,66,301,12,0,17,47,23,0,7,40,3.667,59.4,2.122,46.667,1.245,0.606,0.924,0.88,shakespeare
3887,0,587,441,0,0,2,0,2,1.0,601,137,601,27,0,14,101,25,0,18,60,3.562,119.4,2.526,110.475,1.631,0.438,0.964,0.832,austen
3888,0,139,102,0,0,0,0,0,1.0,145,36,145,5,2,6,27,20,1,2,30,3.194,28.2,1.687,24.067,1.091,0.833,0.861,0.949,shakespeare
3889,0,501,383,0,0,2,0,0,3.0,516,112,516,20,0,15,80,25,1,12,54,3.786,102.4,2.268,66.218,1.455,0.482,0.955,0.845,chesterton
3890,0,103,79,0,0,0,0,0,1.0,110,25,110,4,0,7,20,21,0,5,14,3.6,21.2,2.661,24.591,1.25,0.56,0.8,0.82,shakespeare
3891,0,317,247,0,0,0,0,0,1.0,324,71,324,10,0,7,53,23,0,1,42,3.718,64.0,2.256,47.064,1.291,0.592,0.93,0.877,austen
3892,0,827,636,0,0,2,0,0,0.25,838,182,838,36,0,11,125,25,5,14,74,3.78,166.8,2.295,81.552,1.625,0.407,0.973,0.827,austen
3893,0,954,758,0,0,0,0,0,2.5,968,194,968,21,0,14,128,25,0,5,92,4.088,192.8,2.447,154.002,1.617,0.474,0.974,0.858,austen
3894,0,1047,838,0,0,0,0,0,2.0,1062,207,1062,30,0,15,129,25,0,4,109,4.266,211.6,2.735,183.361,1.545,0.527,0.976,0.88,austen
3895,0,403,305,1,0,1,0,0,0.25,415,94,415,17,0,12,76,25,1,8,48,3.574,82.2,2.097,52.699,1.469,0.511,0.947,0.852,austen
3896,0,738,576,0,0,0,1,1,0.75,750,159,750,21,0,12,108,23,2,4,82,3.836,149.2,2.207,159.42,1.5,0.516,0.969,0.869,austen
3897,0,550,428,0,0,3,0,1,5.0,559,115,559,21,0,9,75,25,0,10,68,4.043,111.0,2.757,76.341,1.386,0.591,0.957,0.889,chesterton
3898,0,78,60,0,0,0,1,0,1.0,83,17,83,4,0,5,12,18,0,0,13,4.059,15.8,2.41,12.518,1.133,0.765,0.706,0.905,shakespeare
3899,0,635,499,0,0,0,0,0,0.25,645,137,645,17,0,10,98,26,0,1,65,3.839,128.2,2.266,92.351,1.612,0.474,0.964,0.848,austen
3900,0,707,543,0,0,0,0,1,1.0,719,160,719,25,0,12,111,25,0,14,64,3.631,143.0,2.286,86.882,1.702,0.4,0.969,0.819,austen
3901,0,375,278,0,0,3,0,0,2.0,384,91,384,22,0,9,66,23,5,15,48,3.473,76.0,2.243,24.176,1.379,0.527,0.945,0.858,chesterton
3902,0,69,51,0,0,0,1,0,1.0,76,18,76,5,0,7,12,19,0,1,14,3.5,14.4,2.479,8.678,1.2,0.778,0.722,0.913,shakespeare
3903,0,276,210,0,0,1,0,0,3.0,282,64,282,14,0,6,45,24,0,8,39,3.656,55.6,2.451,50.113,1.306,0.609,0.922,0.881,austen
3904,0,89,66,0,0,0,1,0,1.0,97,23,97,5,0,8,17,21,0,1,16,3.435,18.6,2.041,13.428,1.211,0.696,0.783,0.884,shakespeare
3905,0,342,252,0,0,4,1,0,6.0,349,81,349,22,0,7,56,25,0,9,45,3.568,69.0,2.115,44.255,1.421,0.556,0.938,0.866,chesterton
3906,0,827,643,0,0,1,0,0,0.3333333333333333,841,171,841,27,0,14,116,25,1,10,73,4.018,167.4,2.263,121.261,1.629,0.427,0.971,0.834,austen
3907,2,1617,1273,0,0,0,0,3,1.1428571428571428,1643,326,1643,46,0,26,225,25,1,14,112,4.126,327.8,2.42,230.217,1.874,0.344,0.985,0.815,austen
3908,0,179,135,0,0,0,1,0,4.0,190,44,190,6,0,11,35,23,0,1,36,3.455,37.2,1.823,54.934,1.1,0.818,0.886,0.947,shakespeare
3909,0,94,69,0,0,0,1,0,2.0,101,24,101,6,0,7,19,18,0,0,17,3.417,19.4,2.125,19.731,1.143,0.708,0.792,0.891,shakespeare
3910,0,460,367,0,0,0,0,0,0.3333333333333333,474,94,474,9,0,14,62,26,2,3,44,4.149,94.0,2.373,40.982,1.516,0.468,0.947,0.833,austen
3911,0,556,422,0,0,1,0,0,2.0,565,132,565,23,0,9,99,23,2,12,53,3.47,112.2,2.293,53.401,1.65,0.402,0.962,0.813,austen
3912,0,222,172,0,0,0,1,0,1.0,232,49,232,7,0,10,33,21,0,1,28,3.857,45.6,2.141,70.365,1.256,0.571,0.898,0.856,shakespeare
3913,0,395,295,0,0,1,0,0,0.6666666666666666,406,96,406,17,0,11,74,23,0,13,50,3.406,80.4,2.174,34.739,1.477,0.521,0.948,0.857,austen
3914,0,312,235,0,0,2,0,0,4.0,319,75,319,14,0,7,58,22,0,8,38,3.467,63.0,2.256,17.678,1.415,0.507,0.933,0.843,austen
3915,0,89,65,0,0,0,2,0,2.0,95,23,95,4,0,6,17,22,0,2,19,3.261,18.2,1.738,15.401,1.095,0.826,0.783,0.939,shakespeare
3916,0,571,451,0,0,0,2,0,5.0,583,118,583,9,0,12,79,25,0,3,61,4.0,115.8,2.595,76.5,1.475,0.517,0.958,0.862,chesterton
3917,0,774,570,0,4,0,0,4,0.25,800,185,800,47,0,26,143,27,0,19,77,3.476,159.2,2.248,131.397,1.667,0.416,0.973,0.832,austen
3918,0,464,362,0,0,2,0,0,2.0,478,93,478,17,0,14,56,22,1,12,51,4.28,94.8,2.724,51.105,1.329,0.548,0.946,0.867,chesterton
3919,0,445,344,0,0,4,0,0,2.0,454,96,454,21,0,9,64,24,1,13,52,3.979,90.0,2.664,40.497,1.391,0.542,0.948,0.866,austen
3920,0,1525,1223,0,2,0,0,0,2.0,1542,299,1542,36,0,17,191,25,3,11,118,4.268,307.6,2.836,175.955,1.904,0.395,0.983,0.837,austen
3921,0,386,293,0,0,0,0,0,1.0,401,91,401,13,0,15,67,21,0,4,48,3.527,79.4,2.024,53.924,1.422,0.527,0.945,0.858,shakespeare
3922,0,612,458,0,0,0,0,0,2.0,662,153,662,33,0,50,106,24,1,13,56,3.536,131.6,2.049,158.045,1.759,0.366,0.967,0.8,shakespeare
3923,0,923,731,0,0,0,0,0,0.14285714285714285,933,192,933,28,0,10,130,24,1,3,90,4.005,185.8,2.551,50.366,1.641,0.469,0.974,0.856,austen
3924,0,419,324,0,0,1,1,0,0.3333333333333333,428,90,428,16,0,9,63,24,1,7,53,3.9,84.8,2.399,60.093,1.324,0.589,0.944,0.882,austen
3925,0,308,234,0,0,3,1,1,1.0,316,68,316,21,0,8,45,25,1,10,42,3.971,62.4,2.682,37.32,1.308,0.618,0.926,0.886,chesterton
3926,0,122,87,0,0,0,1,0,1.0,135,30,135,10,0,13,19,22,0,1,18,3.667,26.2,2.057,25.927,1.2,0.6,0.833,0.85,shakespeare
3927,0,595,474,0,0,0,0,0,1.0,605,122,605,14,0,10,79,24,1,8,65,4.082,120.2,2.798,53.025,1.452,0.533,0.959,0.869,austen
3928,0,553,450,0,0,0,0,0,5.0,562,103,562,10,0,9,58,25,0,0,58,4.553,111.6,2.619,33.351,1.392,0.563,0.951,0.876,chesterton
3929,0,1087,856,0,0,1,2,0,3.0,1099,228,1099,29,0,12,156,26,0,3,95,3.943,219.0,2.493,137.421,1.701,0.417,0.978,0.839,austen
3930,0,589,446,0,0,1,0,0,5.0,601,137,601,22,0,12,104,24,1,8,67,3.518,119.4,2.058,102.129,1.457,0.489,0.964,0.855,austen
3931,2,878,698,0,0,0,0,0,2.0,899,178,899,25,0,21,118,25,0,5,84,4.185,179.0,2.756,144.518,1.664,0.472,0.972,0.855,austen
3932,0,1009,783,0,1,1,0,0,1.0,1026,222,1026,30,0,17,162,26,1,10,106,3.748,204.4,2.245,124.637,1.586,0.477,0.977,0.863,austen
3933,0,285,209,0,0,1,0,0,1.0,292,73,292,15,0,7,58,24,0,7,37,3.205,57.6,1.81,39.228,1.431,0.507,0.932,0.842,austen
3934,0,642,504,0,0,0,0,0,1.0,654,135,654,24,0,12,92,24,0,4,64,4.007,130.0,2.535,116.276,1.552,0.474,0.963,0.848,austen
3935,0,713,562,0,0,2,1,0,2.0,725,139,725,30,0,12,96,25,1,13,63,4.381,144.2,3.136,117.908,1.598,0.453,0.964,0.84,austen
3936,0,484,381,0,0,0,0,0,3.0,492,101,492,17,0,8,65,24,0,6,40,4.03,97.6,2.773,104.162,1.656,0.396,0.95,0.799,austen
3937,0,337,249,0,0,3,0,1,3.0,344,82,344,19,0,7,60,23,1,8,50,3.427,68.0,2.031,49.487,1.302,0.61,0.939,0.888,chesterton
3938,0,287,229,0,0,0,0,1,0.5,294,58,294,9,0,7,41,25,0,2,32,4.224,58.0,2.932,20.187,1.381,0.552,0.914,0.854,austen
3939,0,571,459,0,0,0,0,0,1.0,576,112,576,12,0,5,66,23,0,3,60,4.25,114.4,2.365,49.576,1.436,0.536,0.955,0.868,chesterton
3940,0,477,359,0,0,4,1,0,1.0,489,109,489,24,0,12,78,23,0,18,53,3.697,97.0,2.481,92.377,1.493,0.486,0.954,0.846,chesterton
3941,0,354,276,0,0,0,0,0,5.0,362,73,362,13,0,8,54,24,0,2,39,4.068,71.6,2.874,26.904,1.46,0.534,0.932,0.854,chesterton
3942,0,435,345,0,0,0,0,0,5.0,440,90,440,12,0,5,64,25,0,0,39,4.022,87.2,2.816,65.603,1.698,0.433,0.944,0.814,austen
3943,0,358,277,0,0,0,0,0,1.0,364,80,364,10,0,6,61,23,2,9,34,3.675,72.0,2.326,10.559,1.702,0.425,0.938,0.805,chesterton
3944,0,386,292,0,0,0,0,0,2.0,410,94,410,18,0,24,69,24,3,9,60,3.553,81.2,2.046,77.995,1.288,0.638,0.947,0.901,shakespeare
3945,0,487,373,0,0,1,1,1,0.25,494,107,494,20,0,7,77,25,0,8,60,3.766,98.0,2.397,100.117,1.372,0.561,0.953,0.876,austen
3946,0,119,84,0,0,2,1,1,2.0,125,29,125,11,0,6,21,19,0,6,20,3.655,24.2,2.703,10.663,1.16,0.69,0.828,0.89,chesterton
3947,0,588,466,0,0,0,0,0,3.0,596,121,596,14,0,8,82,24,0,6,67,4.033,118.4,2.506,57.252,1.391,0.554,0.959,0.877,chesterton
3948,0,231,182,0,0,0,0,0,1.0,239,48,239,8,0,8,32,22,1,3,29,4.125,47.0,2.726,18.138,1.333,0.604,0.896,0.87,austen
3949,0,573,431,0,2,1,1,0,1.0,588,136,588,27,0,15,101,25,0,10,68,3.493,116.8,2.37,58.023,1.545,0.5,0.963,0.859,austen
3950,0,123,87,0,0,0,0,0,1.0,132,36,132,5,0,9,31,20,0,8,17,2.806,25.6,1.451,30.746,1.44,0.472,0.861,0.791,shakespeare
3951,0,280,207,0,0,2,0,0,1.0,287,66,287,18,0,7,51,24,0,8,27,3.576,56.6,2.706,34.224,1.467,0.409,0.924,0.787,austen
3952,0,463,350,0,0,0,0,0,3.0,475,111,475,21,0,12,80,25,0,5,59,3.459,94.2,2.327,42.558,1.48,0.532,0.955,0.866,austen
3953,0,78,55,0,0,0,1,0,1.0,85,21,85,6,0,7,16,21,1,1,19,3.238,16.2,1.67,15.023,1.05,0.905,0.762,0.967,shakespeare
3954,0,532,402,0,0,4,1,0,1.0,539,122,539,27,0,7,90,25,3,14,61,3.639,107.0,2.205,47.292,1.525,0.5,0.959,0.856,chesterton
3955,0,535,409,0,0,0,4,0,2.0,556,122,556,19,0,21,90,24,2,4,48,3.68,110.4,2.283,98.03,1.821,0.393,0.959,0.806,shakespeare
3956,0,619,480,0,0,4,2,0,1.0,631,130,631,22,0,12,83,24,0,13,62,4.023,125.4,2.148,76.546,1.512,0.477,0.962,0.848,chesterton
3957,0,785,605,0,2,0,0,1,0.3333333333333333,795,173,795,30,0,10,126,25,0,4,63,3.728,158.2,2.345,135.693,1.784,0.364,0.971,0.804,austen
3958,0,380,294,0,0,1,1,0,2.0,391,82,391,16,0,11,52,23,1,5,51,3.951,77.4,2.131,62.812,1.262,0.622,0.939,0.892,chesterton
3959,0,742,594,0,0,0,0,0,2.0,754,147,754,20,0,12,100,25,2,4,67,4.259,150.0,2.745,63.612,1.515,0.456,0.966,0.843,austen
3960,0,934,737,0,0,0,1,0,0.14285714285714285,946,195,946,23,0,12,139,25,0,4,84,3.969,188.4,2.295,176.086,1.639,0.431,0.974,0.84,austen
3961,0,405,322,0,0,1,0,0,1.0,411,79,411,13,0,6,52,24,0,5,48,4.354,81.4,3.047,57.182,1.234,0.608,0.937,0.886,chesterton
3962,0,236,168,0,0,3,0,0,2.0,246,61,246,17,0,10,43,23,2,10,35,3.311,48.4,1.708,15.662,1.326,0.574,0.918,0.865,chesterton
3963,0,227,171,0,0,0,0,0,2.0,241,56,241,11,0,14,44,22,0,4,31,3.5,47.4,1.926,48.232,1.333,0.554,0.911,0.853,shakespeare
3964,0,408,296,0,0,2,0,0,0.5,417,106,417,26,0,9,85,24,0,13,45,3.17,82.6,1.925,28.369,1.559,0.425,0.953,0.816,chesterton
3965,0,69,49,0,0,0,0,0,1.0,76,21,76,5,0,7,18,18,0,3,14,2.905,14.4,1.998,14.553,1.235,0.667,0.762,0.867,shakespeare
3966,0,860,670,0,0,0,0,1,1.0,873,178,873,35,0,13,116,25,1,8,82,4.034,173.8,2.389,126.415,1.521,0.461,0.972,0.85,austen
3967,0,258,187,0,0,0,4,1,1.0,275,64,275,14,0,17,45,22,0,12,36,3.406,54.2,2.209,41.973,1.362,0.562,0.922,0.862,shakespeare
3968,0,1084,864,0,0,1,0,0,5.0,1100,210,1100,34,0,16,127,26,2,11,107,4.362,219.2,2.831,203.279,1.511,0.51,0.976,0.874,austen
3969,0,195,130,0,8,0,1,1,1.0,207,56,207,20,0,12,44,23,0,3,31,2.893,40.6,2.146,20.268,1.4,0.554,0.911,0.853,austen
3970,0,739,575,0,0,0,0,0,4.0,756,161,756,29,0,17,109,25,0,5,79,3.87,150.4,2.478,98.873,1.519,0.491,0.969,0.86,austen
3971,0,1089,857,0,0,2,0,1,0.8,1109,226,1109,31,0,20,154,25,6,20,90,4.04,221.0,2.57,281.644,1.766,0.398,0.978,0.83,austen
3972,0,548,416,0,0,2,0,0,1.0,559,127,559,23,0,11,91,24,1,14,59,3.583,111.0,2.338,68.048,1.53,0.465,0.961,0.842,austen
3973,0,223,167,0,0,0,0,0,2.0,238,57,238,11,0,15,42,23,2,5,38,3.386,46.8,1.962,59.856,1.188,0.667,0.912,0.9,shakespeare
3974,0,522,409,0,0,1,0,0,3.0,534,110,534,16,0,12,75,23,2,7,69,4.0,106.0,2.37,61.347,1.325,0.627,0.955,0.901,chesterton
3975,0,634,494,0,0,0,0,0,8.0,639,138,639,13,0,5,101,25,0,2,60,3.717,127.0,1.937,66.75,1.568,0.435,0.964,0.831,chesterton
3976,0,722,566,0,0,1,0,0,0.25,739,149,739,24,0,17,97,25,3,9,67,4.087,147.0,2.357,83.911,1.568,0.45,0.966,0.84,austen
3977,0,293,220,0,0,0,0,0,1.0,305,72,305,13,0,12,53,22,0,9,38,3.403,60.2,2.107,106.964,1.333,0.528,0.931,0.851,shakespeare
3978,0,359,257,0,0,5,0,0,2.0,371,91,371,24,0,12,72,24,0,19,43,3.33,73.4,2.176,47.511,1.492,0.473,0.945,0.834,chesterton
3979,0,558,423,0,1,2,0,2,0.3333333333333333,571,125,571,28,0,13,91,24,0,11,67,3.744,113.4,2.552,72.697,1.389,0.536,0.96,0.871,austen
3980,0,309,224,0,0,4,0,0,1.0,318,74,318,22,0,9,55,26,0,15,36,3.581,62.8,2.466,10.569,1.542,0.486,0.932,0.833,chesterton
3981,0,362,265,0,0,3,0,1,1.0,372,88,372,25,0,10,65,24,1,16,44,3.489,73.6,2.319,75.507,1.492,0.5,0.943,0.845,austen
3982,0,385,299,0,0,0,0,0,2.0,391,84,391,11,0,6,58,24,0,3,55,3.774,77.4,2.214,56.065,1.235,0.655,0.94,0.904,chesterton
3983,0,452,346,0,0,3,1,0,7.0,459,100,459,20,0,7,70,24,1,11,50,3.81,91.0,2.339,75.865,1.449,0.5,0.95,0.849,chesterton
3984,0,169,120,0,0,1,0,1,1.0,178,42,178,13,0,9,33,22,0,8,29,3.429,34.8,2.188,21.04,1.2,0.69,0.881,0.901,austen
3985,0,1383,1088,0,0,0,0,0,0.3333333333333333,1402,278,1402,40,0,19,184,27,1,13,112,4.126,279.6,2.446,197.472,1.782,0.403,0.982,0.838,austen
3986,0,562,441,0,0,0,1,0,1.0,576,119,576,16,0,14,81,24,2,9,61,3.958,114.4,2.275,40.894,1.417,0.513,0.958,0.86,chesterton
3987,0,596,461,0,0,0,1,0,2.0,621,132,621,24,0,25,88,26,1,6,79,3.864,123.4,2.321,187.567,1.347,0.598,0.962,0.895,shakespeare
3988,0,845,662,0,0,0,0,0,0.6666666666666666,866,179,866,29,0,21,123,26,4,12,77,3.978,172.4,2.456,117.768,1.705,0.43,0.972,0.837,austen
3989,0,159,113,0,0,1,0,1,1.0,165,44,165,11,0,6,36,23,0,7,27,3.023,32.2,1.718,23.868,1.257,0.614,0.886,0.871,austen
3990,0,515,389,0,0,2,0,3,1.0,529,121,529,19,0,14,96,24,0,11,52,3.521,105.0,2.281,143.145,1.532,0.43,0.959,0.824,austen
3991,0,358,266,0,0,1,0,0,0.3333333333333333,364,90,364,16,0,6,73,24,0,8,47,3.233,72.0,1.885,62.237,1.364,0.522,0.944,0.856,austen
3992,0,905,694,0,0,0,0,1,1.0,916,195,916,39,0,11,139,25,0,4,80,3.815,182.4,2.29,125.588,1.773,0.41,0.974,0.831,austen
3993,0,167,124,0,0,0,0,0,1.0,179,43,179,10,0,12,30,23,0,3,25,3.395,35.0,2.173,37.189,1.303,0.581,0.884,0.856,shakespeare
3994,0,293,223,0,0,0,0,1,1.0,302,70,302,11,0,9,56,24,0,5,46,3.486,59.6,2.104,38.22,1.25,0.657,0.929,0.901,austen
3995,0,724,570,0,0,1,0,1,0.2,731,147,731,29,0,7,98,24,1,6,82,4.143,145.4,2.797,80.714,1.485,0.558,0.966,0.883,austen
3996,0,672,513,0,1,4,2,0,4.0,685,144,685,33,0,13,93,25,0,14,66,3.951,136.2,2.532,76.175,1.516,0.458,0.965,0.843,chesterton
3997,0,799,638,0,0,0,0,0,1.5,810,156,810,24,0,11,94,23,0,3,77,4.321,161.2,2.62,80.85,1.545,0.494,0.968,0.86,chesterton
3998,0,1024,822,0,0,1,0,1,0.2,1037,200,1037,24,0,13,129,25,1,5,96,4.305,206.6,2.702,135.559,1.6,0.48,0.975,0.861,austen
3999,0,729,569,0,0,0,0,3,0.6666666666666666,738,153,738,24,0,9,108,26,0,10,63,3.935,146.8,2.63,151.511,1.719,0.412,0.967,0.824,austen
4000,0,318,242,0,0,2,1,2,0.5,325,70,325,14,0,7,50,23,0,11,42,3.829,64.2,2.626,20.216,1.296,0.6,0.929,0.88,austen
4001,0,387,287,0,0,3,1,0,1.5,398,93,398,21,0,11,69,24,0,10,46,3.505,78.8,2.229,64.651,1.409,0.495,0.946,0.845,chesterton
4002,0,267,204,0,0,0,1,0,1.0,273,61,273,11,0,6,42,23,0,6,30,3.639,53.8,2.129,30.768,1.356,0.492,0.918,0.827,chesterton
4003,0,818,632,0,0,0,2,0,0.25,858,180,858,35,0,40,118,24,0,8,98,3.928,170.8,2.436,355.759,1.452,0.544,0.972,0.883,shakespeare
4004,0,778,619,0,0,1,0,0,1.0,791,156,791,22,0,13,102,26,0,5,86,4.205,157.4,2.562,144.772,1.431,0.551,0.968,0.882,austen
4005,0,1035,816,0,0,0,0,0,0.09090909090909091,1045,216,1045,39,0,10,144,25,0,6,91,4.005,208.2,2.7,155.962,1.785,0.421,0.977,0.839,austen
4006,0,694,506,0,0,5,0,0,3.0,706,171,706,46,0,12,130,25,5,26,62,3.363,140.4,2.361,201.584,1.921,0.363,0.971,0.803,chesterton
4007,0,337,261,0,0,0,0,0,1.0,346,77,346,14,0,9,55,23,2,8,46,3.701,68.4,2.576,33.798,1.305,0.597,0.935,0.881,austen
4008,0,175,135,0,0,0,1,0,1.0,181,37,181,8,0,6,25,20,0,2,27,4.027,35.4,2.192,21.102,1.088,0.73,0.865,0.913,shakespeare
4009,0,109,79,0,0,0,1,0,1.0,117,30,117,7,0,8,24,21,1,3,25,3.133,22.6,1.852,27.024,1.071,0.833,0.833,0.946,shakespeare
4010,0,1253,1010,0,0,0,0,0,0.3333333333333333,1263,233,1263,40,0,10,138,25,2,8,98,4.549,251.8,3.132,215.125,1.752,0.421,0.979,0.841,austen
4011,0,958,757,0,0,0,0,0,8.0,974,199,974,23,0,16,139,25,2,5,63,4.0,194.0,2.429,92.884,1.951,0.317,0.975,0.783,chesterton
4012,0,357,270,0,0,0,0,0,3.0,374,83,374,20,0,17,55,24,0,7,49,3.699,74.0,2.458,92.742,1.297,0.59,0.94,0.881,shakespeare
4013,0,432,337,0,1,0,0,1,1.0,445,92,445,16,0,13,60,24,2,7,60,3.989,88.2,2.337,44.127,1.296,0.652,0.946,0.905,chesterton
4014,0,655,517,1,0,0,0,0,0.375,665,139,665,17,0,10,94,26,0,1,64,3.914,132.2,2.495,95.806,1.598,0.46,0.964,0.843,austen
4015,0,302,225,0,1,0,0,0,1.0,311,69,311,15,0,9,54,24,0,7,42,3.609,61.4,2.164,109.274,1.302,0.609,0.928,0.883,austen
4016,0,763,586,0,0,0,0,0,3.0,796,175,796,25,0,33,133,25,0,15,75,3.68,158.4,2.284,121.907,1.577,0.429,0.971,0.836,shakespeare
4017,0,663,535,0,0,0,0,0,0.5,674,128,674,16,0,11,81,26,0,8,69,4.391,134.0,3.033,90.92,1.422,0.539,0.961,0.873,austen
4018,0,417,322,0,0,0,0,0,3.0,428,92,428,12,0,11,68,22,1,1,53,3.75,84.8,2.025,156.734,1.353,0.576,0.946,0.878,shakespeare
4019,0,386,294,0,0,0,2,0,1.0,397,84,397,19,0,11,57,23,0,0,53,3.857,78.6,2.395,150.751,1.312,0.631,0.94,0.896,shakespeare
4020,0,797,637,0,0,0,0,0,0.14285714285714285,806,161,806,20,0,9,106,26,1,2,77,4.137,160.4,2.666,87.791,1.626,0.478,0.969,0.855,austen
4021,0,62,49,0,0,0,0,0,1.0,70,14,70,4,0,8,6,17,0,0,8,4.357,13.2,2.56,5.762,1.4,0.571,0.643,0.788,shakespeare
4022,0,589,440,0,0,3,0,0,0.5,601,135,601,32,0,12,97,23,2,20,68,3.63,119.4,2.065,70.578,1.5,0.504,0.963,0.86,chesterton
4023,0,388,300,0,0,1,0,0,2.0,396,87,396,14,0,8,61,23,1,9,49,3.736,78.4,2.35,43.079,1.338,0.563,0.943,0.871,chesterton
4024,0,350,268,0,0,0,0,0,2.0,368,82,368,14,0,18,54,23,0,5,55,3.659,72.8,2.074,80.698,1.281,0.671,0.939,0.909,shakespeare
4025,0,271,214,0,0,0,0,0,1.0,297,45,297,21,0,26,29,21,0,0,30,5.8,58.6,8.538,97.922,1.286,0.667,0.889,0.893,shakespeare
4026,0,204,149,0,0,1,2,1,1.0,211,51,211,13,0,7,37,22,0,6,38,3.373,41.4,2.107,8.081,1.133,0.745,0.902,0.925,austen
4027,0,94,68,0,0,0,1,0,1.0,100,26,100,6,0,6,23,19,0,3,15,3.077,19.2,1.412,20.105,1.3,0.577,0.808,0.831,shakespeare
4028,0,106,72,0,0,0,1,0,1.0,116,33,116,9,0,10,29,20,0,3,19,2.758,22.4,1.601,31.911,1.269,0.576,0.848,0.842,shakespeare
4029,0,75,52,0,0,0,2,0,1.0,82,21,82,6,0,7,18,20,0,0,14,3.095,15.6,1.67,15.994,1.235,0.667,0.762,0.867,shakespeare
4030,0,400,298,0,0,1,0,0,2.0,412,93,412,24,0,12,71,25,1,15,51,3.613,81.6,2.405,107.535,1.409,0.548,0.946,0.867,austen
4031,0,447,329,0,0,2,0,0,1.0,458,114,458,22,0,11,97,23,0,9,41,3.211,90.8,1.85,47.378,1.701,0.36,0.956,0.784,austen
4032,0,1085,878,0,0,0,1,0,3.0,1096,205,1096,18,0,11,130,25,1,7,105,4.429,218.4,2.735,99.538,1.53,0.512,0.976,0.874,chesterton
4033,0,547,415,0,0,1,0,1,2.0,566,118,566,29,0,19,79,25,1,17,71,3.941,112.4,2.387,121.521,1.297,0.602,0.958,0.894,austen
4034,0,401,311,0,0,1,0,0,2.0,409,87,409,16,0,8,63,24,0,6,47,3.874,81.0,2.803,30.232,1.403,0.54,0.943,0.862,chesterton
4035,0,284,207,0,0,2,1,0,0.2,296,74,296,12,0,12,60,22,0,11,36,3.176,58.4,1.94,30.64,1.396,0.486,0.932,0.833,austen
4036,0,168,125,0,0,1,1,0,3.0,173,41,173,9,0,5,31,21,1,6,29,3.439,33.8,2.248,11.145,1.171,0.707,0.878,0.907,chesterton
4037,0,325,250,0,0,0,0,0,1.5,331,74,331,16,0,6,54,24,0,2,42,3.689,65.4,2.734,31.691,1.321,0.568,0.932,0.868,austen
4038,0,659,536,0,0,0,0,0,3.0,665,118,665,14,0,6,68,25,0,3,66,4.72,132.2,3.105,83.359,1.372,0.559,0.958,0.878,chesterton
4039,0,508,388,0,0,0,0,2,1.0,520,114,520,18,0,12,80,25,0,9,56,3.684,103.2,2.183,72.6,1.462,0.491,0.956,0.85,austen
4040,2,383,303,0,0,0,0,0,0.5,402,80,402,13,0,19,52,24,2,7,47,4.188,79.6,2.696,66.214,1.311,0.588,0.938,0.879,austen
4041,0,1058,828,0,0,1,0,1,0.5,1077,225,1077,36,0,19,155,26,0,10,106,3.933,214.6,2.514,205.815,1.619,0.471,0.978,0.861,austen
4042,0,305,223,0,0,3,0,1,2.0,313,78,313,18,0,8,62,23,0,11,41,3.282,61.8,2.088,41.794,1.368,0.526,0.936,0.852,austen
4043,0,378,281,0,0,0,1,0,1.0,400,96,400,16,0,22,72,24,1,8,55,3.323,79.2,1.878,87.628,1.371,0.573,0.948,0.878,shakespeare
4044,0,32,20,0,0,0,1,0,1.0,37,11,37,4,0,5,9,14,0,1,7,2.636,6.6,1.433,4.561,1.222,0.636,0.545,0.812,shakespeare
4045,0,191,140,0,0,0,1,0,1.0,201,50,201,9,0,10,40,23,0,3,35,3.18,39.4,1.87,44.54,1.19,0.7,0.9,0.909,shakespeare
4046,0,80,59,0,0,0,1,0,1.0,87,21,87,5,0,7,14,20,0,0,18,3.381,16.6,1.91,10.213,1.105,0.857,0.762,0.949,shakespeare
4047,0,514,388,0,0,2,0,0,0.5,521,120,521,25,0,7,89,24,1,10,58,3.542,103.4,2.126,107.911,1.519,0.483,0.958,0.848,austen
4048,0,593,457,0,0,2,0,0,2.0,607,133,607,21,0,14,95,24,0,12,64,3.729,120.6,2.206,67.166,1.511,0.481,0.962,0.85,austen
4049,0,458,356,0,0,2,2,0,2.0,465,97,465,17,0,7,65,24,0,6,58,3.959,92.2,2.618,25.607,1.347,0.598,0.948,0.888,chesterton
4050,0,875,690,0,0,0,0,0,2.3333333333333335,890,186,890,32,0,15,124,25,3,5,79,3.962,177.2,2.562,147.974,1.722,0.425,0.973,0.836,austen
4051,2,632,484,0,0,0,0,0,0.3333333333333333,651,145,651,21,0,19,110,25,0,9,64,3.621,129.4,2.115,129.845,1.576,0.441,0.966,0.836,austen
4052,0,393,292,0,0,0,1,1,2.0,404,93,404,20,0,11,66,26,1,15,45,3.473,80.0,2.59,72.763,1.5,0.484,0.946,0.84,austen
4053,0,175,129,0,0,2,1,0,1.0,180,43,180,11,0,5,30,21,0,5,23,3.465,35.2,1.932,22.309,1.303,0.535,0.884,0.834,chesterton
4054,0,258,199,0,1,0,0,1,0.5,263,57,263,10,0,5,39,23,0,3,43,3.772,51.8,2.571,35.209,1.188,0.754,0.912,0.93,chesterton
4055,0,310,232,0,0,4,0,0,1.0,317,69,317,21,0,7,44,22,1,12,37,3.899,62.6,2.556,28.754,1.438,0.536,0.928,0.853,chesterton
4056,0,455,337,0,0,1,0,0,1.0,474,109,474,29,0,19,80,24,1,13,53,3.569,94.0,2.451,52.934,1.493,0.486,0.954,0.846,austen
4057,0,980,782,0,0,2,0,0,3.0,989,190,989,28,0,9,115,26,0,8,95,4.332,197.0,2.731,65.468,1.532,0.5,0.974,0.868,chesterton
4058,0,259,198,0,0,0,0,3,1.0,264,59,264,12,0,5,43,22,1,2,30,3.661,52.0,2.509,23.78,1.341,0.508,0.915,0.834,chesterton
4059,0,318,235,0,0,4,2,0,1.0,327,74,327,22,0,9,55,24,0,11,47,3.716,64.6,2.551,65.695,1.345,0.635,0.932,0.895,chesterton
4060,0,201,148,0,0,2,0,1,2.0,205,50,205,12,0,4,38,23,0,5,28,3.36,40.2,1.935,47.193,1.25,0.56,0.9,0.852,austen
4061,0,751,569,0,0,0,0,1,1.0,758,163,758,34,0,7,118,24,0,13,62,3.748,150.8,2.602,184.516,1.698,0.38,0.969,0.81,austen
4062,0,225,171,0,1,0,0,1,1.0,233,52,233,11,0,8,39,23,0,4,35,3.654,45.8,2.291,29.677,1.238,0.673,0.904,0.9,austen
4063,0,738,543,0,0,3,3,0,1.0,768,168,768,52,0,30,122,24,2,35,68,3.768,152.8,2.557,118.517,1.647,0.405,0.97,0.823,austen
4064,0,757,589,0,0,0,0,0,0.5,768,167,768,30,0,11,116,25,0,5,81,3.784,152.8,2.279,157.482,1.575,0.485,0.97,0.859,austen
4065,0,183,128,0,0,3,1,0,3.0,189,49,189,17,0,6,39,22,1,8,27,3.224,37.0,2.034,13.91,1.361,0.551,0.898,0.847,chesterton
4066,0,617,469,0,0,2,0,1,1.0,628,139,628,31,0,11,100,24,1,16,58,3.719,124.8,2.596,128.782,1.598,0.417,0.964,0.823,austen
4067,0,254,191,0,0,1,0,1,1.0,263,60,263,13,0,9,47,24,0,8,35,3.6,51.8,2.423,39.783,1.304,0.583,0.917,0.868,austen
4068,0,455,336,0,0,0,1,0,1.0,470,114,470,25,1,15,87,25,1,8,53,3.307,93.2,2.211,155.935,1.583,0.465,0.956,0.838,shakespeare
4069,0,538,404,0,0,4,1,0,5.0,557,123,557,29,0,19,83,25,4,16,60,3.748,110.6,2.31,63.842,1.5,0.488,0.959,0.851,chesterton
4070,0,743,559,0,1,0,0,0,1.25,761,179,761,26,0,18,141,26,0,16,63,3.369,151.4,1.971,127.304,1.808,0.352,0.972,0.799,austen
4071,0,347,255,0,0,1,0,1,0.3333333333333333,356,80,356,23,0,9,61,24,0,9,38,3.625,70.4,2.291,56.5,1.455,0.475,0.938,0.83,austen
4072,0,1514,1214,0,0,0,1,0,0.23076923076923078,1534,299,1534,27,0,20,201,26,2,7,122,4.217,306.0,2.563,167.733,1.812,0.408,0.983,0.843,austen
4073,0,254,172,0,0,3,2,1,0.2,261,68,261,29,0,7,56,23,0,11,29,3.147,51.4,1.979,63.315,1.545,0.426,0.926,0.798,austen
4074,0,601,469,0,0,4,0,0,2.0,608,126,608,25,0,7,90,25,0,14,57,4.04,120.8,2.787,102.128,1.658,0.452,0.96,0.836,chesterton
4075,0,474,357,0,0,5,2,0,1.0,485,108,485,23,0,11,76,25,1,16,42,3.722,96.2,2.475,60.833,1.612,0.389,0.954,0.798,chesterton
4076,0,238,171,0,2,0,2,1,2.0,247,59,247,19,0,9,44,20,1,6,25,3.39,48.6,2.0,28.927,1.405,0.424,0.915,0.789,austen
4077,0,373,276,1,0,0,0,0,1.0,393,95,393,22,0,20,71,23,1,11,45,3.347,77.8,2.097,58.955,1.462,0.474,0.947,0.836,shakespeare
4078,0,183,130,0,0,2,1,0,1.0,191,47,191,16,0,8,37,22,0,6,26,3.362,37.4,2.288,25.304,1.343,0.553,0.894,0.846,chesterton
4079,0,595,470,0,0,0,0,1,1.5,603,122,603,15,0,8,76,26,0,4,65,4.049,119.8,2.415,65.907,1.419,0.533,0.959,0.869,austen
4080,0,481,360,0,0,4,0,0,1.0,490,112,490,22,0,9,87,23,0,11,56,3.562,97.2,2.213,71.005,1.493,0.5,0.955,0.853,chesterton
4081,0,549,412,0,0,3,0,0,2.0,560,124,560,30,0,11,90,25,2,15,57,3.718,111.2,2.391,47.23,1.59,0.46,0.96,0.839,chesterton
4082,2,509,399,0,0,0,0,1,0.25,525,107,525,15,0,16,74,24,0,5,55,4.019,104.2,2.476,73.554,1.408,0.514,0.953,0.858,austen
4083,0,633,498,0,0,0,0,0,1.0,652,136,652,11,0,19,96,25,0,4,65,3.882,129.6,2.251,41.483,1.528,0.478,0.963,0.85,chesterton
4084,0,405,303,0,0,2,1,0,1.0,414,98,414,22,0,9,75,25,2,17,56,3.449,82.0,2.271,40.762,1.361,0.571,0.949,0.878,austen
4085,0,294,230,0,0,0,0,0,8.0,302,64,302,9,0,8,40,25,1,3,33,3.875,59.6,2.414,45.676,1.391,0.516,0.922,0.841,chesterton
4086,0,405,315,0,0,2,1,0,2.0,411,86,411,11,0,6,62,23,0,5,52,3.907,81.4,2.404,32.868,1.323,0.605,0.942,0.887,chesterton
4087,0,416,324,0,0,0,2,1,1.0,421,90,421,10,0,5,64,25,0,3,53,3.778,83.4,2.171,81.727,1.304,0.589,0.944,0.882,austen
4088,0,463,355,0,0,1,1,0,2.0,477,104,477,21,0,14,72,24,6,15,57,3.779,94.6,2.445,65.858,1.425,0.548,0.952,0.871,chesterton
4089,0,224,169,0,0,0,0,0,1.0,238,54,238,10,0,14,37,23,0,6,32,3.574,46.8,2.477,34.853,1.317,0.593,0.907,0.869,chesterton
4090,0,1638,1256,0,0,0,0,0,0.7777777777777778,1676,364,1676,60,0,38,256,26,4,26,110,3.723,334.4,2.107,310.368,2.116,0.302,0.986,0.797,austen
4091,0,199,150,0,0,0,0,0,1.0,210,48,210,9,0,11,37,22,0,3,34,3.542,41.2,2.01,44.364,1.2,0.708,0.896,0.911,shakespeare
4092,0,468,359,0,0,1,2,0,2.0,474,105,474,19,0,6,76,24,0,3,52,3.686,94.0,2.091,72.056,1.5,0.495,0.952,0.849,chesterton
4093,0,687,534,0,0,1,0,0,0.25,695,151,695,22,0,8,106,26,0,9,66,3.748,138.2,2.414,97.965,1.659,0.437,0.967,0.835,austen
4094,0,613,462,0,0,2,1,0,4.0,629,145,629,28,0,16,107,24,1,13,58,3.524,125.0,2.17,55.1,1.667,0.4,0.966,0.816,austen
4095,0,317,227,0,0,4,1,0,4.0,328,82,328,25,0,11,60,24,3,18,30,3.317,64.8,2.148,46.784,1.708,0.366,0.939,0.772,chesterton
4096,0,1362,1068,1,0,2,0,0,3.0,1384,292,1384,48,0,22,204,23,3,13,115,3.911,276.0,2.462,182.915,1.814,0.394,0.983,0.836,austen
4097,0,609,483,0,0,0,0,0,5.0,616,127,616,11,0,7,89,23,0,2,66,3.945,122.4,2.304,78.818,1.46,0.52,0.961,0.865,chesterton
4098,0,347,271,0,0,1,0,0,1.0,353,72,353,15,0,6,49,23,0,6,45,4.097,69.8,2.893,47.725,1.309,0.625,0.931,0.89,austen
4099,0,968,763,0,0,1,0,0,3.0,988,203,988,26,0,20,136,26,2,12,88,3.995,196.8,2.577,137.611,1.65,0.433,0.975,0.843,austen
4100,0,613,493,0,0,0,1,0,1.0,622,115,622,15,0,9,73,22,0,4,52,4.496,123.6,3.039,31.397,1.533,0.452,0.957,0.833,chesterton
4101,0,340,259,0,0,3,0,0,2.0,349,74,349,18,0,9,47,24,0,12,44,3.946,69.0,2.833,51.459,1.345,0.595,0.932,0.879,austen
4102,0,214,153,0,0,3,0,1,2.0,218,53,218,20,0,4,38,25,0,13,28,3.491,42.8,2.493,22.565,1.395,0.528,0.906,0.839,austen
4103,0,82,56,0,0,0,3,0,1.0,87,20,87,9,0,5,12,19,0,1,12,3.5,16.6,1.821,10.065,1.333,0.6,0.75,0.829,shakespeare
4104,0,634,473,0,0,5,1,0,2.0,648,148,648,29,0,14,113,23,1,17,69,3.554,128.8,2.295,48.885,1.542,0.466,0.966,0.847,chesterton
4105,0,424,318,0,0,2,0,0,1.0,445,96,445,30,0,21,69,25,2,14,46,3.885,88.2,2.47,95.998,1.455,0.479,0.948,0.839,austen
4106,0,415,322,0,0,2,0,1,3.0,421,89,421,16,0,6,61,23,1,4,54,3.91,83.4,2.299,80.82,1.309,0.607,0.944,0.889,chesterton
4107,0,313,239,0,0,1,0,0,2.0,326,72,326,12,0,13,53,25,0,8,45,3.722,64.4,2.398,40.433,1.263,0.625,0.931,0.89,chesterton
4108,0,341,257,0,0,1,1,0,1.3333333333333333,348,80,348,20,0,7,62,22,3,12,50,3.587,68.8,2.214,44.257,1.25,0.625,0.938,0.893,chesterton
4109,0,813,631,0,2,2,1,1,2.0,827,174,827,28,0,14,116,25,1,13,88,3.891,164.6,2.55,85.798,1.513,0.506,0.971,0.868,austen
4110,0,244,177,0,0,3,2,0,3.0,250,60,250,16,0,6,47,24,0,12,34,3.45,49.2,2.111,23.994,1.364,0.567,0.917,0.861,chesterton
4111,0,255,176,0,0,4,5,0,2.0,263,68,263,24,0,8,56,24,1,12,33,3.191,51.8,2.061,46.089,1.447,0.485,0.926,0.829,chesterton
4112,0,838,666,0,0,0,0,0,0.5,856,172,856,15,0,18,117,26,0,7,77,4.07,170.4,2.383,67.308,1.55,0.448,0.971,0.844,austen
4113,0,1136,882,0,0,0,1,0,1.5,1174,236,1174,50,0,38,152,26,1,15,93,4.11,234.0,2.517,149.828,1.774,0.394,0.979,0.83,austen
4114,0,608,481,0,0,1,0,1,3.0,619,124,619,20,0,11,75,25,0,5,67,4.161,123.0,2.417,70.264,1.442,0.54,0.96,0.872,chesterton
4115,0,411,312,0,0,1,1,0,0.2,422,88,422,26,0,11,59,25,1,10,43,4.011,83.6,2.544,30.411,1.467,0.489,0.943,0.84,austen
4116,0,1034,827,0,0,0,0,0,0.5,1050,205,1050,26,0,16,132,25,3,6,85,4.239,209.2,2.547,124.588,1.737,0.415,0.976,0.835,austen
4117,0,336,235,0,0,4,1,2,2.0,353,90,353,30,0,17,73,24,0,14,43,3.222,69.8,2.252,32.484,1.452,0.478,0.944,0.836,austen
4118,0,497,368,0,0,0,1,0,1.0,526,126,526,24,0,29,95,24,2,7,55,3.341,104.4,2.044,152.372,1.482,0.437,0.96,0.829,shakespeare
4119,0,438,333,0,0,2,1,0,1.0,450,101,450,21,0,12,73,23,4,8,58,3.663,89.2,2.264,73.802,1.312,0.574,0.95,0.88,chesterton
4120,0,459,357,0,0,0,0,0,1.0,470,100,470,11,0,11,66,24,0,7,47,3.8,93.2,2.005,58.743,1.449,0.47,0.95,0.836,chesterton
4121,0,701,549,0,0,0,0,0,0.16666666666666666,711,143,711,20,0,10,103,26,0,11,71,4.056,141.4,2.455,80.332,1.49,0.497,0.965,0.859,austen
4122,0,491,372,0,0,3,0,1,1.0,501,112,501,25,0,10,81,24,0,16,60,3.688,99.4,2.317,64.956,1.4,0.536,0.955,0.868,austen
4123,0,269,197,0,0,0,2,0,1.0,281,68,281,13,1,12,49,21,2,8,30,3.279,55.4,2.461,49.283,1.478,0.441,0.926,0.806,shakespeare
4124,0,592,451,0,0,2,0,0,1.5,606,130,606,30,0,14,87,25,1,14,66,3.846,120.4,2.393,85.061,1.444,0.508,0.962,0.861,austen
4125,0,450,342,0,0,1,0,0,1.0,459,106,459,21,0,9,76,23,3,12,39,3.538,91.0,2.359,60.996,1.683,0.368,0.953,0.786,chesterton
4126,0,425,329,0,0,0,0,0,2.5,435,94,435,15,0,10,67,23,2,5,46,3.766,86.2,2.245,59.47,1.424,0.489,0.947,0.843,austen
4127,0,210,149,0,0,3,1,0,1.0,215,55,215,16,0,5,44,21,2,11,32,3.2,42.2,1.85,33.929,1.279,0.582,0.909,0.865,chesterton
4128,0,178,132,0,0,0,0,0,1.0,191,46,191,7,0,13,35,21,1,6,30,3.304,37.4,2.032,35.097,1.211,0.652,0.891,0.888,shakespeare
4129,0,278,208,0,0,0,2,0,1.0,299,66,299,13,0,21,48,22,2,4,39,3.667,59.0,2.207,60.299,1.269,0.591,0.924,0.874,shakespeare
4130,0,451,340,0,0,1,1,0,0.16666666666666666,462,108,462,22,0,11,78,25,1,9,58,3.481,91.6,2.172,53.729,1.421,0.537,0.954,0.867,austen
4131,0,568,454,0,0,1,1,0,3.0,574,111,574,12,0,6,71,25,0,4,70,4.27,114.0,2.442,75.779,1.321,0.631,0.955,0.902,chesterton
4132,2,720,546,0,0,0,1,0,3.0,750,171,750,27,0,30,129,26,5,15,76,3.526,149.2,2.25,56.313,1.629,0.444,0.971,0.842,chesterton
4133,0,118,86,0,0,0,1,0,1.0,128,32,128,5,0,10,23,22,0,3,17,3.156,24.8,1.762,21.371,1.333,0.531,0.844,0.817,shakespeare
4134,0,1206,910,0,0,0,5,1,1.25,1232,274,1232,58,0,26,205,23,0,13,80,3.628,245.6,2.189,245.723,2.076,0.292,0.982,0.781,austen
4135,0,1160,903,0,0,3,0,0,8.0,1172,247,1172,44,0,12,172,27,0,10,102,3.907,233.6,2.522,224.199,1.803,0.413,0.98,0.839,austen
4136,0,375,284,0,0,0,1,0,1.0,392,85,392,16,0,17,61,24,0,6,54,3.729,77.6,2.317,100.853,1.328,0.635,0.941,0.898,shakespeare
4137,0,311,235,0,0,1,1,0,0.5,325,73,325,16,0,14,56,25,1,9,38,3.671,64.2,2.698,36.341,1.404,0.521,0.932,0.848,austen
4138,0,377,285,0,0,3,0,0,2.0,389,87,389,21,0,12,63,25,1,9,51,3.724,77.0,2.541,36.111,1.338,0.586,0.943,0.88,chesterton
4139,0,785,607,0,0,0,0,0,1.75,798,167,798,33,0,13,122,25,0,9,68,3.91,158.8,2.478,107.036,1.67,0.407,0.97,0.824,austen
4140,0,1010,787,0,1,1,0,1,0.8,1023,218,1023,34,0,13,156,25,1,13,98,3.835,203.8,2.419,275.333,1.627,0.45,0.977,0.852,austen
4141,0,699,530,0,2,1,0,4,3.0,707,163,707,29,0,8,123,24,1,11,75,3.497,140.6,2.118,192.081,1.598,0.46,0.969,0.848,austen
4142,0,860,685,0,0,1,0,0,4.0,867,171,867,17,0,7,115,26,0,5,90,4.164,172.6,2.499,76.556,1.527,0.526,0.971,0.875,chesterton
4143,0,276,209,0,0,2,1,0,1.0,285,62,285,14,0,9,45,25,0,10,37,3.823,56.2,2.545,23.69,1.265,0.597,0.919,0.875,chesterton
4144,0,551,434,0,0,0,0,0,0.6666666666666666,561,118,561,14,0,10,78,25,0,2,49,3.881,111.4,2.321,79.024,1.595,0.415,0.958,0.816,austen
4145,0,438,322,0,3,2,0,1,4.0,449,103,449,31,0,11,78,23,0,12,52,3.573,89.0,2.424,66.978,1.411,0.505,0.951,0.853,austen
4146,0,119,87,0,0,0,2,0,1.0,126,31,126,6,0,7,27,17,0,2,19,3.226,24.4,1.875,25.383,1.24,0.613,0.839,0.857,shakespeare
4147,0,569,452,0,0,0,0,0,3.0,574,118,574,8,0,5,80,23,0,4,56,3.941,114.0,2.085,41.587,1.422,0.475,0.958,0.844,chesterton
4148,2,817,636,0,0,1,0,0,0.5,840,170,840,26,0,23,113,25,0,12,90,4.041,167.2,2.372,164.529,1.491,0.529,0.971,0.876,austen
4149,1,151,109,0,0,2,1,0,1.0,159,37,159,12,0,8,28,24,0,6,22,3.622,31.0,2.253,36.544,1.276,0.595,0.865,0.856,chesterton
4150,0,784,621,0,0,0,2,0,2.5,791,160,791,23,0,7,104,23,0,1,78,4.069,157.4,2.666,135.268,1.569,0.487,0.969,0.858,austen
4151,0,175,129,0,0,0,0,0,2.0,190,45,190,10,1,15,32,22,2,3,26,3.444,37.2,2.04,51.669,1.364,0.578,0.889,0.856,shakespeare
4152,0,229,159,0,0,3,1,0,2.0,239,64,239,17,0,10,56,25,0,13,25,3.031,47.0,1.69,30.927,1.6,0.391,0.922,0.774,austen
4153,0,187,130,0,0,3,1,0,2.0,194,49,194,16,0,7,36,23,0,11,26,3.245,38.0,2.047,27.722,1.361,0.531,0.898,0.837,chesterton
4154,0,1099,886,0,0,0,0,0,4.0,1120,214,1120,28,0,21,130,24,2,5,87,4.369,223.2,2.947,112.484,1.74,0.407,0.977,0.832,austen
4155,0,330,249,0,0,2,0,0,2.0,338,76,338,20,0,8,56,25,0,10,38,3.711,66.8,2.377,25.064,1.434,0.5,0.934,0.84,chesterton
4156,0,160,122,0,0,0,0,0,1.0,168,39,168,7,0,8,29,22,0,1,26,3.513,32.8,2.151,34.419,1.182,0.667,0.872,0.889,shakespeare
4157,0,131,99,0,0,0,1,0,1.0,142,32,142,5,0,11,25,19,0,1,26,3.594,27.6,2.408,33.411,1.067,0.812,0.844,0.94,shakespeare
4158,0,223,167,0,0,0,3,0,2.0,238,53,238,8,0,15,39,21,0,7,29,3.604,46.8,2.389,28.155,1.293,0.547,0.906,0.848,austen
4159,0,792,616,0,0,0,0,0,0.3333333333333333,804,169,804,27,0,12,119,25,1,7,79,3.876,160.0,2.255,128.973,1.579,0.467,0.97,0.852,austen
4160,0,647,516,0,0,0,0,0,1.0,654,131,654,13,0,7,84,24,0,2,74,4.092,130.0,2.255,51.754,1.409,0.565,0.962,0.883,chesterton
4161,0,667,503,0,0,0,0,0,2.0,704,159,704,34,0,37,109,23,0,16,80,3.61,140.0,2.322,128.709,1.459,0.503,0.969,0.864,shakespeare
4162,0,728,576,0,0,0,0,0,0.5,739,150,739,20,0,11,95,25,1,3,72,4.047,147.0,2.358,118.393,1.531,0.48,0.967,0.854,austen
4163,0,327,252,0,0,2,1,0,1.0,334,68,334,14,0,7,49,22,0,8,38,4.103,66.0,2.569,19.875,1.333,0.559,0.926,0.862,chesterton
4164,0,411,314,0,0,1,0,0,0.5,422,91,422,17,1,11,62,24,1,10,51,3.791,83.6,2.158,53.799,1.282,0.56,0.945,0.872,austen
4165,0,374,286,0,0,0,0,0,2.5,385,88,385,14,0,11,62,25,0,7,41,3.534,76.2,2.223,39.22,1.467,0.466,0.943,0.829,austen
4166,0,635,488,1,0,1,0,0,1.0,647,145,647,19,0,12,107,24,3,15,72,3.607,128.6,2.18,54.569,1.51,0.497,0.966,0.859,chesterton
4167,0,185,144,0,0,0,0,0,1.0,192,42,192,7,0,7,29,20,1,4,28,3.762,37.6,2.128,36.59,1.167,0.667,0.881,0.892,shakespeare
4168,0,138,97,0,2,0,1,0,0.5,142,40,142,11,0,4,35,21,0,4,33,2.8,27.6,1.772,14.673,1.143,0.825,0.875,0.948,austen
4169,0,411,311,0,0,0,0,0,2.0,435,100,435,15,0,24,75,23,0,7,58,3.5,86.2,2.144,136.273,1.316,0.58,0.95,0.882,shakespeare
4170,0,408,294,0,2,1,0,1,1.0,423,104,423,26,0,15,83,24,0,12,53,3.25,83.8,1.96,42.717,1.405,0.51,0.952,0.855,austen
4171,0,128,92,0,0,0,0,2,1.0,133,35,133,8,0,5,29,19,0,3,9,3.0,25.8,2.0,19.383,1.75,0.257,0.857,0.618,austen
4172,0,400,301,0,0,1,1,0,2.0,412,94,412,17,0,12,70,24,2,8,47,3.532,81.6,1.8,46.833,1.362,0.5,0.947,0.847,austen
4173,0,156,109,0,0,3,2,0,1.0,161,39,161,17,0,5,30,21,0,9,17,3.564,31.4,2.542,10.139,1.5,0.436,0.872,0.773,chesterton
4174,2,723,559,0,0,1,0,0,0.8,743,159,743,22,0,20,109,25,1,14,70,3.805,147.8,2.396,147.464,1.574,0.44,0.969,0.838,austen
4175,0,345,254,0,0,3,0,0,1.0,357,84,357,22,0,12,59,23,0,13,50,3.512,70.6,2.225,50.456,1.377,0.595,0.94,0.883,austen
4176,0,158,119,0,0,0,0,1,1.0,165,39,165,8,0,7,30,22,0,4,24,3.462,32.2,2.222,15.944,1.219,0.615,0.872,0.867,chesterton
4177,0,794,606,0,2,2,0,0,3.5,806,175,806,33,0,12,121,24,2,16,73,3.749,160.4,2.345,139.075,1.636,0.417,0.971,0.831,austen
4178,0,363,280,0,0,0,0,0,1.0,371,81,371,14,0,8,59,26,0,6,46,3.741,73.4,2.474,49.003,1.373,0.568,0.938,0.871,austen
4179,0,190,142,0,0,0,0,0,0.5,197,48,197,8,0,7,37,23,0,1,21,3.271,38.6,1.723,25.579,1.5,0.438,0.896,0.786,austen
4180,0,835,668,0,0,0,0,0,0.16666666666666666,846,166,846,24,0,11,110,25,2,10,70,4.235,168.4,2.966,80.779,1.677,0.422,0.97,0.831,austen
4181,0,475,355,0,0,2,0,2,0.5,490,112,490,22,0,15,83,25,1,12,62,3.536,97.2,2.177,51.119,1.349,0.554,0.955,0.875,austen
4182,0,281,202,0,0,3,0,1,1.0,290,69,290,20,0,9,56,23,0,17,34,3.449,57.2,2.386,38.245,1.438,0.493,0.928,0.833,austen
4183,0,342,264,0,0,1,0,0,2.0,349,76,349,14,0,7,50,23,0,6,50,3.789,69.0,2.584,32.272,1.246,0.658,0.934,0.903,austen
4184,0,223,168,0,0,2,1,0,3.0,228,49,228,13,0,5,35,23,0,5,31,3.878,44.8,2.377,52.337,1.225,0.633,0.898,0.882,chesterton
4185,50,842,622,0,0,3,0,1,1.0,1102,208,1102,33,3,260,131,26,1,58,82,4.442,219.6,3.191,143.43,1.625,0.394,0.976,0.826,chesterton
4186,0,410,312,0,0,2,2,0,0.6666666666666666,416,92,416,16,0,6,69,22,1,6,41,3.674,82.4,2.144,32.23,1.46,0.446,0.946,0.821,austen
4187,0,679,539,1,0,0,0,0,1.6666666666666667,690,140,690,19,0,11,92,24,0,2,58,4.064,137.2,2.65,19.176,1.591,0.414,0.964,0.822,chesterton
4188,0,580,449,0,0,1,1,1,0.5,593,120,593,29,0,13,82,26,1,13,66,4.117,117.8,2.859,78.554,1.395,0.55,0.958,0.875,austen
4189,0,246,191,0,0,1,0,0,1.0,251,55,251,9,0,5,38,23,0,5,34,3.782,49.4,2.355,17.869,1.279,0.618,0.909,0.88,austen
4190,0,453,349,0,0,0,0,0,2.0,462,103,462,12,0,9,70,23,0,9,51,3.602,91.6,2.139,28.658,1.451,0.495,0.951,0.848,chesterton
4191,0,501,385,0,0,0,0,0,1.0,527,115,527,19,0,26,77,22,0,7,68,3.739,104.6,2.152,106.636,1.322,0.591,0.957,0.889,shakespeare
4192,0,1002,794,0,1,0,0,1,0.25,1015,204,1015,26,0,13,141,24,2,3,84,4.083,202.2,2.477,132.111,1.7,0.412,0.975,0.833,austen
4193,0,466,347,0,0,0,1,0,1.0,482,117,482,21,0,16,91,23,2,8,66,3.282,95.6,1.934,69.013,1.376,0.564,0.957,0.88,shakespeare
4194,0,364,273,0,0,0,0,0,1.0,388,90,388,15,0,24,71,23,2,8,35,3.467,76.8,2.204,46.821,1.579,0.389,0.944,0.79,shakespeare
4195,0,770,605,0,0,0,0,0,1.0,781,164,781,23,0,11,116,25,1,3,59,3.896,155.4,2.535,110.545,1.763,0.36,0.97,0.8,austen
4196,0,642,501,0,0,0,1,0,2.0,666,132,666,22,0,24,86,24,1,10,56,4.152,132.4,2.375,27.328,1.571,0.424,0.962,0.824,austen
4197,0,213,158,0,1,0,0,1,1.0,218,49,218,15,0,5,37,23,1,6,29,3.633,42.8,2.635,25.519,1.256,0.592,0.898,0.865,chesterton
4198,0,737,581,0,0,1,0,0,6.0,743,155,743,22,0,6,109,24,2,7,84,3.948,147.8,2.499,86.682,1.449,0.542,0.968,0.879,austen
4199,0,1087,856,0,0,0,1,0,0.5,1099,225,1099,36,0,12,152,24,1,6,94,4.018,219.0,2.598,152.91,1.718,0.418,0.978,0.839,austen
4200,0,719,578,0,0,0,1,1,0.5,731,140,731,15,0,12,93,24,0,7,73,4.329,145.4,2.624,111.756,1.474,0.521,0.964,0.868,austen
4201,0,117,79,0,0,0,0,1,1.0,124,35,124,12,2,7,27,20,0,3,26,2.857,24.0,1.987,38.295,1.25,0.743,0.857,0.916,shakespeare
4202,1,178,133,0,0,0,0,0,1.0,193,45,193,10,0,15,31,24,0,2,31,3.511,37.8,2.212,34.824,1.286,0.689,0.889,0.902,shakespeare
4203,0,764,591,0,0,0,0,0,1.3333333333333333,788,171,788,25,0,24,127,25,2,10,79,3.749,156.8,2.14,186.616,1.569,0.462,0.971,0.85,austen
4204,0,102,77,0,0,0,0,0,1.0,111,26,111,6,0,9,19,21,0,0,19,3.538,21.4,2.024,14.876,1.238,0.731,0.808,0.904,shakespeare
4205,0,224,163,0,0,0,1,0,1.0,244,57,244,10,1,20,48,23,0,4,27,3.404,48.0,2.025,61.656,1.425,0.474,0.912,0.815,shakespeare
4206,0,136,103,0,0,0,1,0,1.0,145,33,145,7,0,9,22,21,0,1,23,3.606,28.2,2.106,22.819,1.222,0.697,0.848,0.897,shakespeare
4207,0,484,384,0,0,1,0,0,4.0,495,95,495,18,0,11,60,25,0,3,55,4.368,98.2,3.132,63.794,1.357,0.579,0.947,0.88,chesterton
4208,0,552,413,0,0,0,0,1,0.5,566,131,566,24,0,14,106,23,0,12,65,3.45,112.4,2.199,64.86,1.523,0.496,0.962,0.856,austen
4209,0,950,752,0,0,0,0,2,0.25,968,197,968,23,0,18,132,26,2,9,79,4.03,192.8,2.509,142.05,1.728,0.401,0.975,0.827,austen
4210,0,668,516,0,0,4,0,1,0.5,678,146,678,26,0,10,106,24,0,15,60,3.836,134.8,2.602,74.385,1.64,0.411,0.966,0.822,austen
4211,0,565,445,0,0,0,0,0,2.0,572,118,572,13,0,7,80,24,0,3,65,3.958,113.6,2.181,93.81,1.439,0.551,0.958,0.875,chesterton
4212,0,279,212,0,0,2,0,0,2.0,285,63,285,12,0,6,43,23,0,7,34,3.714,56.2,2.254,41.179,1.286,0.54,0.921,0.851,chesterton
4213,0,971,761,0,0,2,0,0,3.5,980,201,980,29,0,9,133,25,1,11,82,4.0,195.2,2.278,149.16,1.648,0.408,0.975,0.831,chesterton
4214,0,533,401,0,0,0,0,0,0.4,546,118,546,34,5,13,80,24,2,12,58,3.839,108.4,2.528,57.418,1.513,0.492,0.958,0.851,austen
4215,0,473,359,0,0,0,0,0,2.0,496,113,496,23,0,23,80,23,1,13,61,3.584,98.4,2.275,135.356,1.329,0.54,0.956,0.87,shakespeare
4216,0,687,528,0,0,3,1,0,0.3333333333333333,703,151,703,27,0,16,110,24,0,13,80,3.821,139.8,2.541,131.817,1.48,0.53,0.967,0.873,austen
4217,0,67,47,0,0,0,0,0,2.0,75,20,75,6,0,8,14,18,0,1,16,3.05,14.2,2.038,15.707,1.176,0.8,0.75,0.926,shakespeare
4218,0,235,187,0,0,0,0,0,1.0,242,49,242,6,0,7,32,24,0,4,30,4.082,47.6,3.013,23.671,1.324,0.612,0.898,0.874,austen
4219,0,203,146,0,0,0,1,2,0.5,214,49,214,18,0,11,33,25,1,10,36,3.592,42.0,2.532,28.045,1.195,0.735,0.898,0.921,austen
4220,0,944,740,0,0,0,0,0,4.0,949,203,949,18,0,5,148,25,0,3,84,3.759,189.0,2.077,160.231,1.735,0.414,0.975,0.834,chesterton
4221,0,890,663,0,0,1,0,2,4.0,906,197,906,61,0,16,141,25,0,22,92,3.772,180.4,2.594,87.919,1.684,0.467,0.975,0.856,austen
4222,0,1088,868,0,0,0,0,0,1.0,1097,218,1097,23,0,9,138,25,0,3,101,4.128,218.6,2.425,68.53,1.615,0.463,0.977,0.857,chesterton
4223,0,591,441,0,0,3,0,0,1.0,615,136,615,31,0,24,102,26,1,18,65,3.691,122.2,2.298,58.832,1.478,0.478,0.963,0.85,austen
4224,0,416,311,0,0,3,2,1,0.6666666666666666,423,96,423,22,0,7,69,24,0,14,52,3.625,83.8,2.216,51.212,1.371,0.542,0.948,0.866,austen
4225,0,478,371,1,0,0,0,0,5.0,490,104,490,15,0,12,73,24,0,3,61,3.827,97.2,2.279,122.606,1.368,0.587,0.952,0.885,austen
4226,0,368,282,0,0,0,1,0,1.0,386,81,386,16,0,18,55,23,0,6,40,3.901,76.4,2.273,48.278,1.35,0.494,0.938,0.839,shakespeare
4227,0,399,310,0,0,1,0,0,1.0,413,88,413,14,0,14,59,24,0,6,55,3.864,81.8,2.209,32.415,1.275,0.625,0.943,0.895,austen
4228,0,803,622,0,2,4,0,0,3.0,827,171,827,29,0,24,118,26,1,15,82,3.994,164.6,2.533,95.835,1.487,0.48,0.971,0.857,chesterton
4229,0,231,168,0,0,4,1,0,1.0,237,53,237,20,0,6,36,23,0,8,29,3.811,46.6,2.466,23.298,1.472,0.547,0.906,0.848,chesterton
4230,0,194,147,0,0,0,1,0,1.0,206,47,206,10,0,12,37,22,0,7,25,3.596,40.4,2.213,23.405,1.343,0.532,0.894,0.836,shakespeare
4231,0,325,250,0,0,1,1,0,2.0,333,71,333,12,0,8,49,24,3,6,43,3.831,65.8,2.151,56.242,1.268,0.606,0.93,0.882,chesterton
4232,0,472,369,0,0,0,0,0,0.4,487,102,487,9,2,15,72,25,0,4,56,3.873,96.6,2.192,91.754,1.397,0.549,0.951,0.87,austen
4233,0,245,190,0,0,0,0,0,2.0,267,55,267,14,0,22,32,22,0,4,38,4.109,52.6,2.859,53.486,1.279,0.691,0.909,0.908,shakespeare
4234,0,334,260,0,0,0,0,0,1.0,342,75,342,11,0,8,53,24,3,8,47,3.733,67.6,2.262,27.282,1.271,0.627,0.933,0.892,chesterton
4235,0,603,461,0,0,0,0,0,2.0,620,141,620,19,0,17,106,25,0,14,76,3.532,123.2,2.18,67.518,1.469,0.539,0.965,0.875,austen
4236,0,467,370,0,0,2,1,0,1.0,476,93,476,18,0,9,60,24,1,9,52,4.312,94.4,3.26,93.562,1.388,0.559,0.946,0.872,chesterton
4237,0,381,288,0,1,0,0,1,1.0,391,90,391,15,0,10,69,25,0,8,53,3.478,77.4,2.163,60.38,1.304,0.589,0.944,0.882,austen
4238,0,265,196,0,0,1,1,0,0.3333333333333333,276,68,276,14,0,11,56,23,0,7,30,3.294,54.4,1.877,50.959,1.478,0.441,0.926,0.806,austen
4239,0,167,118,0,2,0,0,0,1.0,179,41,179,14,0,12,26,22,0,2,31,3.512,35.0,2.314,14.213,1.171,0.756,0.878,0.925,chesterton
4240,0,128,94,0,0,0,1,0,1.0,136,31,136,7,0,8,21,22,0,3,23,3.516,26.4,1.998,37.018,1.148,0.742,0.839,0.913,shakespeare
4241,0,186,136,0,0,0,2,0,1.0,197,48,197,11,0,11,39,23,0,1,33,3.292,38.6,1.845,38.03,1.2,0.688,0.896,0.903,shakespeare
4242,0,305,234,0,0,2,0,0,3.0,311,66,311,13,0,6,45,23,0,7,43,3.894,61.4,2.281,31.942,1.269,0.652,0.924,0.898,chesterton
4243,0,595,436,0,0,1,0,2,5.0,612,146,612,27,0,17,113,24,0,14,57,3.301,121.6,1.783,119.182,1.78,0.39,0.966,0.811,austen
4244,0,602,470,0,0,1,0,1,1.0,609,128,609,23,0,7,86,24,3,11,66,3.93,121.0,2.463,73.865,1.438,0.516,0.961,0.863,austen
4245,0,272,199,0,0,1,0,3,1.0,281,68,281,15,0,9,53,23,0,8,29,3.338,55.4,1.874,22.233,1.511,0.426,0.926,0.798,austen
4246,0,409,312,0,1,2,1,0,1.0,418,92,418,19,0,9,63,24,0,8,51,3.739,82.8,2.493,50.41,1.373,0.554,0.946,0.87,chesterton
4247,0,206,148,0,0,0,3,0,1.0,221,50,221,12,1,15,36,21,0,7,24,3.52,43.4,2.451,49.973,1.429,0.48,0.9,0.812,shakespeare
4248,0,667,526,0,0,1,0,1,5.0,673,138,673,19,0,6,90,27,0,2,68,4.007,133.8,2.23,97.101,1.5,0.493,0.964,0.856,chesterton
4249,0,525,395,0,0,5,2,0,3.0,536,119,536,23,0,11,87,25,0,12,52,3.689,106.4,2.25,23.405,1.506,0.437,0.958,0.827,chesterton
4250,0,483,374,0,0,0,0,0,0.3333333333333333,495,99,495,25,0,12,64,24,0,5,52,4.172,98.2,2.737,68.031,1.375,0.525,0.949,0.86,austen
4251,0,186,131,0,0,1,0,0,3.0,196,48,196,14,0,10,40,21,0,9,31,3.292,38.4,2.388,17.615,1.231,0.646,0.896,0.887,austen
4252,0,173,127,0,0,0,0,0,1.0,186,45,186,12,0,13,34,21,0,3,24,3.378,36.4,2.167,32.769,1.364,0.533,0.889,0.835,shakespeare
4253,0,251,182,0,0,2,0,1,1.0,255,63,255,21,0,4,48,23,2,9,34,3.381,50.2,2.386,32.175,1.465,0.54,0.921,0.851,austen
4254,0,357,278,0,0,1,1,0,1.0,363,77,363,12,0,6,52,24,0,7,42,3.883,71.8,2.401,52.509,1.375,0.545,0.935,0.86,austen
4255,0,200,137,0,0,4,1,0,1.0,210,54,210,21,0,10,43,22,4,15,25,3.259,41.2,2.103,8.044,1.459,0.463,0.907,0.807,chesterton
4256,0,335,254,0,0,2,1,0,1.0,342,74,342,18,0,7,51,25,0,9,43,3.851,67.6,2.594,58.453,1.396,0.581,0.932,0.874,chesterton
4257,0,489,366,0,0,0,1,0,9.0,507,122,507,22,0,18,92,23,0,9,50,3.328,100.6,1.969,128.644,1.671,0.41,0.959,0.814,shakespeare
4258,0,287,214,0,0,2,0,2,0.3333333333333333,297,69,297,17,0,10,53,24,3,12,34,3.551,58.6,2.317,47.59,1.353,0.493,0.928,0.833,austen
4259,0,1074,860,0,1,0,0,0,10.0,1091,212,1091,25,0,17,141,25,2,5,79,4.255,217.4,2.82,148.793,1.843,0.373,0.976,0.816,austen
4260,0,836,671,0,0,0,0,0,0.6,846,164,846,21,0,10,99,25,0,3,78,4.28,168.4,2.578,63.189,1.577,0.476,0.97,0.854,austen
4261,0,79,56,1,0,0,1,0,1.0,88,22,88,4,1,9,14,17,0,3,14,3.182,16.8,2.519,15.385,1.158,0.636,0.773,0.854,shakespeare
4262,0,551,418,0,0,4,0,0,2.0,557,125,557,27,0,6,85,23,0,16,52,3.68,110.6,2.238,70.963,1.603,0.416,0.96,0.818,austen
4263,0,326,247,0,0,1,1,1,1.0,331,73,331,15,0,5,54,23,0,5,47,3.685,65.4,2.386,46.966,1.237,0.644,0.932,0.897,chesterton
4264,2,1366,1086,0,0,0,0,1,0.16666666666666666,1393,269,1393,41,0,27,176,25,2,13,110,4.29,277.8,2.802,232.454,1.793,0.409,0.981,0.84,austen
4265,0,1096,865,0,0,2,0,1,0.4,1111,224,1111,37,0,15,149,26,2,10,107,4.112,221.4,2.452,118.327,1.577,0.478,0.978,0.863,austen
4266,0,170,124,0,0,0,0,0,1.0,186,47,186,9,0,16,37,21,0,4,24,3.17,36.4,1.993,39.64,1.343,0.511,0.894,0.825,shakespeare
4267,0,273,193,0,0,3,2,0,1.0,284,73,284,19,0,11,61,23,0,13,35,3.151,56.0,1.891,22.483,1.431,0.479,0.932,0.829,austen
4268,0,1037,815,0,0,0,0,0,0.14285714285714285,1053,214,1053,30,0,16,146,24,1,7,76,4.023,209.8,2.466,87.588,1.877,0.355,0.977,0.807,austen
4269,0,296,228,0,0,0,0,0,1.0,311,66,311,12,0,15,43,23,1,4,30,3.864,61.4,2.225,86.48,1.467,0.455,0.924,0.812,shakespeare
4270,0,107,82,0,0,0,0,0,1.0,115,26,115,4,0,8,16,23,0,1,21,3.615,22.2,1.981,23.435,1.13,0.808,0.808,0.934,shakespeare
4271,0,430,312,0,0,0,1,0,1.0,459,115,459,22,1,29,95,23,1,10,43,3.165,91.0,1.691,105.981,1.769,0.374,0.957,0.793,shakespeare
4272,0,876,698,0,0,1,0,0,1.0,887,172,887,23,0,11,109,25,1,8,93,4.267,176.6,2.629,91.262,1.496,0.541,0.971,0.881,chesterton
4273,0,835,666,0,0,0,1,0,0.25,844,167,844,20,0,9,111,26,0,1,79,4.162,168.0,2.535,229.238,1.561,0.473,0.97,0.854,austen
4274,0,311,229,0,0,2,0,1,3.0,318,77,318,20,0,7,57,23,2,10,44,3.39,62.8,2.477,32.213,1.328,0.571,0.935,0.871,austen
4275,0,585,451,0,0,1,0,0,1.0,594,132,594,23,0,9,96,24,3,9,57,3.682,118.0,2.352,52.431,1.692,0.432,0.962,0.828,chesterton
4276,0,139,101,0,0,0,0,0,2.0,147,38,147,8,0,8,30,21,0,3,26,3.079,28.6,1.88,38.109,1.226,0.684,0.868,0.896,shakespeare
4277,0,908,714,0,0,1,0,1,0.25,929,173,929,38,0,21,103,26,2,15,95,4.48,185.0,2.695,211.763,1.43,0.549,0.971,0.884,austen
4278,0,819,627,0,0,0,0,0,1.0,851,189,851,36,0,32,136,24,1,21,78,3.677,169.4,2.19,149.209,1.688,0.413,0.974,0.831,shakespeare
4279,3,598,453,0,2,0,0,0,1.0,632,140,632,25,0,34,103,23,1,17,80,3.664,125.6,2.262,123.51,1.429,0.571,0.964,0.887,austen
4280,0,729,566,0,0,2,1,1,0.5,740,159,740,23,0,11,113,24,1,8,82,3.799,147.2,2.227,125.005,1.529,0.516,0.969,0.869,austen
4281,0,892,717,0,0,0,0,0,0.25,906,176,906,22,0,14,112,25,2,5,77,4.278,180.4,2.534,99.806,1.571,0.438,0.972,0.84,austen
4282,0,208,142,0,0,3,1,0,1.0,216,59,216,20,0,8,50,23,0,12,27,3.0,42.4,1.819,19.932,1.475,0.458,0.915,0.808,austen
4283,0,317,231,0,3,1,0,1,1.0,327,76,327,26,0,10,56,23,1,14,38,3.566,64.6,2.71,53.426,1.333,0.5,0.934,0.84,austen
4284,0,940,744,0,0,2,0,0,6.0,964,189,964,22,0,24,130,25,0,6,78,4.201,192.0,2.77,83.94,1.673,0.413,0.974,0.831,chesterton
4285,0,532,401,0,0,3,2,0,0.5,544,126,544,22,0,12,96,23,0,14,59,3.5,108.0,2.205,67.302,1.482,0.468,0.96,0.843,austen
4286,0,193,140,0,0,1,0,1,2.0,198,52,198,11,0,5,41,22,0,8,34,3.058,38.8,1.765,41.427,1.3,0.654,0.904,0.892,austen
4287,0,364,280,0,0,0,0,0,1.0,388,84,388,15,0,24,50,23,1,5,48,3.798,76.8,2.178,112.553,1.4,0.571,0.94,0.874,shakespeare
4288,0,299,227,0,0,2,0,1,0.5,304,64,304,16,0,5,45,24,1,7,34,3.953,60.0,2.554,59.102,1.306,0.531,0.922,0.848,chesterton
4289,0,313,239,0,0,2,0,0,2.0,320,71,320,15,0,7,50,23,0,5,36,3.732,63.2,3.061,26.3,1.479,0.507,0.93,0.841,chesterton
4290,0,1124,889,1,0,1,0,0,1.0,1141,233,1141,28,0,17,163,25,2,11,86,4.017,227.4,2.396,230.007,1.806,0.369,0.979,0.817,austen
4291,0,465,354,0,0,1,0,0,0.3333333333333333,474,108,474,19,0,9,83,24,0,8,52,3.565,94.0,2.171,85.974,1.479,0.481,0.954,0.844,austen
4292,0,797,606,0,0,2,0,0,5.0,812,180,812,35,0,15,135,26,0,17,74,3.667,161.6,2.385,148.863,1.667,0.411,0.972,0.829,austen
4293,0,75,57,0,0,0,0,0,1.0,80,19,80,3,0,5,13,20,0,2,14,3.421,15.2,1.742,17.123,1.188,0.737,0.737,0.896,shakespeare
4294,0,547,408,0,0,5,1,0,3.0,558,127,558,29,0,11,92,23,0,16,46,3.606,110.8,2.424,31.14,1.789,0.362,0.961,0.79,chesterton
4295,0,570,443,0,0,0,0,0,5.0,576,126,576,20,0,6,86,25,4,7,65,3.722,114.4,2.304,35.275,1.4,0.516,0.96,0.863,chesterton
4296,0,161,115,0,1,0,0,0,2.0,166,42,166,9,0,5,34,23,0,4,22,3.071,32.4,1.813,50.148,1.4,0.524,0.881,0.827,austen
4297,0,292,219,0,0,0,1,0,1.0,307,70,307,9,3,15,48,22,2,7,38,3.514,60.6,1.932,30.013,1.273,0.543,0.929,0.856,shakespeare
4298,0,399,289,0,0,1,0,6,1.0,413,92,413,29,0,14,66,23,0,20,49,3.641,81.8,2.497,107.23,1.415,0.533,0.946,0.861,austen
4299,0,534,427,0,0,0,0,0,2.0,548,106,548,12,0,14,66,25,0,2,50,4.274,108.8,2.66,47.087,1.514,0.472,0.953,0.839,chesterton
4300,0,843,655,0,0,0,0,0,0.5,860,179,860,28,0,17,126,25,1,9,88,3.916,171.2,2.44,121.855,1.557,0.492,0.972,0.863,austen
4301,0,178,121,0,0,2,2,3,1.0,187,46,187,22,0,9,33,22,1,9,26,3.413,36.6,2.315,24.906,1.353,0.565,0.891,0.851,austen
4302,0,1226,917,1,0,1,0,3,0.05555555555555555,1244,282,1244,64,0,18,216,25,4,25,95,3.553,248.0,2.075,259.213,1.945,0.337,0.982,0.807,austen
4303,0,587,461,0,0,0,0,0,7.0,595,125,595,11,0,8,88,23,1,4,53,3.84,118.2,2.085,69.55,1.603,0.424,0.96,0.822,chesterton
4304,0,1244,955,0,1,0,1,0,1.0,1312,282,1312,45,0,68,192,25,0,17,122,3.787,261.6,2.342,242.401,1.659,0.433,0.982,0.851,shakespeare
4305,0,180,139,1,0,0,2,0,2.0,193,39,193,8,0,13,24,21,0,1,26,4.103,37.8,2.732,41.179,1.219,0.667,0.872,0.889,shakespeare
4306,0,398,311,0,0,1,0,1,0.5,405,83,405,12,0,7,57,24,0,5,56,4.012,80.2,2.412,89.542,1.239,0.675,0.94,0.911,austen
4307,0,676,518,0,0,3,2,0,0.5,686,150,686,35,0,10,102,24,0,11,68,3.8,136.4,2.604,78.732,1.613,0.453,0.967,0.842,austen
4308,0,438,344,0,0,0,0,0,3.0,448,95,448,8,0,10,68,24,0,3,44,3.811,88.8,2.266,32.965,1.462,0.463,0.947,0.831,chesterton
4309,0,501,371,0,0,0,1,0,2.0,534,126,534,25,0,33,95,22,2,12,60,3.405,106.0,2.177,139.657,1.448,0.476,0.96,0.847,shakespeare
4310,0,793,632,0,0,0,0,0,4.0,802,160,802,19,0,9,100,23,0,2,77,4.125,159.6,2.469,45.725,1.6,0.481,0.969,0.856,chesterton
4311,0,105,74,0,0,0,0,0,1.0,113,32,113,6,0,8,29,22,0,6,21,2.75,21.8,1.368,17.413,1.143,0.656,0.844,0.878,shakespeare
4312,0,768,602,0,0,1,0,0,1.0,777,163,777,20,0,9,116,25,3,9,93,3.89,154.6,2.219,60.422,1.381,0.571,0.969,0.89,chesterton
4313,0,384,298,0,0,1,2,0,1.0,390,83,390,14,0,6,58,24,2,7,54,3.855,77.2,2.307,28.288,1.221,0.651,0.94,0.903,chesterton
4314,0,264,197,0,0,1,0,0,1.0,272,66,272,13,0,8,51,23,0,7,36,3.333,53.6,1.995,40.303,1.375,0.545,0.924,0.855,austen
4315,0,251,198,0,0,0,1,2,1.0,259,51,259,9,0,8,34,23,0,4,39,4.235,51.0,3.024,19.404,1.133,0.765,0.902,0.932,austen
4316,0,258,190,0,0,2,1,1,1.0,265,62,265,19,0,7,45,24,0,11,45,3.565,52.2,2.266,28.119,1.216,0.726,0.919,0.922,austen
4317,0,398,309,0,0,1,1,0,3.0,405,87,405,11,0,7,57,24,1,7,56,3.793,80.2,2.205,71.346,1.261,0.644,0.943,0.901,chesterton
4318,0,373,284,0,0,2,2,1,2.0,381,84,381,14,0,8,58,24,0,8,45,3.69,75.4,1.932,63.516,1.312,0.536,0.94,0.859,chesterton
4319,0,553,425,0,0,1,0,0,5.0,559,123,559,17,0,6,85,23,1,6,60,3.675,111.0,1.994,66.091,1.538,0.488,0.959,0.851,chesterton
4320,3,525,413,0,0,0,0,0,1.0,549,112,549,10,0,24,76,23,0,3,58,3.991,109.0,2.429,88.145,1.534,0.518,0.955,0.861,chesterton
4321,0,361,272,0,0,0,0,0,1.0,383,89,383,15,0,22,66,24,2,6,47,3.472,75.8,2.045,71.068,1.391,0.528,0.944,0.858,shakespeare
4322,0,115,88,0,0,0,1,0,1.0,124,27,124,4,0,9,20,22,0,2,25,3.741,24.0,2.28,22.836,1.038,0.926,0.815,0.977,shakespeare
4323,0,348,266,0,0,1,0,1,1.0,358,78,358,11,0,10,55,23,1,8,49,3.718,70.8,2.227,57.417,1.258,0.628,0.936,0.893,chesterton
4324,0,199,140,0,0,2,2,1,1.0,205,52,205,19,0,6,38,23,3,10,18,3.288,40.2,2.181,30.261,1.486,0.346,0.904,0.732,chesterton
4325,0,545,433,0,0,0,0,0,1.0,552,112,552,17,0,7,74,25,0,2,66,4.08,109.6,2.505,77.739,1.4,0.589,0.955,0.888,chesterton
4326,0,244,185,0,0,0,0,0,2.0,261,59,261,10,0,17,41,23,0,2,42,3.593,51.4,2.126,50.841,1.229,0.712,0.915,0.917,shakespeare
4327,0,540,412,0,0,2,1,0,1.0,551,122,551,25,0,11,86,23,1,8,61,3.713,109.4,2.344,114.649,1.525,0.5,0.959,0.856,austen
4328,0,198,142,0,0,1,0,0,1.0,206,52,206,12,0,8,42,21,0,10,35,3.173,40.4,2.065,24.048,1.209,0.673,0.904,0.9,austen
4329,0,613,445,0,1,1,0,1,1.0,643,147,643,43,0,30,108,25,1,24,70,3.544,127.8,2.524,168.91,1.531,0.476,0.966,0.851,austen
4330,0,287,222,0,1,0,0,0,1.0,294,62,294,13,0,7,41,24,1,6,38,3.919,58.0,2.582,84.422,1.319,0.613,0.919,0.881,austen
4331,0,1011,810,0,0,0,0,0,6.0,1019,196,1019,22,4,8,125,25,0,5,89,4.306,203.0,2.736,125.1,1.633,0.454,0.974,0.85,chesterton
4332,0,708,550,0,0,1,0,0,2.0,722,153,722,23,0,14,103,24,0,12,77,3.856,143.6,2.619,94.164,1.545,0.503,0.967,0.864,chesterton
4333,0,429,341,0,0,0,0,0,2.0,441,88,441,13,0,12,55,24,1,1,42,4.159,87.4,2.69,36.855,1.443,0.477,0.943,0.835,austen
4334,0,321,225,0,0,2,2,3,1.0,337,82,337,31,0,16,64,24,0,16,43,3.378,66.6,2.463,82.806,1.39,0.524,0.939,0.854,austen
4335,0,615,470,0,1,0,0,0,4.0,620,139,620,20,0,5,106,24,0,4,66,3.576,123.2,1.903,52.352,1.463,0.475,0.964,0.849,chesterton
4336,0,449,351,0,0,1,0,1,0.6666666666666666,462,94,462,14,0,13,62,23,0,7,55,4.043,91.6,2.341,50.505,1.288,0.585,0.947,0.882,austen
4337,0,619,467,0,0,1,0,0,1.0,632,147,632,26,0,13,112,25,3,12,58,3.463,125.6,2.273,61.651,1.69,0.395,0.966,0.814,austen
4338,0,345,242,0,0,2,1,3,1.0,361,87,361,31,0,16,69,23,0,19,38,3.368,71.4,2.001,80.949,1.5,0.437,0.943,0.815,austen
4339,0,262,195,0,0,2,0,0,3.0,267,63,267,12,0,5,49,23,0,7,33,3.429,52.6,2.03,40.191,1.37,0.524,0.921,0.844,chesterton
4340,0,651,515,0,0,0,0,0,0.25,660,136,660,20,0,9,90,26,2,4,65,4.0,131.2,2.363,59.479,1.563,0.478,0.963,0.85,austen
4341,0,305,226,0,0,3,0,0,1.0,313,75,313,18,0,8,58,25,1,9,41,3.44,61.8,2.182,45.91,1.389,0.547,0.933,0.86,chesterton
4342,0,402,303,0,0,3,0,0,2.0,412,90,412,22,0,10,63,23,2,14,53,3.811,81.6,2.417,64.995,1.324,0.589,0.944,0.882,chesterton
4343,0,783,621,0,0,0,0,0,0.3333333333333333,804,160,804,25,0,21,102,26,1,4,83,4.169,160.0,2.64,116.876,1.569,0.519,0.969,0.871,austen
4344,0,298,234,0,0,0,0,0,1.0,306,64,306,14,0,8,43,23,0,4,37,4.031,60.4,2.873,59.869,1.362,0.578,0.922,0.868,austen
4345,0,378,290,0,0,0,1,0,3.0,385,87,385,11,0,7,67,24,2,6,57,3.563,76.2,1.834,29.457,1.243,0.655,0.943,0.905,chesterton
4346,0,448,341,0,0,4,1,1,1.0,457,99,457,20,0,9,65,24,1,12,58,3.818,90.6,2.336,94.511,1.375,0.586,0.949,0.884,chesterton
4347,0,269,209,0,0,0,1,0,1.0,281,60,281,11,0,12,43,22,1,6,39,3.867,55.4,2.48,103.077,1.224,0.65,0.917,0.895,shakespeare
4348,0,487,366,0,0,1,3,0,0.5,499,111,499,26,0,12,80,26,0,14,46,3.667,99.0,2.698,46.33,1.586,0.414,0.955,0.813,austen
4349,0,88,65,0,0,0,0,0,1.0,96,24,96,7,0,8,16,19,1,1,17,3.333,18.4,1.857,19.295,1.2,0.708,0.792,0.891,shakespeare
4350,0,772,593,0,0,3,0,0,2.0,782,172,782,26,0,10,128,24,1,14,81,3.703,155.6,2.329,35.069,1.578,0.471,0.971,0.854,chesterton
4351,0,561,427,0,0,2,0,0,6.0,574,128,574,22,0,13,91,24,0,7,72,3.648,114.0,2.309,65.845,1.391,0.562,0.961,0.881,chesterton
4352,0,454,338,0,0,1,0,2,1.0,465,105,465,23,0,11,83,24,0,12,45,3.562,92.2,2.41,74.961,1.522,0.429,0.952,0.818,austen
4353,0,650,506,0,3,0,1,0,6.0,663,139,663,22,0,13,94,24,1,6,73,3.906,131.8,2.473,33.267,1.418,0.525,0.964,0.869,chesterton
4354,0,379,277,0,0,4,1,0,3.0,389,91,389,26,0,10,67,26,1,15,45,3.538,77.0,2.442,24.372,1.468,0.495,0.945,0.844,chesterton
4355,0,355,275,0,0,1,0,0,0.5,363,77,363,14,0,8,51,24,2,8,41,3.896,71.8,2.32,50.633,1.375,0.532,0.935,0.855,austen
4356,0,454,352,0,0,0,0,0,0.6666666666666666,463,102,463,15,0,9,73,26,0,7,56,3.706,91.8,2.391,88.418,1.397,0.549,0.951,0.87,austen
4357,0,268,209,0,1,0,0,0,1.0,277,59,277,9,0,9,38,24,1,2,33,3.847,54.6,2.242,63.189,1.341,0.559,0.915,0.858,shakespeare
4358,0,213,156,0,0,2,1,0,2.0,218,51,218,14,0,5,36,24,0,9,24,3.549,42.8,2.301,20.117,1.457,0.471,0.902,0.808,chesterton
4359,0,574,445,0,0,2,0,0,2.0,584,126,584,21,0,10,87,26,1,10,64,3.81,116.0,2.179,79.275,1.432,0.508,0.96,0.86,austen
4360,0,784,616,0,0,1,1,0,0.16666666666666666,801,167,801,24,0,17,117,25,1,7,76,3.946,159.4,2.703,85.938,1.606,0.455,0.97,0.846,austen
4361,0,479,373,0,0,0,0,0,1.0,487,106,487,17,0,8,76,25,0,5,56,3.764,96.6,2.738,63.905,1.452,0.528,0.953,0.863,austen
4362,0,258,180,0,0,1,1,3,1.0,268,67,268,21,0,10,52,22,0,12,37,3.209,52.8,1.95,44.483,1.34,0.552,0.925,0.859,austen
4363,0,310,229,0,0,0,1,0,2.0,319,79,319,13,0,9,64,24,1,6,43,3.177,63.0,1.986,22.417,1.339,0.544,0.937,0.861,austen
4364,0,454,346,1,0,0,1,0,1.0,477,107,477,17,0,23,75,25,0,10,60,3.607,94.6,2.1,97.074,1.39,0.561,0.953,0.876,shakespeare
4365,0,285,211,0,0,1,0,0,0.5,293,69,293,15,0,8,54,24,1,9,42,3.435,57.8,2.291,51.572,1.255,0.609,0.928,0.883,austen
4366,0,482,381,0,0,1,1,0,3.0,488,97,488,14,0,6,65,25,2,5,57,4.155,96.8,2.571,60.176,1.347,0.588,0.948,0.884,chesterton
4367,0,863,693,0,0,0,0,0,0.3333333333333333,870,171,870,14,0,7,111,25,1,4,94,4.175,173.2,2.302,54.016,1.425,0.55,0.971,0.884,chesterton
4368,0,1019,804,0,0,0,0,0,11.0,1036,215,1036,28,0,17,147,27,1,3,90,3.949,206.4,2.492,112.456,1.822,0.419,0.977,0.838,austen
4369,0,270,200,0,0,0,1,0,1.0,284,68,284,15,0,14,49,24,0,7,42,3.368,56.0,1.736,99.303,1.236,0.618,0.926,0.886,shakespeare
4370,0,182,128,0,0,3,0,0,3.0,194,49,194,15,0,12,36,23,0,9,27,3.286,38.0,1.979,15.62,1.324,0.551,0.898,0.847,chesterton
4371,0,467,357,0,0,2,2,0,3.0,474,105,474,16,0,7,77,23,2,11,45,3.657,94.0,2.261,65.731,1.591,0.429,0.952,0.818,chesterton
4372,0,759,583,0,0,2,0,2,0.3333333333333333,788,166,788,28,0,29,108,24,1,16,66,3.892,156.8,2.454,86.251,1.677,0.398,0.97,0.82,austen
4373,0,791,592,0,0,0,2,0,6.0,805,182,805,41,0,14,134,26,1,19,68,3.566,160.2,2.325,64.647,1.685,0.374,0.973,0.811,austen
4374,0,411,316,0,0,1,0,0,0.14285714285714285,419,89,419,20,0,8,60,24,0,5,49,3.899,83.0,2.417,42.714,1.413,0.551,0.944,0.867,austen
4375,0,722,567,0,0,0,0,0,2.0,728,155,728,16,0,6,108,24,0,4,76,3.8,144.8,1.959,119.416,1.566,0.49,0.968,0.859,chesterton
4376,0,930,737,0,0,0,0,1,0.6666666666666666,943,183,943,33,0,13,118,27,0,8,95,4.279,187.8,2.566,177.763,1.512,0.519,0.973,0.874,austen
4377,0,480,366,0,0,3,0,0,1.0,488,108,488,20,0,8,77,24,0,11,61,3.704,96.8,2.276,37.084,1.367,0.565,0.954,0.878,austen
4378,0,381,288,0,0,0,1,0,1.0,403,91,403,17,0,22,68,23,1,10,52,3.593,79.8,2.231,124.69,1.379,0.571,0.945,0.876,shakespeare
4379,0,769,621,0,0,2,0,0,2.0,785,144,785,18,0,16,84,26,0,5,81,4.576,156.2,2.859,57.094,1.412,0.562,0.965,0.884,chesterton
4380,0,778,619,0,0,0,0,0,1.3333333333333333,788,158,788,21,0,10,103,26,0,4,69,4.114,156.8,2.725,141.456,1.681,0.437,0.968,0.836,austen
4381,0,262,201,0,0,0,0,0,1.0,281,61,281,9,0,19,47,22,0,4,42,3.754,55.4,2.271,46.506,1.22,0.689,0.918,0.909,shakespeare
4382,0,167,126,0,0,0,1,0,1.0,178,41,178,4,0,11,29,22,0,3,29,3.439,34.8,1.858,34.157,1.171,0.707,0.878,0.907,shakespeare
4383,0,551,428,0,0,2,0,0,5.0,562,120,562,21,0,11,82,23,3,10,54,3.867,111.6,2.387,29.16,1.538,0.45,0.958,0.833,chesterton
4384,0,75,55,0,0,0,0,0,1.0,81,21,81,4,0,6,18,19,0,1,16,3.095,15.4,1.375,17.372,1.167,0.762,0.762,0.911,shakespeare
4385,0,184,137,0,0,2,1,0,1.0,188,42,188,13,0,4,30,24,0,5,25,3.762,36.8,2.703,31.035,1.235,0.595,0.881,0.861,chesterton
4386,0,456,365,0,0,0,0,0,0.75,463,92,463,12,0,7,63,23,1,2,53,4.174,91.8,2.748,87.973,1.333,0.576,0.946,0.878,austen
4387,0,1082,849,0,0,0,0,0,3.0,1096,231,1096,27,0,14,165,26,1,7,106,3.853,218.4,2.293,118.173,1.662,0.459,0.978,0.857,chesterton
4388,0,272,210,0,0,0,0,1,3.0,283,59,283,13,0,11,41,23,0,4,38,3.983,55.8,2.788,38.029,1.229,0.644,0.915,0.892,austen
4389,0,362,280,0,0,1,0,0,1.0,368,79,368,10,0,6,53,23,0,7,32,3.797,72.8,2.472,49.827,1.58,0.405,0.937,0.793,chesterton
4390,0,279,200,0,0,3,1,2,1.0,287,73,287,18,0,8,60,25,0,13,29,3.192,56.6,1.963,46.795,1.622,0.397,0.932,0.785,austen
4391,0,432,325,0,0,3,0,0,2.0,443,97,443,26,0,11,68,25,0,13,52,3.814,87.8,2.472,56.584,1.426,0.536,0.948,0.864,chesterton
4392,0,201,151,0,0,0,0,0,2.0,215,50,215,7,0,14,37,23,0,6,35,3.44,42.2,1.897,35.926,1.19,0.7,0.9,0.909,shakespeare
4393,0,314,233,0,0,1,0,0,1.0,323,74,323,19,0,9,56,24,1,12,46,3.568,63.8,2.586,54.09,1.298,0.622,0.932,0.89,austen
4394,0,211,154,0,0,1,0,0,1.0,221,53,221,16,0,10,41,25,0,8,36,3.453,43.4,2.35,42.087,1.262,0.679,0.906,0.903,austen
4395,0,750,585,0,0,1,0,0,8.0,758,156,758,30,0,8,108,24,4,8,80,4.013,150.8,2.449,109.497,1.458,0.513,0.968,0.868,chesterton
4396,0,140,107,0,0,0,0,0,1.0,151,34,151,6,0,11,22,23,0,1,22,3.647,29.4,2.073,25.851,1.308,0.647,0.853,0.877,shakespeare
4397,0,127,96,0,0,0,0,0,1.0,135,31,135,5,0,8,23,22,0,3,15,3.516,26.2,2.189,34.076,1.348,0.484,0.839,0.789,shakespeare
4398,0,514,413,0,0,0,0,0,5.0,521,100,521,12,0,7,62,25,0,3,61,4.34,103.4,2.746,48.603,1.351,0.61,0.95,0.893,chesterton
4399,0,422,323,0,0,0,0,0,1.0,451,96,451,16,0,29,60,22,0,5,50,3.833,89.4,2.311,90.182,1.412,0.521,0.948,0.857,shakespeare
4400,0,862,690,0,0,0,0,0,1.0,867,169,867,24,0,5,109,26,1,6,83,4.254,172.6,2.644,69.984,1.509,0.491,0.97,0.861,chesterton
4401,0,509,396,0,0,0,0,0,0.625,515,112,515,15,0,6,83,23,1,3,47,3.723,102.2,2.36,85.004,1.6,0.42,0.955,0.816,austen
4402,0,545,439,0,0,0,0,0,1.0,560,106,560,11,0,15,68,25,0,1,60,4.387,111.2,2.874,35.605,1.413,0.566,0.953,0.878,chesterton
4403,0,234,164,0,0,4,1,0,2.0,242,56,242,23,0,8,40,21,0,14,27,3.625,47.6,2.212,43.661,1.514,0.482,0.911,0.819,chesterton
4404,0,701,561,0,0,0,0,0,0.14285714285714285,708,138,708,19,0,7,90,26,1,2,75,4.254,140.8,2.774,133.251,1.5,0.543,0.964,0.876,austen
4405,0,115,81,0,0,0,2,0,1.0,122,33,122,8,0,7,28,18,1,2,27,2.909,23.6,1.646,21.801,1.1,0.818,0.848,0.943,shakespeare
4406,0,338,245,0,0,2,1,1,0.5,350,87,350,20,0,12,66,24,0,16,43,3.253,69.2,2.142,77.001,1.426,0.494,0.943,0.842,austen
4407,0,339,256,0,0,3,0,0,1.0,347,75,347,21,0,8,52,24,1,13,44,3.893,68.6,2.802,76.363,1.415,0.587,0.933,0.876,chesterton
4408,0,311,241,0,0,1,2,0,4.0,316,62,316,15,0,5,40,24,2,6,34,4.258,62.4,3.094,69.472,1.292,0.548,0.919,0.854,chesterton
4409,0,666,529,0,0,0,0,0,0.6666666666666666,673,138,673,16,0,7,98,26,0,2,65,4.0,133.8,2.642,57.786,1.516,0.471,0.964,0.847,austen
4410,0,127,88,0,0,1,0,1,1.0,133,38,133,8,0,6,34,23,0,7,25,2.763,25.8,1.635,16.784,1.267,0.658,0.868,0.885,austen
4411,0,359,283,0,0,1,0,1,1.0,364,72,364,14,0,5,46,23,0,5,44,4.236,72.0,2.672,76.828,1.263,0.611,0.931,0.885,chesterton
4412,0,461,353,0,0,2,0,0,3.0,468,103,468,18,0,7,76,25,1,9,55,3.728,92.8,2.25,57.764,1.392,0.534,0.951,0.865,chesterton
4413,0,799,607,0,0,2,0,2,1.0,819,177,819,37,0,20,126,26,0,24,80,3.78,163.0,2.532,50.838,1.539,0.452,0.972,0.847,austen
4414,0,240,178,0,0,3,1,0,2.0,245,57,245,17,0,5,45,24,2,10,35,3.632,48.2,2.582,31.348,1.295,0.614,0.912,0.879,chesterton
4415,0,831,658,0,0,0,0,0,2.0,838,171,838,20,0,7,109,23,0,3,81,4.006,166.8,2.345,98.446,1.598,0.474,0.971,0.855,chesterton
4416,0,28,18,0,0,0,1,0,1.0,33,10,33,3,0,5,8,14,0,1,8,2.6,5.8,1.647,3.347,1.111,0.8,0.5,0.903,shakespeare
4417,0,651,507,0,0,0,0,0,5.0,665,142,665,13,0,14,104,25,1,11,69,3.768,132.2,2.082,57.269,1.479,0.486,0.965,0.854,chesterton
4418,0,234,167,0,0,3,1,0,1.0,240,61,240,19,0,6,50,24,1,10,36,3.279,47.2,1.899,29.836,1.386,0.59,0.918,0.872,chesterton
4419,0,437,337,0,0,1,0,0,2.0,454,97,454,14,0,17,66,24,0,5,32,3.825,90.0,2.245,44.559,1.764,0.33,0.948,0.758,chesterton
4420,0,81,59,0,0,0,0,0,1.0,88,22,88,5,1,7,15,20,0,3,11,3.273,16.8,2.208,12.716,1.294,0.5,0.773,0.776,shakespeare
4421,0,156,112,0,0,0,1,0,1.0,164,44,164,8,0,8,38,22,0,2,23,2.909,32.0,1.428,34.864,1.333,0.523,0.886,0.829,shakespeare
4422,0,540,429,0,0,0,0,0,6.0,548,111,548,12,0,8,77,24,0,2,53,4.054,108.8,2.526,63.488,1.5,0.477,0.955,0.843,chesterton
4423,0,473,355,0,0,2,0,0,2.0,486,108,486,25,0,13,80,25,1,13,49,3.685,96.4,2.516,73.602,1.5,0.454,0.954,0.831,austen
4424,2,728,585,0,0,0,0,0,3.0,751,141,751,19,0,23,92,25,0,4,75,4.447,149.4,2.882,146.577,1.454,0.532,0.965,0.872,austen
4425,0,329,242,0,0,1,0,1,3.0,340,84,340,18,0,11,67,25,2,12,45,3.25,67.2,2.206,51.475,1.377,0.536,0.94,0.859,austen
4426,0,118,92,0,0,0,0,0,1.0,132,23,132,4,4,14,10,22,0,2,17,4.957,25.6,2.992,19.308,1.211,0.739,0.783,0.904,shakespeare
4427,0,320,243,0,0,0,0,1,1.0,330,73,330,16,0,10,55,24,0,8,38,3.712,65.2,2.324,38.681,1.404,0.521,0.932,0.848,austen
4428,0,322,234,0,0,4,1,0,0.2,335,78,335,20,0,13,61,24,0,11,33,3.526,66.2,2.011,23.317,1.56,0.423,0.936,0.803,austen
4429,0,337,239,0,0,2,2,0,2.0,344,87,344,25,0,7,73,25,0,11,40,3.161,68.0,1.516,56.732,1.475,0.46,0.943,0.826,chesterton
4430,2,649,513,0,0,0,0,0,1.5,671,132,671,19,0,22,88,25,0,8,64,4.205,133.4,2.546,186.535,1.483,0.485,0.962,0.852,austen
4431,0,858,677,0,0,0,0,0,0.25,869,172,869,29,0,11,113,27,1,8,79,4.169,173.0,2.721,70.806,1.623,0.459,0.971,0.849,austen
4432,0,96,72,0,0,0,0,0,1.0,103,23,103,2,2,7,17,19,0,0,14,3.609,19.8,2.083,18.687,1.278,0.609,0.783,0.842,shakespeare
4433,0,324,233,0,0,2,2,1,1.0,333,82,333,23,0,9,65,25,0,13,45,3.293,65.8,2.203,73.913,1.344,0.549,0.939,0.864,austen
4434,0,400,292,0,0,2,0,4,1.0,412,97,412,28,0,12,74,26,0,11,51,3.464,81.6,2.161,93.599,1.426,0.526,0.948,0.859,austen
4435,0,501,381,0,0,0,2,0,1.0,530,115,530,24,0,29,80,24,0,9,56,3.774,105.2,2.835,104.934,1.474,0.487,0.957,0.848,shakespeare
4436,0,777,593,1,1,2,0,0,3.0,796,173,796,32,0,19,124,25,1,18,72,3.751,158.4,2.55,126.997,1.648,0.416,0.971,0.83,austen
4437,1,609,485,0,0,0,0,0,2.0,620,123,620,12,0,11,83,26,0,2,59,4.13,123.2,2.232,92.624,1.538,0.48,0.959,0.847,chesterton
4438,0,203,138,0,0,4,2,0,3.0,210,55,210,20,0,7,45,20,1,16,22,3.182,41.2,1.906,11.432,1.618,0.4,0.909,0.771,chesterton
4439,0,186,131,0,1,2,2,0,3.0,191,45,191,19,0,5,36,23,0,8,19,3.578,37.4,2.973,19.008,1.364,0.422,0.889,0.773,chesterton
4440,0,350,264,1,1,0,1,0,2.0,360,78,360,18,0,10,56,23,0,1,42,3.744,71.2,2.784,78.414,1.393,0.538,0.936,0.858,shakespeare
4441,0,654,505,0,0,1,0,0,3.0,665,144,665,22,0,11,102,23,1,7,71,3.764,132.2,2.168,56.87,1.516,0.493,0.965,0.858,chesterton
4442,0,291,222,0,0,2,0,1,2.0,299,64,299,14,0,8,41,22,1,6,44,3.891,59.0,2.056,68.88,1.231,0.688,0.922,0.91,chesterton
4443,0,245,184,0,0,1,0,0,1.0,254,59,254,11,0,9,43,23,2,9,28,3.508,50.0,2.41,26.372,1.405,0.475,0.915,0.817,chesterton
4444,0,388,291,0,0,2,0,0,5.0,395,88,395,23,0,7,64,25,1,10,40,3.693,78.2,2.151,51.046,1.544,0.455,0.943,0.824,chesterton
4445,0,440,337,0,0,0,1,0,0.6666666666666666,449,102,449,14,0,9,75,24,0,5,50,3.539,89.0,2.362,80.399,1.522,0.49,0.951,0.846,austen
4446,0,386,297,0,0,2,0,0,1.0,395,84,395,16,0,9,55,26,1,8,41,3.881,78.2,2.125,42.482,1.424,0.488,0.94,0.838,chesterton
4447,0,71,53,0,0,0,0,0,1.0,74,16,74,4,2,3,10,20,0,0,13,3.875,14.0,2.918,14.765,1.143,0.812,0.688,0.925,shakespeare
4448,0,494,376,1,0,3,1,0,0.5,506,109,506,21,0,12,78,24,1,10,62,3.826,100.4,2.372,52.104,1.416,0.569,0.954,0.88,chesterton
4449,0,153,106,0,0,2,1,0,2.0,158,42,158,14,0,5,36,21,1,8,19,3.119,30.8,1.877,12.071,1.4,0.452,0.881,0.788,chesterton
4450,0,529,420,0,0,0,0,0,2.0,538,108,538,11,0,9,67,23,0,4,65,4.083,106.8,2.305,31.729,1.301,0.602,0.954,0.892,chesterton
4451,0,180,136,0,0,0,1,0,1.0,191,44,191,8,0,11,33,22,0,3,27,3.523,37.4,2.416,62.051,1.257,0.614,0.886,0.871,shakespeare
4452,0,510,385,0,0,3,1,2,0.5,519,116,519,24,0,9,86,23,0,13,57,3.664,103.0,2.085,106.4,1.45,0.491,0.957,0.851,austen
4453,0,647,498,0,3,1,0,0,3.0,659,144,659,24,0,12,104,23,0,10,73,3.729,131.0,2.345,66.585,1.516,0.507,0.965,0.863,chesterton
4454,0,363,266,0,0,4,0,0,1.0,376,91,376,19,0,13,69,23,0,13,42,3.374,74.4,1.787,44.574,1.542,0.462,0.945,0.829,chesterton
4455,0,558,441,0,0,0,0,0,1.0,567,115,567,15,0,9,75,24,0,3,62,4.043,112.6,2.075,75.494,1.494,0.539,0.957,0.87,chesterton
4456,0,371,283,0,0,1,0,0,2.0,380,83,380,16,0,9,59,25,1,8,49,3.735,75.2,2.333,50.904,1.339,0.59,0.94,0.881,austen
4457,0,478,356,0,0,3,0,1,4.0,488,112,488,30,0,10,84,24,0,12,56,3.598,96.8,2.618,56.371,1.514,0.5,0.955,0.853,austen
4458,0,903,730,1,0,0,0,0,9.0,914,171,914,18,0,11,108,26,0,0,85,4.439,182.0,2.816,44.119,1.555,0.497,0.971,0.864,chesterton
4459,0,181,135,0,0,0,0,1,3.0,191,44,191,8,1,10,30,22,0,3,28,3.5,37.4,2.226,52.998,1.257,0.636,0.886,0.881,shakespeare
4460,0,567,429,0,1,2,0,0,8.0,583,133,583,24,0,16,99,23,0,11,72,3.564,115.8,2.193,82.36,1.4,0.541,0.962,0.875,austen
4461,0,562,441,0,0,0,0,0,7.0,572,118,572,16,0,10,75,24,0,1,68,3.958,113.6,2.38,47.956,1.356,0.576,0.958,0.884,chesterton
4462,0,1099,877,0,0,0,0,0,0.75,1113,211,1113,25,0,14,133,24,0,8,85,4.341,221.8,2.591,126.46,1.648,0.403,0.976,0.83,austen
4463,0,242,178,0,0,3,1,0,5.0,250,57,250,19,0,8,39,23,2,11,28,3.737,49.2,2.553,38.049,1.462,0.491,0.912,0.824,chesterton
4464,0,722,571,1,0,0,0,1,4.0,728,151,728,25,0,6,100,25,0,2,60,3.993,144.8,2.682,191.842,1.756,0.397,0.967,0.816,austen
4465,0,218,164,0,0,0,1,0,1.0,231,53,231,11,0,13,42,22,0,3,34,3.547,45.4,2.108,41.651,1.205,0.642,0.906,0.888,shakespeare
4466,0,569,435,0,0,2,0,1,2.0,574,125,574,24,0,5,82,25,0,8,70,3.744,114.0,2.147,88.391,1.437,0.56,0.96,0.88,chesterton
4467,0,452,361,0,0,0,0,0,2.0,458,92,458,7,0,6,56,24,0,4,46,4.065,90.8,2.085,21.135,1.533,0.5,0.946,0.847,chesterton
4468,0,127,93,0,0,0,1,0,1.0,135,34,135,6,0,8,30,21,0,5,24,3.147,26.2,2.162,23.134,1.214,0.706,0.853,0.901,shakespeare
4469,0,58,41,0,0,0,1,0,2.0,65,17,65,4,0,7,13,16,0,2,12,3.059,12.2,1.919,13.461,1.214,0.706,0.706,0.877,shakespeare
4470,0,1150,860,0,0,2,2,0,1.3333333333333333,1175,267,1175,54,0,25,208,26,0,23,93,3.532,234.2,2.163,257.846,1.854,0.348,0.981,0.811,austen
4471,0,512,390,0,0,2,0,0,5.0,517,114,517,18,0,5,86,26,0,7,56,3.658,102.6,2.026,58.611,1.443,0.491,0.956,0.85,chesterton
4472,0,206,156,0,0,0,0,0,1.0,219,48,219,11,0,13,34,21,1,3,29,3.75,43.0,2.292,69.861,1.231,0.604,0.896,0.87,shakespeare
4473,0,243,182,0,0,0,2,0,1.0,255,58,255,11,0,12,43,23,0,6,30,3.534,50.2,2.154,38.245,1.349,0.517,0.914,0.838,shakespeare
4474,0,214,167,0,0,0,1,0,0.3333333333333333,223,47,223,8,0,9,32,21,0,2,27,3.915,43.8,2.492,54.113,1.306,0.574,0.894,0.856,shakespeare
4475,0,422,320,0,0,3,1,0,3.0,430,92,430,20,0,8,65,25,1,13,58,3.87,85.2,2.486,51.383,1.314,0.63,0.946,0.898,chesterton
4476,0,965,713,0,0,1,1,3,0.3333333333333333,998,213,998,74,0,33,143,26,1,31,88,3.859,198.8,2.438,107.583,1.638,0.413,0.977,0.835,austen
4477,0,395,289,0,0,3,1,1,0.25,402,93,402,29,0,7,63,25,3,15,50,3.559,79.6,2.272,55.437,1.409,0.538,0.946,0.863,chesterton
4478,0,575,453,0,0,0,0,0,1.0,580,121,580,13,0,5,85,23,0,5,58,3.893,115.2,2.555,22.129,1.592,0.479,0.959,0.847,chesterton
4479,0,360,268,0,0,0,0,0,1.0,377,91,377,18,0,17,71,23,0,8,43,3.33,74.6,1.967,138.994,1.517,0.473,0.945,0.834,shakespeare
4480,0,371,276,0,0,4,1,0,1.0,376,86,376,24,0,5,61,24,0,13,48,3.663,74.4,2.615,34.21,1.458,0.558,0.942,0.869,chesterton
4481,0,172,128,0,1,0,1,0,3.0,181,41,181,10,0,9,33,23,1,2,30,3.585,35.4,2.549,30.179,1.139,0.732,0.878,0.916,shakespeare
4482,0,248,187,1,0,0,1,0,1.0,257,59,257,9,0,9,46,22,0,4,35,3.475,50.6,2.315,78.609,1.255,0.593,0.915,0.872,shakespeare
4483,0,616,483,0,0,0,0,0,7.0,624,127,624,17,0,8,80,25,0,2,59,4.0,124.0,2.453,28.009,1.53,0.465,0.961,0.842,chesterton
4484,0,735,575,0,0,2,1,0,6.0,743,153,743,26,0,8,101,23,2,9,75,4.007,147.8,2.599,43.188,1.5,0.49,0.967,0.858,chesterton
4485,0,339,246,0,0,2,0,1,2.0,352,87,352,21,0,13,67,25,0,14,45,3.276,69.6,2.027,33.679,1.403,0.517,0.943,0.852,austen
4486,0,450,351,0,0,0,0,0,3.0,463,99,463,12,0,13,68,24,0,8,54,3.808,91.8,2.342,49.696,1.394,0.545,0.949,0.868,austen
4487,0,201,146,0,0,3,1,0,2.0,208,46,208,16,0,7,33,23,0,10,27,3.804,40.8,2.437,12.795,1.314,0.587,0.891,0.861,chesterton
4488,0,360,290,0,0,0,0,0,1.0,369,70,369,8,0,9,43,23,0,3,45,4.4,73.0,2.504,49.764,1.273,0.643,0.929,0.896,chesterton
4489,0,458,349,0,0,2,0,0,3.0,469,102,469,21,0,11,67,24,1,12,53,3.784,93.0,2.289,36.187,1.397,0.52,0.951,0.858,austen
4490,0,385,294,0,0,2,0,0,1.0,392,87,392,22,0,7,60,24,7,12,44,3.77,77.6,2.117,60.111,1.45,0.506,0.943,0.847,chesterton
4491,0,149,110,0,0,0,1,0,1.0,158,38,158,7,0,9,28,17,2,2,28,3.316,30.8,1.847,39.619,1.188,0.737,0.868,0.916,shakespeare
4492,0,957,744,0,0,0,0,0,1.5,970,198,970,44,0,13,137,25,3,17,79,4.045,193.2,2.647,130.852,1.692,0.399,0.975,0.826,austen
4493,0,165,127,0,0,0,0,0,1.0,172,39,172,7,0,7,31,22,0,5,29,3.615,33.6,2.52,33.156,1.147,0.744,0.872,0.919,shakespeare
4494,0,597,449,0,0,0,1,0,3.0,624,146,624,30,0,27,107,24,1,12,53,3.466,124.0,2.396,137.106,1.678,0.363,0.966,0.797,shakespeare
4495,0,476,360,0,0,4,0,2,1.0,487,109,487,22,0,11,84,24,1,12,51,3.688,96.6,2.482,33.679,1.514,0.468,0.954,0.838,chesterton
4496,0,558,434,0,0,2,1,0,4.0,569,119,569,17,0,11,75,25,0,6,65,3.916,113.0,2.036,93.568,1.368,0.546,0.958,0.873,chesterton
4497,0,866,679,0,0,1,0,0,0.4,875,182,875,26,0,9,124,26,2,8,78,3.934,174.2,2.539,208.202,1.733,0.429,0.973,0.837,austen
4498,0,626,488,0,0,3,0,0,5.0,644,133,644,19,0,18,84,23,0,7,68,3.992,128.0,2.295,79.709,1.478,0.511,0.962,0.863,chesterton
4499,0,541,419,0,0,1,0,1,2.0,546,120,546,14,0,5,87,24,0,9,61,3.675,108.4,2.32,56.787,1.519,0.508,0.958,0.859,austen
4500,0,338,261,0,0,1,0,0,3.0,347,77,347,12,0,9,58,24,0,9,47,3.701,68.6,2.385,35.061,1.305,0.61,0.935,0.886,austen
4501,0,437,339,0,0,4,3,0,1.0,452,86,452,20,0,15,59,24,1,11,47,4.442,89.6,3.168,77.436,1.344,0.547,0.942,0.864,chesterton
4502,0,629,476,0,0,2,0,1,5.0,644,148,644,24,0,15,115,25,3,16,68,3.514,128.0,2.152,125.282,1.558,0.459,0.966,0.844,austen
4503,0,216,164,0,0,0,0,0,2.0,224,53,224,9,0,8,42,23,1,3,28,3.415,44.0,1.759,56.04,1.325,0.528,0.906,0.839,shakespeare
4504,0,705,546,0,0,1,0,0,2.0,721,156,721,21,0,16,110,25,0,17,72,3.763,143.4,2.813,60.949,1.592,0.462,0.968,0.847,austen
4505,0,576,435,0,0,5,0,2,1.0,584,131,584,29,0,8,92,24,1,13,51,3.679,116.0,2.521,65.307,1.747,0.389,0.962,0.806,chesterton
4506,0,440,329,1,1,2,0,1,6.0,449,103,449,20,0,9,76,23,0,8,47,3.524,89.0,2.334,74.394,1.471,0.456,0.951,0.831,austen
4507,1,137,100,0,0,0,0,0,1.0,147,38,147,8,0,10,33,23,2,4,16,3.132,28.6,1.455,26.226,1.407,0.421,0.868,0.762,chesterton
4508,0,379,288,0,0,1,0,0,1.0,385,88,385,17,0,6,65,23,0,7,43,3.557,76.2,2.154,91.223,1.419,0.489,0.943,0.84,austen
4509,0,332,253,0,0,0,0,0,9.0,337,79,337,12,0,5,65,24,5,5,27,3.418,66.6,2.061,5.983,1.837,0.342,0.937,0.754,chesterton
4510,0,464,349,0,0,2,1,1,1.0,478,107,478,27,0,14,77,25,1,10,62,3.692,94.8,2.527,33.116,1.337,0.579,0.953,0.883,austen
4511,0,539,414,0,0,1,0,2,1.0,551,115,551,28,0,12,83,24,0,7,63,3.974,109.4,2.67,71.738,1.42,0.548,0.957,0.873,austen
4512,0,60,44,0,0,0,0,0,1.0,67,17,67,4,0,7,12,21,0,2,12,3.235,12.6,1.855,14.381,1.214,0.706,0.706,0.877,shakespeare
4513,0,298,223,0,0,1,0,0,1.0,305,72,305,14,0,7,55,21,1,4,29,3.431,60.2,1.999,34.23,1.756,0.403,0.931,0.787,chesterton
4514,0,441,338,0,0,0,0,0,1.0,465,102,465,16,0,24,73,23,0,6,62,3.706,92.2,2.164,22.443,1.342,0.608,0.951,0.892,shakespeare
4515,0,154,112,0,0,3,1,0,1.0,161,36,161,12,0,7,25,23,0,7,21,3.806,31.4,2.376,13.795,1.241,0.583,0.861,0.85,chesterton
4516,0,564,454,0,0,0,0,0,3.0,576,111,576,8,0,12,72,25,0,2,53,4.27,114.4,2.427,65.393,1.521,0.477,0.955,0.843,chesterton
4517,0,374,289,0,0,2,0,2,1.0,382,79,382,17,0,8,51,24,2,10,45,4.038,75.6,2.388,59.036,1.362,0.57,0.937,0.871,chesterton
4518,0,521,407,0,3,1,0,0,4.0,527,111,527,17,0,6,77,26,1,12,60,3.892,104.6,2.761,65.11,1.405,0.541,0.955,0.869,chesterton
4519,0,366,269,0,2,3,1,0,1.0,378,86,378,26,0,12,64,24,2,11,50,3.64,74.8,2.525,48.257,1.323,0.581,0.942,0.878,chesterton
4520,0,180,139,0,0,0,1,0,1.0,193,41,193,5,0,13,29,21,0,2,35,3.829,37.8,2.29,53.742,1.025,0.854,0.878,0.957,shakespeare
4521,0,203,143,0,0,1,1,1,0.5,210,52,210,15,0,7,41,22,0,6,27,3.231,41.2,1.926,23.973,1.368,0.519,0.904,0.834,austen
4522,0,474,349,0,0,3,1,0,1.0,482,112,482,29,0,8,86,24,6,19,62,3.509,95.6,2.075,49.732,1.383,0.554,0.955,0.875,chesterton
4523,0,507,368,0,0,4,1,0,2.0,523,124,523,38,0,16,92,24,1,19,42,3.484,103.8,2.301,72.258,1.938,0.339,0.96,0.775,chesterton
4524,0,1043,816,0,0,0,0,1,1.25,1053,213,1053,33,0,10,143,27,1,8,83,4.033,209.8,2.443,134.624,1.664,0.39,0.977,0.824,austen
4525,0,273,215,0,0,0,1,0,2.0,287,57,287,11,0,14,36,23,0,3,44,4.211,56.6,2.871,64.388,1.14,0.772,0.912,0.936,shakespeare
4526,0,411,309,0,0,3,0,0,3.0,421,95,421,22,0,10,64,25,0,10,50,3.663,83.4,2.469,40.943,1.508,0.526,0.947,0.859,chesterton
4527,0,238,174,0,0,2,2,0,3.0,246,58,246,14,0,8,44,23,0,9,36,3.483,48.4,2.288,61.011,1.261,0.621,0.914,0.883,chesterton
4528,0,218,159,0,0,0,0,1,1.0,229,56,229,14,0,11,43,21,0,8,38,3.321,45.0,2.15,28.974,1.244,0.679,0.911,0.904,austen
4529,0,420,305,0,0,2,0,3,0.5,437,94,437,37,0,17,70,26,0,12,46,3.872,86.6,2.604,100.654,1.492,0.489,0.947,0.843,austen
4530,0,355,268,0,0,2,2,0,3.0,361,78,361,17,0,6,57,24,1,6,43,3.782,71.4,2.317,50.89,1.3,0.551,0.936,0.863,chesterton
4531,0,396,288,0,0,2,0,2,0.5,407,94,407,30,0,11,66,24,0,15,48,3.553,80.6,2.062,58.994,1.362,0.511,0.947,0.852,austen
4532,0,842,673,0,0,0,0,0,1.0,848,168,848,16,0,6,101,23,0,8,83,4.137,168.8,2.495,62.942,1.6,0.494,0.97,0.862,chesterton
4533,0,362,276,0,0,1,1,1,0.5,370,77,370,20,0,8,52,24,0,7,56,3.974,73.2,2.481,48.298,1.185,0.727,0.935,0.927,austen
4534,0,77,53,0,0,0,1,1,1.0,84,23,84,7,0,7,19,18,0,4,16,2.957,16.0,2.286,5.701,1.15,0.696,0.783,0.884,austen
4535,0,623,485,0,0,1,1,1,0.6666666666666666,633,135,633,22,0,10,91,25,0,7,73,3.852,125.8,2.499,69.926,1.452,0.541,0.963,0.875,austen
4536,0,237,171,0,0,0,1,0,1.0,249,65,249,12,0,12,56,21,1,9,36,3.0,49.0,1.829,64.424,1.3,0.554,0.923,0.858,shakespeare
4537,0,674,523,0,0,0,0,0,1.0,688,150,688,22,0,14,107,24,2,11,77,3.733,136.8,2.432,41.68,1.485,0.513,0.967,0.867,austen
4538,0,67,42,0,0,0,2,0,1.0,70,21,70,6,3,3,17,17,0,0,12,2.571,13.2,2.399,16.888,1.312,0.571,0.762,0.816,shakespeare
4539,0,107,74,0,0,0,1,0,1.0,117,32,117,8,0,10,30,19,0,2,7,2.875,22.6,1.93,23.544,1.778,0.219,0.844,0.561,shakespeare
4540,0,655,521,0,0,0,0,0,2.0,674,135,674,17,0,19,86,24,1,1,69,4.126,134.0,2.478,49.417,1.517,0.511,0.963,0.863,austen
4541,0,1121,892,1,0,0,0,0,0.2,1137,225,1137,34,0,16,144,25,4,8,92,4.187,226.6,2.727,151.497,1.815,0.409,0.978,0.835,austen
4542,0,1165,934,0,0,0,0,0,0.16666666666666666,1181,229,1181,30,0,16,141,26,1,4,104,4.279,235.4,2.672,56.07,1.696,0.454,0.978,0.855,chesterton
4543,0,776,617,0,0,0,0,0,1.0,785,157,785,18,0,9,95,25,1,4,68,4.102,156.2,2.29,61.536,1.619,0.433,0.968,0.835,chesterton
4544,0,2459,1912,1,0,0,1,0,0.3076923076923077,2492,511,2492,95,0,33,352,26,1,31,176,3.994,497.6,2.499,510.131,2.147,0.344,0.99,0.829,austen
4545,0,289,222,0,0,0,1,0,1.0,307,66,307,14,0,18,45,23,1,6,45,3.848,60.6,2.555,72.13,1.245,0.682,0.924,0.909,shakespeare
4546,0,615,470,0,0,4,2,0,3.0,621,136,621,22,0,6,99,24,0,10,59,3.721,123.4,2.25,54.629,1.563,0.434,0.963,0.83,chesterton
4547,0,746,589,0,0,0,0,0,0.3333333333333333,756,152,756,23,0,10,100,25,1,6,70,4.092,150.4,2.317,124.923,1.49,0.461,0.967,0.846,austen
4548,0,603,462,0,0,1,3,0,1.0,609,135,609,23,0,6,94,23,6,10,62,3.667,121.0,2.105,38.112,1.534,0.459,0.963,0.841,chesterton
4549,0,209,150,0,0,1,2,0,0.5,215,54,215,13,0,6,46,22,0,6,31,3.167,42.2,1.911,13.442,1.2,0.574,0.907,0.861,austen
4550,0,613,477,0,0,3,0,0,5.0,624,130,624,24,0,11,87,26,2,11,72,4.0,124.0,2.493,56.125,1.413,0.554,0.962,0.879,chesterton
4551,0,481,370,0,0,5,0,1,1.0,498,101,498,27,0,17,57,24,0,12,44,4.208,98.8,2.815,62.711,1.683,0.436,0.95,0.82,chesterton
4552,0,1184,951,0,0,0,0,0,0.25,1195,228,1195,27,0,11,140,27,4,9,100,4.338,238.2,2.525,134.511,1.664,0.439,0.978,0.848,austen
4553,0,932,737,0,0,0,0,0,0.14285714285714285,946,192,946,29,0,14,129,25,2,5,83,4.068,188.4,2.581,121.179,1.655,0.432,0.974,0.84,austen
4554,0,412,295,0,1,2,1,3,1.3333333333333333,422,97,422,36,0,10,77,24,0,15,46,3.577,83.6,2.512,91.396,1.47,0.474,0.948,0.837,austen
4555,0,124,88,0,0,2,0,1,2.0,131,32,131,12,0,7,25,20,1,7,23,3.531,25.4,2.488,7.701,1.231,0.719,0.844,0.905,austen
4556,0,209,153,0,0,0,0,0,1.0,220,54,220,13,0,11,46,21,0,4,34,3.278,43.2,1.642,55.805,1.256,0.63,0.907,0.884,shakespeare
4557,0,375,282,0,0,2,0,3,1.0,388,89,388,21,0,13,60,23,0,9,47,3.607,76.8,2.367,53.322,1.459,0.528,0.944,0.858,austen
4558,0,744,567,1,0,5,1,0,4.0,760,165,760,35,0,16,117,25,0,18,70,3.812,151.2,2.495,80.204,1.65,0.424,0.97,0.832,chesterton
4559,0,176,139,0,0,0,1,0,1.0,187,36,187,7,0,11,20,24,0,2,27,4.361,36.6,2.83,38.494,1.161,0.75,0.861,0.92,shakespeare
4560,0,201,154,0,0,0,1,0,1.0,220,46,220,9,0,19,30,22,0,4,33,3.957,43.2,2.467,60.948,1.15,0.717,0.891,0.913,shakespeare
4561,0,603,451,0,0,1,0,5,0.6666666666666666,614,138,614,33,0,11,105,25,2,13,53,3.601,122.0,2.236,71.383,1.663,0.384,0.964,0.806,austen
4562,0,328,240,0,0,1,3,0,1.0,340,82,340,20,0,12,62,22,0,8,37,3.341,67.2,2.229,40.146,1.519,0.451,0.939,0.819,austen
4563,0,981,777,1,0,0,0,0,0.2,1003,202,1003,28,0,22,135,25,2,8,95,4.099,199.8,2.609,91.226,1.603,0.47,0.975,0.858,austen
4564,0,90,66,0,0,0,2,0,1.0,98,22,98,5,0,8,15,18,0,2,16,3.591,18.8,1.943,15.515,1.158,0.727,0.773,0.897,shakespeare
4565,0,674,542,1,0,0,0,0,8.0,685,131,685,12,0,11,89,24,0,2,63,4.313,136.2,2.823,74.221,1.541,0.481,0.962,0.85,chesterton
4566,0,511,400,0,0,1,0,1,1.0,516,105,516,17,0,5,70,23,1,6,60,4.048,102.4,2.618,84.02,1.364,0.571,0.952,0.88,chesterton
4567,0,394,295,0,0,0,0,1,1.0,402,96,402,13,0,8,79,23,0,7,51,3.302,79.6,2.027,52.61,1.391,0.531,0.948,0.861,austen
4568,0,850,651,0,0,0,2,5,0.5,866,177,866,42,0,16,116,27,0,14,70,4.006,172.4,2.647,169.971,1.67,0.395,0.972,0.821,austen
4569,0,209,152,0,0,1,1,2,1.0,218,54,218,12,0,9,42,22,1,10,40,3.259,42.8,2.048,32.159,1.174,0.741,0.907,0.925,austen
4570,0,905,686,0,0,0,1,0,3.0,926,210,926,38,0,21,160,24,2,24,80,3.548,184.4,2.364,130.349,1.707,0.381,0.976,0.82,austen
4571,0,429,314,0,0,3,3,0,1.0,438,105,438,29,0,9,74,24,0,13,53,3.419,86.8,1.999,19.254,1.419,0.505,0.952,0.853,austen
4572,0,103,74,0,0,0,0,0,1.0,113,29,113,7,2,10,19,19,1,2,24,3.207,21.8,2.059,26.272,1.115,0.828,0.828,0.944,shakespeare
4573,0,312,231,0,0,0,1,0,1.0,329,77,329,16,0,17,59,23,0,7,45,3.429,65.0,2.203,84.688,1.283,0.584,0.935,0.876,shakespeare
4574,0,768,617,0,0,0,0,0,1.0,773,151,773,16,0,5,96,24,0,1,74,4.225,153.8,2.674,80.819,1.525,0.49,0.967,0.858,chesterton
4575,0,691,537,0,0,2,0,0,1.0,707,148,707,19,0,16,109,25,0,7,65,3.892,140.6,2.123,51.544,1.591,0.439,0.966,0.835,chesterton
4576,0,478,363,0,0,0,0,1,0.25,485,110,485,23,0,7,82,25,0,6,60,3.573,96.2,2.297,108.787,1.41,0.545,0.955,0.871,austen
4577,0,687,532,0,0,1,0,0,1.0,704,150,704,24,0,17,113,24,1,13,63,3.84,140.0,2.549,155.082,1.613,0.42,0.967,0.827,austen
4578,0,368,275,0,0,0,1,0,1.0,399,89,399,17,0,31,59,24,0,7,44,3.629,79.0,2.053,121.25,1.413,0.494,0.944,0.843,shakespeare
4579,0,455,344,0,0,1,0,1,1.5,462,103,462,23,0,7,76,25,0,9,63,3.67,91.6,2.189,58.046,1.288,0.612,0.951,0.894,austen
4580,0,42,26,0,0,0,1,0,1.0,48,16,48,6,0,6,16,15,0,3,11,2.375,8.8,1.147,5.718,1.231,0.688,0.688,0.865,shakespeare
4581,0,228,162,0,0,1,0,1,2.0,235,61,235,20,0,7,49,23,6,13,35,3.148,46.2,2.015,28.761,1.386,0.574,0.918,0.865,chesterton
4582,0,844,642,0,0,1,0,0,0.09090909090909091,862,195,862,32,0,18,147,25,1,14,70,3.564,171.6,2.026,191.764,1.741,0.359,0.974,0.806,austen
4583,0,480,373,0,0,0,0,0,1.0,486,108,486,17,0,6,78,24,0,1,45,3.667,96.4,2.1,50.093,1.612,0.417,0.954,0.813,chesterton
4584,0,954,756,0,0,0,0,0,0.5,967,191,967,37,0,13,118,25,1,7,85,4.22,192.6,2.58,84.86,1.675,0.445,0.974,0.846,austen
4585,0,415,316,0,0,0,0,0,2.0,432,98,432,14,0,17,69,25,0,7,58,3.541,85.6,2.072,86.881,1.324,0.592,0.949,0.886,shakespeare
4586,0,122,87,0,0,1,0,0,1.0,131,33,131,10,0,9,28,24,0,6,23,3.303,25.4,2.468,8.204,1.222,0.697,0.848,0.897,austen
4587,0,463,355,0,0,2,0,0,5.0,470,104,470,19,0,7,73,25,2,10,62,3.702,93.2,2.145,49.114,1.387,0.596,0.952,0.889,chesterton
4588,0,30,18,0,0,0,2,0,0.5,35,11,35,4,0,5,10,14,0,0,7,2.455,6.2,1.572,3.194,1.222,0.636,0.545,0.812,shakespeare
4589,0,123,86,0,0,2,0,0,1.0,129,35,129,12,0,6,28,20,1,9,19,3.114,25.0,2.166,9.618,1.4,0.543,0.857,0.828,austen
4590,0,562,441,0,0,2,0,0,0.1111111111111111,572,116,572,21,0,10,78,24,1,10,51,4.103,113.6,2.342,97.272,1.526,0.44,0.957,0.827,austen
4591,0,208,153,0,0,0,0,0,3.0,219,53,219,12,0,11,38,24,0,5,30,3.358,43.0,1.82,30.092,1.325,0.566,0.906,0.857,austen
4592,0,82,61,0,0,0,0,0,1.0,91,21,91,7,1,9,12,23,0,1,10,3.714,17.4,2.63,14.639,1.5,0.476,0.762,0.756,shakespeare
4593,0,251,195,0,0,0,1,0,1.0,257,54,257,9,0,6,34,24,0,4,43,3.926,50.6,2.109,23.48,1.125,0.796,0.907,0.943,chesterton
4594,0,578,450,0,0,1,0,3,0.16666666666666666,596,117,596,22,0,18,74,27,1,8,51,4.205,118.4,2.602,56.056,1.581,0.436,0.957,0.826,austen
4595,0,185,134,0,0,0,3,0,1.0,197,48,197,12,0,12,34,22,0,6,23,3.292,38.6,2.306,29.788,1.455,0.479,0.896,0.81,shakespeare
4596,0,264,196,0,0,0,1,0,4.0,272,68,272,10,0,8,54,22,0,3,29,3.162,53.6,1.707,32.723,1.447,0.426,0.926,0.798,austen
4597,0,121,90,0,0,0,2,0,1.0,131,28,131,8,0,10,20,19,0,2,20,3.857,25.4,3.159,18.515,1.167,0.714,0.821,0.899,shakespeare
4598,0,424,318,0,0,1,1,0,1.0,440,103,440,17,0,16,81,25,0,13,57,3.447,87.2,2.033,73.636,1.411,0.553,0.951,0.872,austen
4599,0,172,130,0,0,0,0,3,1.0,179,38,179,8,0,7,24,23,0,4,29,3.816,35.0,2.392,30.29,1.086,0.763,0.868,0.926,austen
4600,0,180,115,0,0,2,1,1,2.0,192,55,192,21,0,12,49,19,0,12,29,2.782,37.6,1.462,29.297,1.341,0.527,0.909,0.84,austen
4601,0,448,335,0,0,2,0,0,1.0,459,107,459,23,0,11,76,25,1,11,41,3.486,91.0,2.186,60.146,1.621,0.383,0.953,0.795,austen
4602,0,482,374,0,0,0,0,1,0.25,494,108,494,13,0,12,78,25,0,3,49,3.704,98.0,2.167,94.205,1.5,0.454,0.954,0.831,austen
4603,0,218,164,0,0,0,1,0,2.0,231,51,231,9,0,13,31,21,0,5,35,3.647,45.4,1.958,61.403,1.159,0.686,0.902,0.904,shakespeare
4604,0,388,297,0,0,0,0,0,1.0,410,88,410,19,0,22,58,24,0,8,49,3.841,81.2,2.202,114.794,1.375,0.557,0.943,0.869,shakespeare
4605,0,439,328,0,0,1,1,0,0.16666666666666666,449,103,449,19,0,10,82,24,0,10,53,3.495,89.0,2.029,84.9,1.373,0.515,0.951,0.857,austen
4606,0,819,639,0,2,0,0,0,6.0,837,177,837,25,0,18,128,24,1,5,65,3.853,166.6,2.598,284.999,1.806,0.367,0.972,0.806,austen
4607,0,380,278,0,0,4,0,0,3.0,389,93,389,26,0,9,70,23,0,16,45,3.462,77.0,2.362,85.738,1.5,0.484,0.946,0.84,austen
4608,0,344,265,0,0,2,0,1,2.0,351,75,351,13,0,7,54,24,0,8,51,3.867,69.4,2.451,59.53,1.25,0.68,0.933,0.911,austen
4609,0,176,124,0,0,2,0,0,1.0,183,47,183,15,0,7,39,24,1,10,19,3.234,35.8,2.315,14.516,1.516,0.404,0.894,0.765,chesterton
4610,0,1248,971,0,0,0,0,0,5.0,1272,260,1272,52,0,24,178,25,2,12,107,4.027,253.6,2.417,236.542,1.745,0.412,0.981,0.84,austen
4611,0,335,257,0,0,1,1,0,1.0,341,76,341,15,0,6,53,23,1,5,44,3.684,67.4,2.311,22.3,1.357,0.579,0.934,0.874,chesterton
4612,0,1167,943,0,0,0,0,0,0.2,1175,225,1175,25,0,8,150,25,1,1,107,4.338,234.2,2.857,128.791,1.679,0.476,0.978,0.863,austen
4613,0,509,397,0,0,1,1,0,1.0,516,109,516,16,0,7,74,24,0,5,58,3.881,102.4,2.464,73.327,1.473,0.532,0.954,0.866,chesterton
4614,0,121,90,0,0,0,0,1,1.0,130,31,130,10,0,9,20,19,1,4,24,3.516,25.2,2.047,38.029,1.107,0.774,0.839,0.925,shakespeare
4615,0,73,53,0,0,0,0,0,1.0,82,21,82,5,0,9,16,19,0,3,12,3.19,15.6,2.159,13.686,1.312,0.571,0.762,0.816,shakespeare
4616,0,308,230,0,0,3,0,1,2.0,316,68,316,22,0,8,43,23,0,9,41,3.941,62.4,2.602,28.005,1.333,0.603,0.926,0.88,chesterton
4617,0,344,234,0,0,1,0,3,0.5,354,89,354,36,0,10,71,24,1,14,50,3.18,70.0,1.862,35.461,1.369,0.562,0.944,0.872,austen
4618,0,559,420,0,1,2,1,0,3.0,573,133,573,29,0,14,98,24,1,11,60,3.526,113.8,2.169,46.322,1.529,0.451,0.962,0.837,austen
4619,0,865,697,0,0,0,0,0,0.2,872,166,872,21,0,7,107,25,0,2,80,4.373,173.6,2.753,113.372,1.612,0.482,0.97,0.857,austen
4620,0,118,86,0,0,0,0,0,2.0,125,33,125,9,0,7,28,21,0,4,17,3.091,24.2,2.241,26.883,1.435,0.515,0.848,0.81,shakespeare
4621,0,129,89,0,0,1,2,2,5.0,134,36,134,11,0,5,27,22,1,5,14,3.0,26.0,1.621,21.201,1.44,0.389,0.861,0.736,chesterton
4622,0,82,60,0,0,0,0,0,1.0,88,23,88,5,0,6,17,19,0,1,10,3.087,16.8,1.807,18.647,1.438,0.435,0.783,0.734,shakespeare
4623,0,128,83,0,0,1,1,1,1.0,137,38,137,16,1,9,31,19,0,8,23,2.921,26.6,2.352,17.841,1.31,0.605,0.868,0.862,austen
4624,0,361,278,0,0,1,1,0,1.0,372,82,372,14,0,11,59,24,2,11,40,3.72,73.6,2.496,48.045,1.464,0.488,0.939,0.837,austen
4625,0,764,571,0,2,5,0,0,3.0,784,177,784,43,0,20,124,25,1,28,69,3.65,156.0,2.457,107.921,1.788,0.39,0.972,0.818,austen
4626,0,152,120,0,1,0,0,0,1.0,163,32,163,5,0,11,20,21,0,2,22,4.25,31.8,2.806,38.655,1.185,0.688,0.844,0.892,shakespeare
4627,0,371,266,0,0,1,2,2,4.0,389,90,389,28,0,18,67,25,1,15,40,3.5,77.0,2.28,69.567,1.552,0.444,0.944,0.82,austen
4628,0,460,351,0,0,3,0,2,2.0,470,103,470,17,0,10,73,24,0,12,50,3.738,93.2,2.605,129.384,1.471,0.485,0.951,0.844,austen
4629,0,65,46,0,0,0,0,0,1.0,74,19,74,5,0,9,15,21,2,2,13,3.158,14.0,1.772,9.513,1.267,0.684,0.737,0.871,shakespeare
4630,0,1423,1146,0,0,0,0,0,0.16666666666666666,1439,276,1439,33,0,16,172,27,3,5,116,4.33,287.0,2.702,223.912,1.804,0.42,0.982,0.846,austen
4631,0,314,234,0,0,2,1,1,4.0,322,77,322,15,0,8,60,24,0,8,44,3.403,63.6,2.154,27.628,1.305,0.571,0.935,0.871,austen
4632,0,618,484,0,0,0,0,0,1.0,625,135,625,12,0,7,93,23,0,2,60,3.726,124.2,1.983,34.896,1.627,0.444,0.963,0.835,chesterton
4633,0,496,385,0,0,0,1,0,1.0,505,107,505,17,0,9,71,25,0,9,59,3.85,100.2,2.502,44.729,1.337,0.551,0.953,0.873,austen
4634,0,206,152,0,0,0,0,0,1.0,220,52,220,11,0,14,39,22,1,3,33,3.404,43.2,2.354,55.061,1.209,0.635,0.904,0.885,shakespeare
4635,0,1006,799,0,2,0,0,0,4.0,1024,204,1024,32,0,18,134,26,0,3,80,4.162,204.0,3.001,168.43,1.774,0.392,0.975,0.824,austen
4636,0,821,628,0,0,0,0,0,0.4,830,192,830,21,0,9,149,26,1,7,74,3.427,165.2,1.826,94.11,1.745,0.385,0.974,0.819,austen
4637,0,776,587,0,0,0,1,0,8.0,814,183,814,32,0,38,129,24,0,18,89,3.59,162.0,2.174,327.311,1.464,0.486,0.973,0.862,shakespeare
4638,0,441,330,0,1,2,1,0,3.0,450,103,450,24,0,9,74,24,4,14,50,3.592,89.2,2.247,105.127,1.515,0.485,0.951,0.844,chesterton
4639,0,295,220,0,0,2,0,0,3.0,304,73,304,13,0,9,56,23,0,8,33,3.37,60.0,2.27,37.862,1.521,0.452,0.932,0.815,chesterton
4640,0,700,541,0,0,1,0,0,0.3333333333333333,712,147,712,27,0,12,98,26,0,14,63,3.966,141.6,2.517,82.558,1.615,0.429,0.966,0.83,austen
4641,0,370,277,0,0,0,0,0,1.0,391,89,391,21,0,21,60,21,0,10,41,3.584,77.4,2.147,84.778,1.483,0.461,0.944,0.827,shakespeare
4642,0,443,303,0,0,4,0,5,1.0,455,117,455,37,0,12,98,26,0,27,48,3.085,90.2,1.75,128.36,1.581,0.41,0.957,0.813,austen
4643,0,215,166,0,0,0,0,0,1.0,231,48,231,7,0,16,36,22,0,2,30,3.938,45.4,2.108,72.369,1.2,0.625,0.896,0.879,shakespeare
4644,0,454,346,0,0,2,0,0,7.0,464,101,464,23,0,10,70,26,4,11,50,3.792,92.0,2.273,39.083,1.464,0.495,0.95,0.848,chesterton
4645,0,309,229,0,0,4,0,1,2.0,320,73,320,20,0,11,50,24,0,11,43,3.685,63.2,2.309,42.494,1.404,0.589,0.932,0.877,chesterton
4646,0,421,316,0,0,2,1,0,1.0,437,95,437,23,0,16,66,25,1,10,59,3.779,86.6,2.398,50.387,1.338,0.621,0.947,0.895,austen
4647,0,205,149,0,0,0,1,0,4.0,219,53,219,7,3,14,40,23,1,6,28,3.264,43.0,2.15,29.155,1.293,0.528,0.906,0.839,shakespeare
4648,0,218,171,0,0,0,0,0,1.0,235,47,235,6,0,17,29,24,0,5,29,4.128,46.2,2.337,68.35,1.205,0.617,0.894,0.875,shakespeare
4649,0,238,166,0,0,2,2,0,1.0,252,66,252,18,0,14,53,22,0,10,26,3.061,49.6,2.204,10.479,1.571,0.394,0.924,0.778,austen
4650,0,216,160,0,0,2,1,0,1.0,225,50,225,13,0,9,33,21,0,7,33,3.72,44.2,2.041,24.468,1.25,0.66,0.9,0.894,chesterton
4651,0,630,491,0,0,1,0,0,4.0,640,134,640,22,0,10,88,25,3,10,63,3.925,127.2,2.597,54.311,1.457,0.47,0.963,0.846,chesterton
4652,0,494,360,0,0,5,2,0,1.0,503,122,503,33,0,9,93,23,3,19,58,3.385,99.8,2.243,83.173,1.544,0.475,0.959,0.845,chesterton
4653,0,591,469,0,0,0,0,0,4.0,598,119,598,17,0,7,79,25,1,3,61,4.143,118.8,2.569,37.346,1.488,0.513,0.958,0.86,chesterton
4654,0,232,173,0,0,3,1,2,0.3333333333333333,238,52,238,19,0,6,34,22,0,9,29,3.962,46.8,2.536,15.45,1.3,0.558,0.904,0.852,austen
4655,0,101,66,0,0,1,0,3,2.0,106,30,106,11,0,5,24,17,0,7,12,2.867,20.4,1.795,10.431,1.5,0.4,0.833,0.731,chesterton
4656,0,660,522,1,0,0,0,0,0.3333333333333333,666,139,666,15,0,6,98,24,0,2,64,3.914,132.4,2.685,101.918,1.616,0.46,0.964,0.843,austen
4657,0,85,62,0,0,0,1,0,1.0,92,23,92,6,0,7,18,21,0,1,16,3.261,17.6,1.657,18.609,1.211,0.696,0.783,0.884,shakespeare
4658,0,837,655,0,0,1,0,1,1.3333333333333333,850,176,850,29,0,13,121,26,1,9,93,3.972,169.2,2.553,114.091,1.467,0.528,0.972,0.877,austen
4659,0,520,418,0,0,0,0,0,4.0,527,103,527,8,0,7,64,25,0,3,61,4.204,104.6,2.378,22.233,1.321,0.592,0.951,0.887,chesterton
4660,0,570,456,0,0,0,0,0,4.0,578,115,578,12,0,8,72,23,2,3,58,4.139,114.8,2.756,64.697,1.474,0.504,0.957,0.856,chesterton
4661,0,184,125,0,0,1,5,0,2.0,194,51,194,16,0,10,40,22,0,8,22,3.039,38.0,1.854,8.803,1.417,0.431,0.902,0.786,austen
4662,0,527,400,0,0,1,0,0,0.5,537,120,537,27,0,10,87,24,0,12,51,3.675,106.6,2.443,138.012,1.538,0.425,0.958,0.821,austen
4663,0,836,636,0,0,0,1,0,1.0,884,196,884,33,0,48,131,24,1,18,91,3.658,176.0,2.081,63.47,1.531,0.464,0.974,0.855,shakespeare
4664,0,458,359,0,0,0,0,2,3.0,469,93,469,17,0,11,57,23,2,5,50,4.172,93.0,2.539,86.968,1.388,0.538,0.946,0.863,austen
4665,0,608,482,0,0,0,1,0,0.25,615,124,615,19,0,7,85,26,1,2,60,4.097,122.2,2.715,36.976,1.59,0.484,0.96,0.849,austen
4666,0,821,654,0,0,0,0,0,1.5,832,167,832,26,0,11,105,23,2,5,77,4.138,165.6,2.543,77.591,1.606,0.461,0.97,0.849,austen
4667,0,552,434,0,0,0,0,0,1.0,569,118,569,11,0,17,76,26,0,6,54,3.915,113.0,2.381,52.34,1.475,0.458,0.958,0.836,chesterton
4668,0,2195,1732,0,0,1,0,0,8.0,2212,458,2212,58,0,17,316,26,3,11,143,3.95,441.6,2.282,259.249,2.13,0.312,0.989,0.81,austen
4669,0,1023,768,0,0,2,0,3,5.0,1042,227,1042,53,0,19,160,24,0,24,85,3.727,207.6,2.401,202.064,1.816,0.374,0.978,0.819,austen
4670,0,272,206,0,0,2,1,0,1.0,280,61,280,14,0,8,44,23,1,8,41,3.82,55.2,2.439,44.059,1.245,0.672,0.918,0.903,chesterton
4671,0,417,315,0,0,2,1,0,3.0,428,98,428,17,0,11,74,25,1,15,47,3.541,84.8,2.188,48.844,1.4,0.48,0.949,0.84,austen
4672,0,210,161,0,0,0,0,2,1.0,217,47,217,8,0,7,34,24,0,5,29,3.745,42.6,2.363,32.161,1.27,0.617,0.894,0.875,austen
4673,0,370,272,0,0,3,0,1,1.0,384,89,384,19,0,14,69,24,1,17,48,3.494,76.0,2.111,40.571,1.369,0.539,0.944,0.862,austen
4674,0,543,402,0,0,5,0,0,4.0,554,128,554,31,0,11,98,24,0,15,57,3.547,110.0,2.357,73.366,1.62,0.445,0.961,0.833,chesterton
4675,0,316,236,0,0,0,0,0,1.0,332,79,332,16,0,16,56,24,0,8,47,3.392,65.6,1.829,128.317,1.274,0.595,0.937,0.881,shakespeare
4676,0,310,228,0,0,2,0,1,2.0,320,72,320,23,0,10,52,23,0,9,36,3.681,63.2,2.653,57.933,1.385,0.5,0.931,0.838,austen
4677,0,117,84,0,0,0,4,0,1.0,124,29,124,7,0,7,20,21,1,2,22,3.379,24.0,2.094,23.864,1.208,0.759,0.828,0.918,shakespeare
4678,0,327,247,0,0,2,0,0,1.0,338,77,338,18,0,11,54,24,0,10,34,3.636,66.8,2.675,61.12,1.481,0.442,0.935,0.812,chesterton
4679,0,328,253,0,0,0,0,0,3.0,347,74,347,14,0,19,53,23,0,9,45,3.865,68.6,2.423,66.954,1.321,0.608,0.932,0.884,shakespeare
4680,0,58,41,0,0,0,1,0,2.0,65,17,65,5,0,7,11,16,0,1,12,3.118,12.2,1.933,9.391,1.214,0.706,0.706,0.877,shakespeare
4681,0,657,517,0,0,1,0,0,3.0,666,139,666,20,0,9,90,24,3,6,78,3.942,132.4,2.337,78.459,1.376,0.561,0.964,0.883,chesterton
4682,0,578,448,0,0,2,0,0,4.0,585,122,585,20,0,7,82,24,1,11,69,3.926,116.2,2.371,61.981,1.341,0.566,0.959,0.881,chesterton
4683,0,588,458,0,0,1,0,0,2.0,597,129,597,12,0,9,94,26,0,9,67,3.729,118.6,2.221,81.589,1.449,0.519,0.961,0.865,chesterton
4684,0,869,678,0,0,1,0,1,1.3333333333333333,878,179,878,34,0,9,119,24,1,11,86,4.045,174.8,2.752,139.65,1.543,0.48,0.972,0.859,austen
4685,0,98,73,0,0,0,1,0,1.0,107,25,107,6,0,9,17,20,0,1,20,3.52,20.6,2.163,20.671,1.136,0.8,0.8,0.931,shakespeare
4686,0,506,394,0,0,0,0,0,6.0,519,113,519,14,0,13,79,25,1,4,52,3.726,103.0,2.261,50.532,1.507,0.46,0.956,0.836,chesterton
4687,0,675,526,0,0,0,3,1,1.0,689,143,689,24,0,14,96,25,0,8,70,3.944,137.0,2.7,236.13,1.554,0.49,0.965,0.856,shakespeare
4688,0,593,469,0,2,0,0,1,1.0,603,121,603,21,0,10,75,25,0,2,64,4.132,119.8,2.784,113.751,1.44,0.529,0.959,0.867,austen
4689,0,959,769,0,0,0,0,0,6.0,965,187,965,20,0,6,119,24,1,5,88,4.251,192.2,2.608,44.235,1.612,0.471,0.973,0.856,chesterton
4690,0,509,398,0,0,2,0,0,1.0,520,109,520,17,0,11,69,24,0,8,58,3.945,103.2,2.219,81.454,1.363,0.532,0.954,0.866,austen
4691,0,874,685,0,0,1,0,0,0.125,888,185,888,27,0,14,133,24,1,7,78,3.935,176.8,2.271,91.275,1.697,0.422,0.973,0.835,austen
4692,0,882,692,0,0,1,1,0,2.0,896,187,896,24,0,14,132,26,0,8,88,3.92,178.4,2.527,108.373,1.571,0.471,0.973,0.856,austen
4693,0,412,315,0,0,3,3,0,1.0,418,88,418,20,0,6,63,25,2,13,43,3.955,82.8,2.656,55.738,1.419,0.489,0.943,0.84,chesterton
4694,0,211,158,0,0,2,0,0,1.0,219,50,219,11,0,8,36,24,0,7,23,3.62,43.0,2.432,11.979,1.429,0.46,0.9,0.802,austen
4695,0,555,433,0,0,1,0,0,1.3333333333333333,566,121,566,19,0,11,85,24,0,4,59,3.843,112.4,2.349,87.194,1.532,0.488,0.959,0.85,austen
4696,0,491,402,0,0,0,0,0,5.0,502,90,502,6,0,11,55,26,1,3,48,4.656,99.6,2.934,31.334,1.385,0.533,0.944,0.86,chesterton
4697,0,518,412,0,0,1,1,0,0.25,523,103,523,12,0,5,67,24,0,5,55,4.184,103.8,2.685,132.175,1.431,0.534,0.951,0.865,austen
4698,0,292,219,0,0,0,1,0,4.0,311,71,311,11,0,19,55,24,1,7,50,3.507,61.4,2.09,75.9,1.203,0.704,0.93,0.918,shakespeare
4699,0,146,109,0,0,0,0,0,1.0,158,37,158,7,0,12,26,23,0,4,27,3.459,30.8,2.09,41.112,1.156,0.73,0.865,0.913,shakespeare
4700,0,646,500,0,0,0,0,0,3.0,659,143,659,14,0,13,97,23,2,10,77,3.692,131.0,2.274,75.829,1.444,0.538,0.965,0.875,chesterton
4701,0,566,445,0,0,0,0,0,6.0,576,119,576,20,0,10,77,23,1,2,69,3.992,114.4,2.475,53.91,1.384,0.58,0.958,0.886,chesterton
4702,0,141,101,0,0,2,0,2,0.5,147,35,147,11,0,6,26,23,0,6,20,3.486,28.6,2.215,9.762,1.25,0.571,0.857,0.843,austen
4703,0,38,25,0,0,0,0,1,1.0,44,13,44,4,0,6,10,16,0,3,8,2.692,8.0,1.75,5.099,1.3,0.615,0.615,0.811,shakespeare
4704,0,1154,927,0,0,0,0,0,0.5,1169,227,1169,27,0,15,149,26,1,6,106,4.269,233.0,2.678,166.643,1.645,0.467,0.978,0.86,austen
4705,0,321,236,0,0,4,2,0,1.0,327,77,327,23,0,6,57,23,0,12,30,3.571,64.6,2.436,35.976,1.604,0.39,0.935,0.783,chesterton
4706,0,434,314,0,0,4,3,0,1.0,446,110,446,23,0,12,81,24,0,18,41,3.264,88.4,1.914,59.71,1.774,0.373,0.955,0.79,chesterton
4707,0,451,344,0,0,2,1,0,1.0,458,100,458,23,0,7,69,23,0,9,47,3.79,90.8,2.388,52.414,1.471,0.47,0.95,0.836,chesterton
4708,0,156,117,0,0,0,1,0,1.0,170,38,170,8,0,14,27,22,0,2,24,3.658,33.2,2.633,39.334,1.226,0.632,0.868,0.874,shakespeare
4709,0,228,165,0,0,2,1,1,1.0,232,58,232,15,0,4,46,22,0,8,40,3.259,45.6,1.915,37.28,1.208,0.69,0.914,0.908,austen
4710,0,479,364,0,0,0,1,3,3.0,490,111,490,18,0,11,83,23,0,9,45,3.55,97.2,2.362,88.237,1.682,0.405,0.955,0.808,austen
4711,0,517,423,0,0,0,0,0,3.0,522,94,522,9,0,5,56,27,0,1,52,4.649,103.6,2.925,31.981,1.324,0.553,0.947,0.87,chesterton
4712,2,658,512,0,0,0,0,1,1.0,679,139,679,22,0,21,94,25,2,10,75,4.0,135.0,2.476,159.886,1.433,0.54,0.964,0.875,austen
4713,0,358,264,0,0,1,0,0,1.0,370,89,370,21,0,12,66,25,1,14,52,3.371,73.2,2.176,18.047,1.348,0.584,0.944,0.88,austen
4714,0,112,80,0,0,0,1,0,1.0,123,30,123,7,0,11,24,20,0,6,20,3.267,23.8,2.318,29.953,1.25,0.667,0.833,0.881,shakespeare
4715,0,1567,1229,0,1,1,0,0,0.5714285714285714,1593,320,1593,53,0,26,214,26,4,21,125,4.094,317.8,2.439,205.068,1.86,0.391,0.984,0.837,austen
4716,0,70,46,0,0,1,1,1,1.0,74,21,74,8,0,4,19,19,0,3,11,2.905,14.0,1.446,7.906,1.312,0.524,0.762,0.788,austen
4717,0,268,207,0,0,1,0,0,1.0,278,57,278,13,0,10,35,24,0,3,39,4.088,54.8,2.586,39.169,1.239,0.684,0.912,0.906,chesterton
4718,0,400,284,0,0,2,0,2,1.0,417,99,417,33,0,17,77,23,0,21,38,3.424,82.6,2.046,66.741,1.623,0.384,0.949,0.792,austen
4719,0,144,109,0,0,0,0,0,1.0,156,36,156,8,0,12,26,21,0,4,18,3.583,30.4,2.442,29.535,1.44,0.5,0.861,0.807,shakespeare
4720,0,536,410,0,0,0,0,0,1.0,570,124,570,23,0,34,78,23,0,7,73,3.766,113.2,2.235,82.793,1.363,0.589,0.96,0.89,shakespeare
4721,0,437,330,0,0,0,0,0,1.0,449,106,449,12,0,12,82,23,0,13,44,3.358,89.0,2.134,39.249,1.631,0.415,0.953,0.811,chesterton
4722,0,851,674,0,0,0,0,0,2.0,858,177,858,16,0,7,123,25,0,1,84,3.938,170.8,2.396,61.043,1.639,0.475,0.972,0.856,chesterton
4723,5,16,7,0,0,0,0,0,1.0,44,10,44,3,0,28,5,17,0,5,7,3.8,14.0,2.53,13.856,1.25,0.7,0.7,0.845,shakespeare
4724,0,438,330,0,0,4,1,0,4.0,447,100,447,19,0,9,71,24,0,11,42,3.66,88.6,2.185,57.291,1.515,0.42,0.95,0.812,chesterton
4725,0,155,114,0,0,0,1,0,1.0,166,40,166,10,0,11,29,20,4,4,26,3.375,32.4,2.108,31.564,1.212,0.65,0.875,0.883,shakespeare
4726,0,62,43,0,0,0,1,0,1.0,69,19,69,5,0,7,16,17,0,3,14,2.895,13.0,2.052,10.173,1.188,0.737,0.737,0.896,shakespeare
4727,0,963,742,0,0,1,1,0,0.375,980,209,980,38,0,17,152,25,0,10,95,3.823,195.2,2.3,184.978,1.646,0.455,0.976,0.852,austen
4728,0,213,157,0,0,2,0,1,1.0,225,49,225,15,0,12,34,23,0,9,30,3.857,44.2,2.264,17.655,1.289,0.612,0.898,0.874,austen
4729,0,214,156,0,0,0,0,0,1.0,227,57,227,8,0,13,45,22,0,8,32,3.105,44.6,1.915,41.034,1.357,0.561,0.912,0.857,shakespeare
4730,0,105,75,0,0,0,1,0,1.0,114,29,114,7,1,9,22,19,0,2,16,3.172,22.0,1.891,24.249,1.381,0.552,0.828,0.823,shakespeare
4731,0,148,97,0,0,2,0,1,1.0,157,44,157,20,0,9,37,20,0,14,21,2.955,30.6,2.22,31.785,1.467,0.477,0.886,0.805,austen
4732,0,296,228,0,0,1,1,1,1.0,303,64,303,15,0,7,43,23,0,6,36,3.969,59.8,2.789,73.534,1.306,0.562,0.922,0.862,chesterton
4733,0,80,56,0,0,0,2,0,1.0,87,22,87,7,0,7,18,19,0,2,14,3.182,16.6,1.79,12.095,1.222,0.636,0.773,0.854,shakespeare
4734,0,272,209,0,0,0,0,0,1.0,287,64,287,12,0,15,46,23,1,7,40,3.688,56.6,2.336,82.273,1.28,0.625,0.922,0.887,shakespeare
4735,0,629,502,0,0,1,0,0,0.5,645,124,645,19,0,16,79,24,2,8,64,4.347,128.2,2.678,28.305,1.459,0.516,0.96,0.863,austen
4736,0,508,383,0,0,5,0,0,0.6666666666666666,518,115,518,24,0,10,82,26,0,15,57,3.713,102.8,2.481,86.364,1.456,0.496,0.957,0.852,austen
4737,0,733,573,0,0,1,0,0,5.0,759,150,759,25,0,26,96,26,3,16,69,4.18,151.0,2.67,110.166,1.531,0.46,0.967,0.845,chesterton
4738,0,681,533,0,0,2,0,0,3.0,690,144,690,20,0,9,97,25,0,6,71,3.931,137.2,2.192,50.948,1.5,0.493,0.965,0.858,chesterton
4739,0,273,205,0,0,1,1,1,1.0,280,63,280,18,0,7,45,23,1,7,42,3.714,55.2,2.439,26.423,1.212,0.667,0.921,0.902,chesterton
4740,0,88,66,0,0,0,1,0,1.0,97,22,97,6,0,9,16,19,0,1,11,3.682,18.6,2.317,21.031,1.375,0.5,0.773,0.776,shakespeare
4741,1,535,422,0,0,0,0,0,1.0,557,102,557,15,4,22,60,23,0,10,56,4.539,110.6,3.13,122.165,1.417,0.549,0.951,0.87,chesterton
4742,1,332,227,1,0,6,3,0,2.0,347,90,347,29,0,15,73,24,0,22,32,3.167,68.6,1.962,38.03,1.731,0.356,0.944,0.77,chesterton
4743,0,348,248,0,2,1,0,1,1.0,360,93,360,25,0,12,74,25,0,16,43,3.108,71.2,2.144,69.016,1.55,0.462,0.946,0.83,austen
4744,0,198,146,0,0,2,0,0,2.0,207,49,207,13,0,9,37,22,0,9,27,3.531,40.6,2.814,48.778,1.361,0.551,0.898,0.847,austen
4745,0,132,105,0,0,0,0,0,1.0,139,28,139,3,0,7,19,23,0,0,17,4.107,27.0,2.558,24.042,1.217,0.607,0.821,0.85,shakespeare
4746,0,384,298,0,0,0,0,0,1.0,396,85,396,13,0,12,59,24,0,6,38,3.8,78.4,2.729,65.957,1.545,0.447,0.941,0.819,chesterton
4747,0,93,66,0,0,0,1,0,1.0,102,26,102,5,0,9,21,22,0,1,23,3.077,19.6,1.695,17.644,1.083,0.885,0.808,0.962,shakespeare
4748,0,588,461,0,0,1,0,0,0.75,603,127,603,16,0,15,89,26,0,5,55,3.89,119.8,2.524,101.834,1.587,0.433,0.961,0.827,austen
4749,0,843,662,0,0,0,0,0,0.5,853,176,853,22,0,10,119,25,0,4,74,3.943,169.8,2.249,111.271,1.66,0.42,0.972,0.832,chesterton
4750,0,761,587,0,1,3,1,0,5.0,772,164,772,30,0,11,115,26,0,9,80,3.866,153.6,2.575,92.349,1.533,0.488,0.97,0.859,chesterton
4751,0,1075,851,0,0,0,0,0,0.6666666666666666,1094,223,1094,27,0,19,149,24,0,5,108,4.027,218.0,2.354,153.424,1.604,0.484,0.978,0.866,austen
4752,0,406,299,0,0,0,2,0,1.0,428,103,428,15,0,22,80,23,0,10,43,3.262,84.8,2.0,76.767,1.471,0.417,0.951,0.812,shakespeare
4753,0,1101,822,0,1,1,0,1,0.2222222222222222,1121,259,1121,51,0,20,189,25,1,24,90,3.459,223.4,2.035,129.502,1.877,0.347,0.981,0.81,austen
4754,0,1245,992,0,0,0,0,0,0.5,1262,250,1262,37,0,17,159,25,3,3,104,4.184,251.6,2.775,324.462,1.773,0.416,0.98,0.841,austen
4755,0,592,446,0,1,0,0,1,2.0,600,136,600,31,0,8,103,26,1,13,54,3.574,119.2,2.331,28.367,1.639,0.397,0.963,0.812,austen
4756,0,468,370,0,0,0,0,0,1.0,483,98,483,13,0,15,62,25,0,1,49,4.061,95.8,2.49,55.333,1.441,0.5,0.949,0.849,austen
4757,0,374,284,0,0,3,2,0,2.0,381,80,381,20,0,7,55,24,1,12,44,3.987,75.4,2.712,57.6,1.404,0.55,0.938,0.864,chesterton
4758,0,379,298,0,0,0,0,0,1.0,401,80,401,22,0,22,44,24,0,3,49,4.275,79.4,2.783,116.762,1.379,0.613,0.938,0.888,shakespeare
4759,0,177,127,0,0,0,0,1,0.5,183,47,183,9,0,6,40,24,0,8,25,3.064,35.8,1.436,17.138,1.424,0.532,0.894,0.836,austen
4760,0,285,220,0,0,0,0,0,2.0,295,65,295,9,0,10,47,22,1,10,44,3.708,58.2,2.416,42.222,1.226,0.677,0.923,0.907,austen
4761,0,350,275,0,0,0,0,0,0.3333333333333333,358,76,358,13,0,8,52,23,0,0,39,3.895,70.8,2.485,57.82,1.462,0.513,0.934,0.846,austen
4762,0,1148,894,0,0,0,0,0,1.0,1173,244,1173,37,0,25,170,26,0,24,110,3.918,233.8,2.458,125.681,1.706,0.451,0.98,0.855,austen
4763,0,156,111,0,0,2,2,0,1.0,162,40,162,16,0,6,30,20,2,9,21,3.45,31.6,2.562,29.005,1.333,0.525,0.875,0.825,chesterton
4764,0,96,67,0,0,1,1,2,1.0,101,23,101,9,0,5,17,19,0,4,17,3.652,19.4,2.308,12.054,1.15,0.739,0.783,0.904,chesterton
4765,0,426,328,0,0,3,1,0,2.0,433,90,433,17,0,7,63,24,0,8,49,3.978,85.8,2.69,45.063,1.304,0.544,0.944,0.865,chesterton
4766,0,270,197,0,0,0,5,0,1.0,285,67,285,14,0,15,54,22,1,3,29,3.373,56.2,1.914,70.503,1.489,0.433,0.925,0.801,shakespeare
4767,0,1261,993,1,1,2,0,1,2.0,1273,258,1273,41,0,12,176,25,1,11,100,4.07,253.8,2.695,135.252,1.792,0.388,0.981,0.829,austen
4768,0,338,244,0,0,1,0,2,1.0,343,82,343,25,0,5,60,23,1,10,43,3.378,67.8,2.129,75.098,1.439,0.524,0.939,0.854,austen
4769,0,1022,827,0,0,0,0,0,2.0,1037,195,1037,24,0,15,116,25,1,6,88,4.441,206.6,2.797,104.069,1.667,0.451,0.974,0.849,chesterton
4770,0,959,762,0,0,0,0,0,3.0,965,194,965,26,0,6,131,24,2,4,92,4.093,192.2,2.51,12.377,1.59,0.474,0.974,0.858,chesterton
4771,0,1463,1153,1,0,1,0,0,0.3333333333333333,1482,300,1482,43,0,19,203,26,0,7,101,4.057,295.6,2.458,208.257,1.961,0.337,0.983,0.809,austen
4772,0,479,361,0,0,3,0,0,4.0,492,112,492,25,0,13,84,25,3,12,54,3.616,97.6,2.128,44.478,1.493,0.482,0.955,0.845,chesterton
4773,0,181,137,0,0,0,0,0,1.0,195,42,195,11,0,14,31,20,0,2,30,3.857,38.2,3.057,66.496,1.235,0.714,0.881,0.91,shakespeare
4774,0,579,445,0,0,1,0,0,3.0,591,133,591,27,0,12,92,26,1,10,66,3.662,117.4,2.386,47.742,1.529,0.496,0.962,0.857,austen
4775,0,535,411,0,0,1,1,0,3.0,549,117,549,23,0,14,85,26,0,11,50,3.855,109.0,2.634,64.942,1.519,0.427,0.957,0.821,austen
4776,0,425,344,0,0,0,0,0,4.0,431,82,431,8,0,6,51,25,0,0,47,4.366,85.4,2.632,16.009,1.439,0.573,0.939,0.874,chesterton
4777,0,210,157,0,0,0,2,1,1.0,222,49,222,11,0,12,34,22,0,4,39,3.673,43.6,2.553,37.018,1.14,0.796,0.898,0.941,shakespeare
4778,0,566,437,0,0,2,0,0,0.5,576,124,576,23,0,10,84,24,0,8,63,3.823,114.4,2.345,70.925,1.459,0.508,0.96,0.86,austen
4779,0,190,144,0,0,0,3,0,1.0,198,41,198,9,0,8,26,22,0,3,36,3.927,38.8,2.504,42.275,1.079,0.878,0.878,0.965,shakespeare
4780,0,217,159,0,0,2,1,1,1.0,224,54,224,12,0,7,42,23,0,7,37,3.37,44.0,2.382,41.273,1.174,0.685,0.907,0.905,austen
4781,0,180,129,0,0,3,2,0,1.0,187,45,187,14,0,7,33,24,0,9,25,3.467,36.6,2.302,25.324,1.25,0.556,0.889,0.846,austen
4782,0,201,150,0,0,0,1,0,1.0,218,47,218,14,0,17,27,20,1,1,30,3.851,42.8,2.571,52.898,1.27,0.638,0.894,0.883,shakespeare
4783,0,319,239,0,0,2,0,0,2.0,327,77,327,18,0,8,56,25,2,10,37,3.506,64.6,2.216,30.509,1.426,0.481,0.935,0.831,chesterton
4784,0,481,369,0,0,1,1,1,1.0,492,108,492,24,0,11,76,25,1,15,61,3.769,97.6,2.628,146.42,1.367,0.565,0.954,0.878,austen
4785,0,1409,1103,0,0,1,0,2,0.75,1417,291,1417,48,0,8,194,25,2,16,116,3.993,282.6,2.366,191.309,1.712,0.399,0.983,0.838,austen
4786,0,721,532,0,0,1,1,2,1.0,731,168,731,38,0,10,123,24,0,19,58,3.47,145.4,2.139,235.899,1.768,0.345,0.97,0.792,austen
4787,0,177,132,0,0,0,0,0,1.0,199,46,199,16,0,22,29,21,0,2,26,3.696,39.0,2.74,53.188,1.484,0.565,0.891,0.851,shakespeare
4788,0,290,221,0,0,0,1,1,8.0,301,67,301,9,0,11,52,25,0,0,43,3.597,59.4,2.089,24.368,1.264,0.642,0.925,0.895,austen
4789,0,387,294,0,0,2,0,0,0.5,402,92,402,17,0,15,65,25,1,13,59,3.587,79.6,2.326,32.331,1.314,0.641,0.946,0.902,austen
4790,0,330,235,0,0,2,2,0,0.5,347,82,347,26,0,17,64,22,2,18,43,3.439,68.6,2.321,77.8,1.414,0.524,0.939,0.854,austen
4791,0,147,108,0,0,0,1,0,1.0,156,39,156,8,0,9,30,21,0,5,26,3.205,30.4,1.673,28.763,1.182,0.667,0.872,0.889,shakespeare
4792,0,961,756,0,0,0,0,0,0.2,978,202,978,26,0,17,138,25,2,7,76,3.955,194.8,2.405,70.361,1.772,0.376,0.975,0.816,austen
4793,0,322,236,0,0,1,1,1,2.0,338,74,338,18,0,16,58,23,1,9,38,3.676,66.8,2.294,26.224,1.451,0.514,0.932,0.845,austen
4794,0,228,170,0,0,0,0,0,0.5,239,54,239,16,0,11,41,24,3,8,34,3.667,47.0,2.418,28.679,1.35,0.63,0.907,0.884,austen
4795,0,245,179,0,0,3,2,0,1.0,252,57,252,17,0,7,42,22,0,8,33,3.702,49.6,2.521,29.048,1.39,0.579,0.912,0.865,chesterton
4796,0,215,163,0,0,0,0,0,1.0,219,51,219,7,0,4,42,20,0,2,26,3.431,43.0,1.814,30.992,1.5,0.51,0.902,0.829,chesterton
4797,0,673,532,0,0,0,0,0,0.16666666666666666,684,138,684,19,0,11,93,26,2,9,78,4.08,136.0,2.302,80.147,1.366,0.565,0.964,0.884,austen
4798,0,255,187,0,0,2,1,1,1.0,262,63,262,13,0,7,51,22,0,6,40,3.349,51.6,2.259,27.871,1.26,0.635,0.921,0.89,austen
4799,0,370,278,0,5,0,0,1,2.0,377,88,377,18,0,7,67,25,0,7,49,3.443,74.6,2.411,57.379,1.375,0.557,0.943,0.869,austen
4800,0,953,754,0,0,0,0,0,0.125,958,193,958,29,0,5,128,24,0,2,72,4.083,190.8,2.53,56.282,1.874,0.373,0.974,0.813,austen
4801,0,550,408,0,0,2,2,0,1.5,562,138,562,22,0,12,112,26,0,15,58,3.239,111.6,1.901,104.97,1.605,0.42,0.964,0.824,austen
4802,0,938,740,0,0,0,0,0,3.0,954,197,954,21,0,16,129,24,2,7,85,3.944,190.0,2.282,71.704,1.684,0.431,0.975,0.841,chesterton
4803,0,1583,1232,1,0,0,0,1,2.75,1604,330,1604,69,0,21,230,26,1,11,116,4.006,320.0,2.631,277.518,2.012,0.352,0.985,0.82,austen
4804,0,547,381,0,0,0,3,4,0.3333333333333333,579,133,579,54,0,32,106,25,3,25,54,3.511,115.0,2.454,92.179,1.663,0.406,0.962,0.816,austen
4805,0,1005,779,1,0,0,0,0,5.0,1056,222,1056,42,0,51,144,25,2,11,104,3.928,210.4,2.441,232.151,1.574,0.468,0.977,0.86,shakespeare
4806,0,499,376,0,0,3,1,0,2.0,513,115,513,24,0,14,82,23,3,16,65,3.67,101.8,2.227,27.77,1.369,0.565,0.957,0.88,chesterton
4807,0,574,436,0,0,2,0,0,0.5,586,132,586,22,0,12,101,24,1,11,57,3.591,116.4,2.175,28.21,1.517,0.432,0.962,0.828,austen
4808,0,327,247,0,0,0,0,1,1.0,337,76,337,14,0,10,59,25,0,10,44,3.579,66.6,2.83,60.912,1.382,0.579,0.934,0.874,austen
4809,0,741,590,0,2,0,0,0,2.0,756,149,756,21,2,15,100,25,2,6,76,4.215,150.4,2.849,169.955,1.536,0.51,0.966,0.865,austen
4810,0,1102,865,0,0,1,0,0,0.5,1113,231,1113,41,0,11,166,25,2,11,109,3.978,221.8,2.729,100.086,1.65,0.472,0.978,0.862,austen
4811,0,904,717,0,0,2,0,0,5.0,920,184,920,20,0,16,114,25,1,9,88,4.114,183.2,2.464,20.873,1.6,0.478,0.973,0.859,austen
4812,0,34,21,0,0,0,1,0,1.0,39,12,39,5,0,5,11,12,0,0,9,2.583,7.0,1.379,3.317,1.2,0.75,0.583,0.884,shakespeare
4813,0,350,268,0,2,0,0,3,1.0,358,77,358,10,0,8,53,24,0,6,47,3.714,70.8,2.322,51.553,1.283,0.61,0.935,0.886,austen
4814,0,496,369,0,0,0,0,0,11.0,524,126,524,21,0,28,89,23,1,11,58,3.317,104.0,1.909,75.508,1.518,0.46,0.96,0.84,shakespeare
4815,4,258,201,0,0,0,0,0,2.0,280,58,280,6,0,22,40,24,0,6,33,3.948,55.2,2.35,51.266,1.349,0.569,0.914,0.861,chesterton
4816,0,431,317,0,0,5,1,0,2.0,446,103,446,26,0,15,72,24,1,21,50,3.573,88.4,2.371,75.979,1.493,0.485,0.951,0.844,chesterton
4817,0,217,170,0,0,0,0,0,1.0,235,47,235,8,0,18,28,24,0,4,34,4.17,46.2,2.496,64.216,1.205,0.723,0.894,0.916,shakespeare
4818,0,941,762,0,0,0,0,0,3.0,950,178,950,23,0,9,111,26,2,6,81,4.461,189.2,2.902,103.584,1.648,0.455,0.972,0.848,chesterton
4819,0,779,601,0,0,2,1,0,5.0,794,162,794,42,0,15,106,26,3,14,78,4.086,158.0,2.498,54.079,1.473,0.481,0.969,0.856,chesterton
4820,0,523,419,0,0,0,0,0,1.0,530,103,530,16,0,7,65,23,0,2,40,4.301,105.2,2.634,104.359,1.585,0.388,0.951,0.796,chesterton
4821,0,874,706,1,0,0,1,0,1.5,886,167,886,21,0,12,100,25,0,4,86,4.425,176.4,2.678,116.956,1.505,0.515,0.97,0.87,austen
4822,0,328,241,1,0,0,2,0,1.0,344,84,344,16,0,16,69,22,1,4,34,3.25,68.0,1.528,33.294,1.5,0.405,0.94,0.796,shakespeare
4823,0,1318,1051,0,0,0,0,0,0.3333333333333333,1325,264,1325,30,0,7,174,23,0,2,119,4.121,264.2,2.42,154.738,1.703,0.451,0.981,0.857,austen
4824,0,193,143,0,0,0,1,0,1.0,203,49,203,10,0,10,38,22,0,6,29,3.327,39.8,2.375,67.909,1.289,0.592,0.898,0.865,shakespeare
4825,0,73,57,0,0,0,0,0,1.0,80,17,80,4,0,7,9,16,0,0,9,4.0,15.2,2.236,11.52,1.308,0.529,0.706,0.776,shakespeare
4826,0,392,298,1,0,2,0,0,0.16666666666666666,407,91,407,17,0,15,68,23,0,8,47,3.681,80.6,2.215,24.926,1.4,0.516,0.945,0.854,austen
4827,0,442,350,0,0,0,0,0,1.0,447,93,447,9,0,5,61,24,0,2,41,3.914,88.6,1.976,27.264,1.453,0.441,0.946,0.819,chesterton
4828,0,469,355,0,0,4,1,0,3.0,478,105,478,24,0,9,75,23,2,14,57,3.781,94.8,2.32,47.473,1.419,0.543,0.952,0.869,chesterton
4829,0,477,373,1,0,0,0,0,0.3333333333333333,483,102,483,12,0,6,74,24,1,4,57,3.833,95.8,2.203,77.567,1.417,0.559,0.951,0.874,austen
4830,0,492,370,0,0,0,0,0,1.0,521,120,521,22,0,29,86,24,1,10,61,3.508,103.4,2.13,110.771,1.412,0.508,0.958,0.859,shakespeare
4831,0,558,433,0,0,1,0,0,2.0,564,120,564,20,0,6,81,23,1,5,61,3.85,112.0,2.347,85.615,1.5,0.508,0.958,0.859,chesterton
4832,0,443,337,0,0,2,0,1,1.0,455,102,455,19,0,12,70,23,0,8,52,3.657,90.2,2.289,71.247,1.5,0.51,0.951,0.854,chesterton
4833,0,383,286,0,0,2,0,0,1.0,392,93,392,21,0,9,70,24,4,14,48,3.441,77.6,1.964,25.126,1.453,0.516,0.946,0.854,chesterton
4834,0,825,658,0,0,0,0,0,0.3333333333333333,834,164,834,22,0,9,108,24,1,4,85,4.201,166.0,2.714,71.362,1.505,0.518,0.97,0.871,chesterton
4835,0,592,457,0,0,5,0,0,2.0,608,124,608,25,0,16,86,24,0,14,65,4.097,120.8,2.736,56.327,1.531,0.524,0.96,0.866,chesterton
4836,0,557,437,0,0,1,0,0,1.0,568,118,568,20,0,11,81,24,1,7,61,3.983,112.8,2.592,48.174,1.439,0.517,0.958,0.862,austen
4837,0,623,486,0,0,0,0,0,0.6666666666666666,641,138,641,18,0,18,92,26,4,10,70,3.783,127.4,2.227,72.858,1.484,0.507,0.964,0.862,chesterton
4838,0,639,500,0,0,0,0,0,0.5,651,134,651,24,0,12,91,23,1,8,64,4.0,129.4,2.51,77.128,1.54,0.478,0.963,0.849,austen
4839,0,516,370,0,0,6,0,0,5.0,527,128,527,40,0,11,100,25,1,18,51,3.391,104.6,2.322,48.003,1.753,0.398,0.961,0.81,chesterton
4840,0,454,346,0,0,4,0,0,2.0,465,100,465,21,0,11,74,24,2,17,52,3.86,92.2,2.629,44.008,1.408,0.52,0.95,0.858,chesterton
4841,0,361,279,0,0,2,0,2,1.0,367,79,367,13,0,6,52,24,0,8,46,3.823,72.6,2.314,76.422,1.295,0.582,0.937,0.876,austen
4842,0,627,486,0,0,1,0,0,2.0,638,139,638,23,0,11,98,25,1,10,66,3.755,126.8,2.446,96.973,1.527,0.475,0.964,0.849,austen
4843,0,530,394,0,0,0,1,0,1.0,567,131,567,25,0,37,96,23,1,11,64,3.481,112.6,2.325,144.663,1.489,0.489,0.962,0.853,shakespeare
4844,0,400,319,0,0,0,0,1,0.2,405,81,405,15,0,5,54,23,0,2,46,4.185,80.2,2.929,29.677,1.473,0.568,0.938,0.871,austen
4845,0,296,223,0,0,1,1,0,3.0,303,69,303,12,0,7,53,23,1,9,35,3.551,59.8,2.33,43.205,1.408,0.507,0.928,0.84,chesterton
4846,0,292,216,0,0,2,1,0,2.0,301,72,301,14,0,9,58,24,0,9,42,3.389,59.4,2.066,41.855,1.333,0.583,0.931,0.874,chesterton
4847,0,1067,836,0,0,0,0,0,0.3,1078,226,1078,40,0,11,152,24,0,3,96,3.925,214.8,2.44,229.988,1.78,0.425,0.978,0.842,austen
4848,0,781,627,0,0,0,1,0,0.3333333333333333,789,154,789,21,0,8,98,23,0,3,72,4.26,157.0,2.903,110.34,1.604,0.468,0.968,0.849,austen
4849,0,627,477,0,0,0,0,0,5.0,639,146,639,24,0,12,110,23,1,14,65,3.521,127.0,2.442,63.289,1.587,0.445,0.966,0.838,austen
4850,0,68,50,0,0,0,1,0,1.0,77,18,77,6,0,9,11,17,0,0,14,3.611,14.6,2.38,9.236,1.2,0.778,0.722,0.913,shakespeare
4851,0,244,188,0,0,0,0,0,1.0,260,55,260,14,0,16,36,20,0,3,27,3.964,51.2,2.956,42.275,1.486,0.491,0.909,0.822,shakespeare
4852,0,140,102,0,0,0,2,0,1.0,147,37,147,7,0,7,26,20,0,4,24,3.135,28.6,1.873,46.231,1.156,0.649,0.865,0.88,shakespeare
4853,0,509,386,0,0,1,1,0,4.0,525,119,525,20,0,16,85,24,0,8,60,3.571,104.2,2.287,11.256,1.526,0.504,0.958,0.857,chesterton
4854,0,1322,1029,0,0,0,1,0,0.5,1351,281,1351,51,0,29,194,26,6,18,123,3.95,269.4,2.352,318.922,1.735,0.438,0.982,0.853,austen
4855,0,555,426,0,0,0,0,0,5.0,563,128,563,15,0,8,99,23,1,4,64,3.508,111.8,2.07,105.369,1.471,0.5,0.961,0.857,chesterton
4856,0,467,353,0,0,1,0,0,0.6666666666666666,481,109,481,20,0,14,83,25,0,13,52,3.578,95.4,2.378,76.93,1.535,0.477,0.954,0.842,austen
4857,0,324,245,0,0,2,0,0,2.0,333,76,333,14,0,9,60,24,0,6,37,3.579,65.8,2.418,49.777,1.462,0.487,0.934,0.834,austen
4858,0,444,332,0,0,2,0,0,3.0,455,105,455,25,0,11,75,24,3,12,45,3.552,90.2,2.144,26.09,1.567,0.429,0.952,0.818,austen
4859,0,55,39,0,0,0,0,0,1.0,60,14,60,5,2,5,8,18,0,1,8,3.643,11.2,3.201,11.628,1.273,0.571,0.643,0.788,shakespeare
4860,0,364,262,0,0,3,0,0,1.0,378,97,378,21,0,14,80,25,0,15,32,3.144,74.8,2.111,25.965,1.764,0.33,0.948,0.758,chesterton
4861,0,812,636,0,0,1,0,0,1.5,824,171,824,26,0,12,119,24,1,11,70,3.959,164.0,2.931,107.175,1.676,0.409,0.971,0.826,austen
4862,0,122,90,0,0,0,0,0,1.0,133,32,133,7,0,11,23,21,0,3,20,3.375,25.8,2.406,24.025,1.28,0.625,0.844,0.864,shakespeare
4863,0,475,379,0,0,0,0,0,0.25,482,97,482,11,0,7,68,23,0,1,48,4.093,95.6,2.666,92.592,1.492,0.495,0.948,0.846,austen
4864,0,299,225,0,0,0,3,0,1.0,323,70,323,13,0,24,51,23,0,4,28,3.743,63.8,2.178,42.892,1.628,0.4,0.929,0.784,shakespeare
4865,0,180,136,0,0,0,0,4,1.0,185,39,185,9,0,5,22,22,0,2,24,3.872,36.2,2.191,64.181,1.345,0.615,0.872,0.867,chesterton
4866,0,386,291,0,0,3,0,1,4.0,393,87,393,24,0,7,63,22,0,14,45,3.793,77.8,2.534,50.326,1.426,0.517,0.943,0.852,chesterton
4867,0,370,277,0,2,0,0,2,1.0,382,87,382,16,0,12,63,24,0,9,47,3.517,75.6,2.482,52.041,1.403,0.54,0.943,0.862,austen
4868,0,912,718,0,0,0,0,0,2.5,922,189,922,25,0,10,128,25,2,5,86,3.984,183.6,2.442,41.501,1.629,0.455,0.974,0.85,austen
4869,0,173,128,0,0,0,1,1,3.0,181,43,181,6,0,8,36,21,1,3,26,3.302,35.4,1.859,25.909,1.229,0.605,0.884,0.866,austen
4870,0,474,364,0,2,0,0,0,2.0,482,106,482,21,0,8,74,23,2,8,70,3.708,95.6,2.469,83.865,1.309,0.66,0.953,0.911,chesterton
4871,0,573,458,0,0,0,0,0,2.5,580,115,580,13,0,7,73,25,0,0,62,4.157,115.2,2.713,79.481,1.42,0.539,0.957,0.87,austen
4872,0,753,570,0,0,4,1,0,4.0,767,173,767,36,0,14,126,24,1,17,73,3.63,152.6,2.288,98.348,1.663,0.422,0.971,0.833,austen
4873,0,193,141,0,0,0,1,0,1.0,205,46,205,14,0,12,31,23,0,8,27,3.63,40.2,2.274,54.164,1.278,0.587,0.891,0.861,shakespeare
4874,0,276,198,0,0,3,1,0,1.0,284,69,284,19,0,8,54,23,0,12,37,3.377,56.0,2.066,14.491,1.327,0.536,0.928,0.853,chesterton
4875,0,1164,910,0,0,1,0,2,4.0,1176,246,1176,37,0,12,174,26,0,9,113,3.911,234.4,2.468,154.877,1.64,0.459,0.98,0.859,austen
4876,0,1131,885,0,0,3,0,0,1.3333333333333333,1143,242,1143,34,0,12,172,25,4,14,91,3.872,227.8,2.435,111.109,1.793,0.376,0.979,0.822,austen
4877,0,344,240,0,0,2,2,3,1.0,353,91,353,25,0,9,72,22,0,13,37,3.066,69.8,1.679,24.191,1.4,0.407,0.945,0.8,austen
4878,0,660,516,0,0,2,0,0,0.3333333333333333,675,140,675,24,0,15,95,24,2,11,65,4.0,134.2,2.493,147.51,1.489,0.464,0.964,0.845,austen
4879,0,705,525,0,0,0,1,0,0.3333333333333333,724,172,724,28,0,19,132,24,2,22,65,3.326,144.0,2.253,87.358,1.83,0.378,0.971,0.811,austen
4880,0,576,462,0,0,0,0,0,1.0,582,115,582,10,0,6,71,25,0,1,64,4.157,115.6,2.254,73.694,1.456,0.557,0.957,0.876,chesterton
4881,0,919,691,1,0,2,2,0,6.0,936,210,936,43,0,17,156,26,1,18,88,3.6,186.4,2.045,244.882,1.628,0.419,0.976,0.837,austen
4882,0,664,516,0,0,2,0,0,3.0,674,144,674,20,0,10,105,26,0,8,70,3.833,134.0,2.389,39.73,1.548,0.486,0.965,0.855,chesterton
4883,0,199,161,0,0,0,0,0,1.0,214,39,214,5,0,15,22,23,0,4,22,4.641,42.0,3.383,23.043,1.3,0.564,0.872,0.844,shakespeare
4884,0,327,252,0,0,1,0,2,4.0,338,72,338,12,0,11,51,25,0,6,41,3.861,66.8,2.491,28.543,1.358,0.569,0.931,0.868,austen
4885,0,337,243,0,0,5,2,0,2.0,349,85,349,25,0,12,64,25,1,16,33,3.424,69.0,2.301,37.815,1.667,0.388,0.941,0.787,chesterton
4886,0,805,643,0,0,1,0,0,3.0,816,159,816,19,0,11,104,26,0,9,72,4.252,162.4,2.886,81.626,1.59,0.453,0.969,0.844,chesterton
4887,0,242,179,0,0,0,0,0,1.0,256,62,256,13,0,14,46,22,0,4,35,3.323,50.4,1.99,84.769,1.378,0.565,0.919,0.861,shakespeare
4888,0,221,160,0,3,1,2,0,0.3333333333333333,227,55,227,18,0,6,45,23,1,4,37,3.382,44.6,2.257,16.772,1.222,0.673,0.909,0.901,austen
4889,0,65,46,0,0,0,0,0,1.0,73,19,73,6,0,8,13,19,0,2,13,3.158,13.8,2.035,9.149,1.267,0.684,0.737,0.871,shakespeare
4890,0,130,95,0,0,0,0,0,1.0,145,34,145,8,0,15,25,21,0,2,24,3.471,28.2,2.596,36.813,1.214,0.706,0.853,0.901,shakespeare
4891,0,255,194,0,0,2,2,0,2.0,262,55,262,13,0,7,39,23,0,6,42,3.964,51.6,2.419,44.026,1.146,0.764,0.909,0.933,chesterton
4892,0,937,741,0,0,0,0,0,0.6666666666666666,957,192,957,36,0,20,121,25,4,6,92,4.151,190.6,2.692,178.903,1.641,0.479,0.974,0.86,austen
4893,0,281,203,0,0,2,1,1,3.0,291,69,291,21,0,10,49,22,0,9,31,3.478,57.4,2.173,60.731,1.438,0.449,0.928,0.811,austen
4894,0,852,689,0,0,2,1,0,1.0,863,157,863,25,0,11,95,26,0,6,81,4.643,171.8,3.138,114.073,1.481,0.516,0.968,0.869,chesterton
4895,0,201,150,0,0,0,0,0,1.0,216,48,216,14,0,15,32,21,0,2,30,3.729,42.4,2.75,74.855,1.297,0.625,0.896,0.879,shakespeare
4896,0,862,681,0,0,0,0,0,1.0,871,176,871,24,0,9,111,25,1,5,92,4.057,173.4,2.545,94.079,1.558,0.523,0.972,0.875,chesterton
4897,0,124,95,0,0,0,1,0,1.0,134,29,134,5,0,10,18,22,0,2,25,3.793,26.0,1.953,17.219,1.074,0.862,0.828,0.956,shakespeare
4898,0,351,266,0,0,2,1,0,3.0,361,80,361,18,0,10,56,22,2,9,48,3.75,71.4,2.336,40.389,1.311,0.6,0.938,0.883,chesterton
4899,0,472,355,0,1,1,0,2,2.0,486,106,486,22,0,14,76,23,1,12,48,3.717,96.4,2.292,97.012,1.493,0.453,0.953,0.83,austen
4900,0,798,647,0,0,0,0,0,2.0,809,151,809,13,0,11,85,24,0,1,78,4.444,161.0,2.537,62.789,1.438,0.517,0.967,0.868,chesterton
4901,0,617,477,0,0,1,0,0,2.0,627,138,627,24,0,10,91,24,3,12,54,3.725,124.6,2.221,53.444,1.663,0.391,0.964,0.81,chesterton
4902,0,432,331,0,0,2,0,1,0.3333333333333333,439,98,439,15,0,7,71,24,0,9,44,3.643,87.0,2.294,59.064,1.463,0.449,0.949,0.825,austen
4903,0,541,416,0,0,1,0,0,2.0,548,117,548,20,0,7,78,23,1,9,56,3.803,108.8,2.174,34.172,1.519,0.479,0.957,0.845,chesterton
4904,0,779,618,0,0,0,0,0,7.0,784,161,784,14,0,5,107,24,0,0,85,3.957,156.0,2.226,85.223,1.548,0.528,0.969,0.874,chesterton
4905,0,909,710,0,0,0,0,0,1.5,915,192,915,27,0,6,136,24,1,3,85,3.87,182.2,2.371,145.644,1.684,0.443,0.974,0.845,austen
4906,0,1122,864,0,0,2,2,0,4.0,1144,243,1144,40,0,22,177,26,1,21,91,3.831,228.0,2.49,397.336,1.787,0.374,0.979,0.821,austen
4907,0,804,633,1,1,0,0,0,0.25,813,169,813,26,0,9,114,23,3,3,85,3.953,161.8,2.591,87.674,1.55,0.503,0.97,0.866,austen
4908,0,123,93,0,0,0,0,0,1.0,135,31,135,8,0,12,21,18,0,0,12,3.645,26.2,2.026,32.752,1.55,0.387,0.839,0.724,shakespeare
4909,0,500,397,0,0,1,0,1,2.0,508,99,508,17,0,8,59,23,1,6,56,4.283,100.8,2.556,84.677,1.338,0.566,0.949,0.876,chesterton
4910,0,343,266,0,0,0,0,0,2.0,351,75,351,11,0,8,51,23,0,6,52,3.813,69.4,2.414,40.203,1.271,0.693,0.933,0.915,chesterton
4911,0,541,423,0,0,0,0,0,0.5,555,115,555,22,0,14,73,24,0,7,62,3.991,110.2,2.584,116.727,1.42,0.539,0.957,0.87,austen
4912,0,481,373,0,0,2,0,0,3.0,490,106,490,17,0,9,72,25,1,9,58,3.811,97.2,2.371,55.783,1.395,0.547,0.953,0.871,chesterton
4913,0,568,437,0,0,2,1,0,3.0,578,126,578,25,0,10,85,24,2,9,68,3.794,114.8,2.309,59.638,1.432,0.54,0.96,0.872,chesterton
4914,0,898,702,0,0,1,0,2,0.5,910,194,910,28,0,12,142,25,2,9,84,3.835,181.2,2.488,118.984,1.702,0.433,0.974,0.841,austen
4915,0,372,288,0,0,0,0,0,1.0,380,82,380,10,0,8,60,23,0,4,26,3.744,75.2,2.048,21.347,1.708,0.317,0.939,0.739,chesterton
4916,0,721,572,0,0,0,0,0,6.0,731,145,731,20,0,10,93,25,1,3,75,4.152,145.4,2.459,74.588,1.51,0.517,0.966,0.868,chesterton
4917,0,181,128,0,0,2,1,0,3.0,187,48,187,15,0,6,40,23,2,7,31,3.208,36.6,1.845,25.667,1.231,0.646,0.896,0.887,chesterton
4918,0,511,388,0,0,4,2,0,2.0,517,114,517,23,0,6,80,24,0,10,58,3.728,102.6,2.243,39.684,1.481,0.509,0.956,0.857,chesterton
4919,0,666,515,0,0,2,1,0,3.0,684,142,684,22,0,18,96,24,2,11,80,3.944,136.0,2.399,80.601,1.406,0.563,0.965,0.884,chesterton
4920,0,348,274,0,0,0,0,0,2.0,357,75,357,11,0,9,50,24,0,6,42,3.92,70.6,2.437,48.706,1.415,0.56,0.933,0.866,austen
4921,0,605,481,0,0,0,0,0,3.0,612,123,612,19,0,7,79,25,1,4,60,4.13,121.6,2.74,43.143,1.519,0.488,0.959,0.851,chesterton
4922,0,302,221,0,1,1,2,0,1.0,311,76,311,16,0,9,58,23,0,7,43,3.289,61.4,2.025,37.22,1.31,0.566,0.934,0.868,austen
4923,0,172,128,0,0,0,2,0,2.0,183,43,183,11,0,11,32,21,1,2,28,3.488,35.8,2.272,43.654,1.229,0.651,0.884,0.886,shakespeare
4924,0,474,374,0,0,0,0,0,2.5,481,101,481,15,0,7,73,23,0,2,48,3.921,95.4,2.599,63.873,1.485,0.475,0.95,0.839,austen
4925,0,630,501,0,0,0,0,0,0.14285714285714285,637,128,637,14,0,7,87,25,1,2,62,4.078,126.6,2.589,97.613,1.561,0.484,0.961,0.851,austen
4926,0,88,64,0,0,0,2,0,1.0,96,22,96,5,0,8,15,20,0,1,16,3.5,18.4,1.946,13.52,1.158,0.727,0.773,0.897,shakespeare
4927,0,72,53,0,0,0,1,0,1.0,78,19,78,4,0,6,15,21,1,1,12,3.316,14.8,2.001,16.709,1.267,0.632,0.737,0.844,shakespeare
4928,2,646,512,0,0,0,0,0,0.16666666666666666,663,130,663,21,0,17,83,25,1,6,70,4.231,131.8,2.563,123.226,1.477,0.538,0.962,0.873,austen
4929,0,684,538,0,0,0,0,0,4.0,698,141,698,17,0,14,94,24,0,7,74,4.043,138.8,2.239,131.883,1.424,0.525,0.965,0.87,austen
4930,0,525,405,0,0,3,1,0,0.5,542,113,542,24,0,17,79,25,5,13,59,4.0,107.6,2.577,38.083,1.43,0.522,0.956,0.863,austen
4931,0,353,262,0,0,3,0,0,5.0,361,82,361,22,0,8,60,25,4,13,39,3.659,71.4,2.4,41.501,1.491,0.476,0.939,0.831,chesterton
4932,0,589,470,0,0,0,0,0,0.2,595,120,595,12,0,6,76,25,0,3,52,4.067,118.2,2.503,69.168,1.6,0.433,0.958,0.825,austen
4933,0,360,273,0,0,0,0,0,1.0,377,87,377,15,0,17,67,24,0,5,58,3.506,74.6,1.886,63.177,1.279,0.667,0.943,0.909,shakespeare
4934,0,51,32,0,0,0,1,0,1.0,58,17,58,8,0,7,16,17,0,1,10,2.765,10.8,2.412,9.731,1.308,0.588,0.706,0.813,shakespeare
4935,0,185,135,0,0,1,0,0,1.0,193,48,193,11,0,8,37,24,0,8,25,3.25,37.8,2.207,24.087,1.412,0.521,0.896,0.831,austen
4936,0,380,289,0,0,1,2,1,1.0,392,82,392,19,0,12,57,24,0,8,44,3.951,77.6,2.784,51.277,1.367,0.537,0.939,0.859,austen
4937,0,257,189,0,0,1,0,0,0.5,268,67,268,12,0,11,55,22,0,10,32,3.209,52.8,1.728,18.78,1.457,0.478,0.925,0.824,austen
4938,0,414,321,0,0,1,1,0,1.0,419,90,419,13,0,5,60,24,0,6,45,3.8,83.0,2.126,106.867,1.452,0.5,0.944,0.846,chesterton
4939,0,555,423,0,0,0,0,2,1.0,562,125,562,26,0,7,91,26,1,7,61,3.656,111.6,2.393,36.025,1.488,0.488,0.96,0.851,austen
4940,0,247,181,0,0,2,1,1,2.0,255,60,255,17,0,8,42,24,0,7,39,3.517,50.2,2.182,35.731,1.25,0.65,0.917,0.895,chesterton
4941,0,406,304,0,0,4,0,0,1.0,418,96,418,25,0,12,72,25,4,19,52,3.646,82.8,2.462,48.427,1.5,0.542,0.948,0.866,chesterton
4942,0,540,401,0,0,3,0,0,1.0,550,133,550,31,0,10,105,24,1,12,54,3.368,109.2,2.271,86.097,1.705,0.406,0.962,0.816,austen
4943,0,79,56,0,0,0,1,0,1.0,86,23,86,7,0,7,19,19,2,2,18,3.043,16.4,2.184,18.69,1.15,0.783,0.783,0.922,shakespeare
4944,0,504,384,0,0,2,0,0,2.0,515,114,515,16,0,11,80,24,2,13,61,3.649,102.2,1.973,92.042,1.407,0.535,0.956,0.868,chesterton
4945,0,544,423,0,0,1,0,0,2.0,557,120,557,20,0,13,84,24,2,9,69,3.817,110.6,2.387,69.59,1.395,0.575,0.958,0.884,austen
4946,0,422,316,0,0,2,0,0,1.0,435,98,435,23,0,13,70,24,0,12,49,3.643,86.2,2.276,32.143,1.485,0.5,0.949,0.849,austen
4947,0,170,127,0,0,0,1,0,1.0,175,42,175,8,0,5,33,20,0,0,22,3.333,34.2,1.87,34.974,1.355,0.524,0.881,0.827,shakespeare
4948,0,441,336,0,0,0,0,2,5.0,454,100,454,16,0,13,75,24,0,6,57,3.66,90.0,2.124,73.963,1.351,0.57,0.95,0.878,austen
4949,0,384,300,0,0,0,2,0,0.25,395,78,395,14,0,11,53,24,1,9,47,4.167,78.2,2.616,16.084,1.258,0.603,0.936,0.884,austen
4950,0,899,707,0,0,2,0,0,3.0,904,187,904,23,0,5,121,24,2,8,86,3.952,180.0,2.319,86.813,1.64,0.46,0.973,0.852,chesterton
4951,0,658,514,0,0,1,0,0,4.0,672,138,672,22,0,14,92,24,3,9,73,4.0,133.6,2.586,90.724,1.453,0.529,0.964,0.871,chesterton
4952,0,646,491,0,1,0,2,0,1.0,679,149,679,30,0,33,100,25,2,16,87,3.718,135.0,2.354,241.468,1.355,0.584,0.966,0.892,shakespeare
4953,0,286,201,0,0,5,2,0,2.0,293,72,293,27,0,7,55,24,1,14,32,3.403,57.8,2.366,28.057,1.565,0.444,0.931,0.81,chesterton
4954,0,322,246,0,0,1,0,0,3.0,330,71,330,14,2,8,49,25,0,8,40,3.859,65.2,2.368,40.518,1.315,0.563,0.93,0.865,chesterton
4955,0,562,452,0,0,0,0,1,0.5,568,110,568,11,0,6,72,25,0,1,59,4.273,112.8,2.651,115.953,1.467,0.536,0.955,0.867,austen
4956,0,1027,793,0,0,0,0,0,5.0,1047,228,1047,29,0,20,168,25,2,21,89,3.697,208.6,2.32,86.823,1.727,0.39,0.978,0.827,chesterton
4957,0,326,254,0,0,0,0,0,4.0,333,71,333,9,0,7,53,22,0,2,41,3.803,65.8,2.061,35.647,1.34,0.577,0.93,0.871,chesterton
4958,0,719,556,0,0,0,0,0,1.0,745,151,745,32,0,26,96,23,0,14,76,4.073,148.2,2.375,113.575,1.466,0.503,0.967,0.863,austen
4959,0,695,548,0,0,0,0,0,6.0,708,143,708,21,0,13,97,23,7,10,68,4.077,140.8,2.484,38.906,1.474,0.476,0.965,0.85,chesterton
4960,0,459,348,0,0,0,0,4,2.0,475,106,475,15,0,16,81,24,0,7,50,3.575,94.2,2.033,115.973,1.493,0.472,0.953,0.839,austen
4961,0,790,631,0,0,0,0,0,0.25,800,160,800,24,0,10,103,24,0,0,81,4.156,159.2,2.524,107.15,1.6,0.506,0.969,0.866,austen
4962,0,166,123,0,0,0,1,0,1.0,178,43,178,9,0,12,31,21,0,1,29,3.349,34.8,1.913,36.314,1.265,0.674,0.884,0.895,shakespeare
4963,0,578,440,0,0,2,1,0,3.0,582,123,582,29,0,4,85,25,3,11,59,3.886,115.6,2.493,96.137,1.43,0.48,0.959,0.847,chesterton
4964,0,217,164,0,0,0,0,0,1.0,233,52,233,11,0,16,33,23,0,4,40,3.692,45.8,2.228,60.197,1.182,0.769,0.904,0.934,shakespeare
4965,0,254,187,0,0,2,0,1,1.5,263,63,263,16,0,9,46,24,1,9,33,3.444,51.8,2.161,20.179,1.37,0.524,0.921,0.844,austen
4966,0,662,488,0,0,5,0,0,1.0,673,153,673,49,0,11,110,23,4,29,56,3.654,133.8,2.388,46.569,1.821,0.366,0.967,0.8,chesterton
4967,0,406,304,0,0,4,1,1,1.5,417,91,417,26,0,11,66,24,1,13,49,3.846,82.6,2.633,44.399,1.4,0.538,0.945,0.863,austen
4968,4,508,393,0,0,1,0,0,2.0,531,112,531,22,0,23,77,23,0,10,65,3.946,105.4,2.674,99.586,1.418,0.58,0.955,0.885,chesterton
4969,0,415,306,0,0,3,0,0,4.0,425,99,425,27,0,10,76,25,4,15,50,3.525,84.2,2.301,47.167,1.456,0.505,0.949,0.851,chesterton
4970,0,526,411,0,1,0,0,0,5.0,534,115,534,16,0,8,82,24,0,5,50,3.783,106.0,2.628,151.321,1.62,0.435,0.957,0.824,austen
4971,0,141,106,0,0,0,1,0,2.0,151,34,151,7,0,10,25,23,0,0,25,3.618,29.4,1.97,39.348,1.133,0.735,0.853,0.913,shakespeare
4972,0,355,267,0,0,0,0,0,0.25,362,86,362,17,0,7,68,25,0,2,42,3.384,71.6,2.07,63.078,1.458,0.488,0.942,0.839,austen
4973,0,439,325,0,0,3,1,0,0.5,450,106,450,24,0,11,82,24,0,13,48,3.462,89.2,2.165,75.224,1.582,0.453,0.953,0.83,austen
4974,0,532,407,0,0,0,1,2,0.4,545,123,545,18,0,13,93,25,1,4,47,3.561,108.2,2.147,94.566,1.685,0.382,0.959,0.8,austen
4975,0,981,749,0,2,1,0,0,0.16666666666666666,1000,222,1000,40,0,19,162,25,2,13,85,3.649,199.2,2.516,160.963,1.762,0.383,0.977,0.822,austen
4976,0,604,469,0,0,1,0,1,0.3333333333333333,611,133,611,17,0,7,100,24,0,8,71,3.729,121.4,2.553,128.629,1.43,0.534,0.962,0.872,austen
4977,0,307,223,0,0,1,1,2,1.0,317,79,317,19,0,10,63,24,0,7,38,3.228,62.6,1.915,50.158,1.519,0.481,0.937,0.833,austen
4978,0,729,576,0,0,0,0,0,0.5,744,149,744,24,0,15,93,24,1,6,71,4.128,148.0,2.464,57.71,1.568,0.477,0.966,0.852,austen
4979,0,323,237,0,0,4,0,0,3.0,331,80,331,21,0,8,62,24,0,15,48,3.438,65.4,2.327,29.653,1.404,0.6,0.938,0.883,austen
4980,0,437,327,0,0,1,3,0,2.0,448,105,448,17,0,11,86,23,2,9,34,3.41,88.8,2.226,20.608,1.75,0.324,0.952,0.758,chesterton
4981,0,735,593,0,0,0,0,0,1.0,746,139,746,18,0,11,83,26,0,4,71,4.482,148.4,2.996,88.322,1.562,0.511,0.964,0.864,chesterton
4982,0,242,179,0,0,3,2,0,1.0,246,55,246,17,0,4,38,22,1,10,31,3.782,48.4,2.601,19.97,1.41,0.564,0.909,0.857,chesterton
4983,0,235,178,0,0,0,1,0,1.0,248,56,248,8,0,13,43,23,0,4,41,3.554,48.8,2.148,55.396,1.167,0.732,0.911,0.923,shakespeare
4984,0,1094,875,0,0,0,0,0,3.0,1112,219,1112,26,0,18,145,25,1,7,87,4.196,221.6,2.73,187.472,1.766,0.397,0.977,0.829,austen
4985,0,357,270,0,0,1,2,0,1.0,367,84,367,16,0,10,62,26,2,14,34,3.56,72.6,2.59,36.004,1.474,0.405,0.94,0.796,chesterton
4986,0,758,584,1,0,0,0,4,0.5,781,159,781,37,0,23,108,27,1,12,65,4.05,155.4,2.749,139.05,1.639,0.409,0.969,0.824,austen
4987,0,556,437,0,0,2,2,0,2.0,564,109,564,17,0,8,68,25,1,8,65,4.284,112.0,2.495,112.494,1.313,0.596,0.954,0.89,chesterton
4988,0,532,428,0,0,0,0,0,1.5,537,105,537,10,0,5,69,25,0,0,58,4.219,106.6,2.572,88.257,1.329,0.552,0.952,0.872,austen
4989,0,386,274,0,0,3,1,0,3.0,396,102,396,32,0,10,85,24,0,14,55,3.157,78.4,1.866,52.624,1.437,0.539,0.951,0.866,austen
4990,0,473,363,0,0,0,0,0,1.0,482,101,482,22,0,9,68,24,1,10,52,3.901,95.6,2.265,46.918,1.443,0.515,0.95,0.856,chesterton
4991,0,188,131,0,0,3,1,1,1.0,195,49,195,18,0,7,38,20,1,14,26,3.347,38.2,2.323,22.731,1.485,0.531,0.898,0.837,chesterton
4992,0,409,309,0,0,0,3,0,1.0,429,97,429,13,0,20,69,22,0,9,54,3.526,85.0,2.087,79.872,1.347,0.557,0.948,0.872,shakespeare
4993,0,469,358,0,0,0,0,0,1.0,492,108,492,18,0,23,74,22,0,6,59,3.694,97.6,2.269,114.736,1.403,0.546,0.954,0.871,shakespeare
4994,0,639,500,0,0,2,0,0,1.5,645,135,645,24,0,6,94,25,3,9,69,3.956,128.2,2.467,61.788,1.5,0.511,0.963,0.863,chesterton
4995,0,66,47,0,0,0,0,0,1.0,71,20,71,4,0,5,18,18,0,1,9,2.8,13.4,1.704,14.484,1.333,0.45,0.75,0.733,shakespeare
4996,0,837,652,0,0,0,0,0,2.0,844,184,844,22,0,7,125,25,1,4,82,3.701,168.0,1.94,64.316,1.6,0.446,0.973,0.845,chesterton
4997,0,544,405,0,0,0,0,1,2.0,579,132,579,24,0,35,92,23,2,10,65,3.515,115.0,2.11,89.644,1.451,0.492,0.962,0.855,shakespeare
4998,0,781,625,0,0,0,0,0,2.0,787,155,787,16,0,6,105,23,0,4,77,4.174,156.6,2.609,105.469,1.55,0.497,0.968,0.861,chesterton
4999,0,420,324,0,0,1,0,0,3.0,427,93,427,14,0,7,68,26,0,6,37,3.742,84.6,1.967,28.815,1.5,0.398,0.946,0.797,austen
5000,0,554,439,0,0,1,0,0,2.0,561,109,561,17,0,7,70,26,0,6,71,4.275,111.4,2.718,53.355,1.282,0.651,0.954,0.909,chesterton
5001,0,728,580,0,0,0,0,0,8.0,733,148,733,14,0,5,103,27,0,1,69,4.047,145.8,2.583,67.769,1.591,0.466,0.966,0.847,chesterton
5002,0,337,249,0,0,0,1,0,1.0,359,86,359,15,0,22,64,23,3,10,51,3.326,71.0,2.008,130.012,1.303,0.593,0.942,0.883,shakespeare
5003,0,456,341,0,0,6,1,0,3.0,470,104,470,26,0,14,71,25,0,15,46,3.779,93.2,2.393,30.646,1.651,0.442,0.952,0.824,chesterton
5004,0,840,663,0,0,1,0,0,1.25,850,172,850,28,0,10,120,25,1,8,81,4.099,169.2,2.771,197.337,1.593,0.471,0.971,0.854,austen
5005,0,73,52,0,0,0,1,0,1.0,80,19,80,6,0,7,14,17,2,2,15,3.421,15.2,2.194,10.33,1.118,0.789,0.737,0.92,shakespeare
5006,0,468,366,0,0,0,0,1,3.0,479,95,479,16,0,11,62,24,0,3,46,4.137,95.0,2.731,48.26,1.462,0.484,0.947,0.841,austen
5007,0,589,460,0,0,0,0,0,1.0,594,126,594,17,0,5,87,25,0,3,55,3.825,118.0,2.274,31.089,1.537,0.437,0.96,0.829,chesterton
5008,0,238,178,0,0,1,0,2,4.0,247,57,247,11,0,9,43,22,1,5,36,3.509,48.6,2.277,29.297,1.213,0.632,0.912,0.886,chesterton
5009,0,254,185,0,0,0,0,2,1.0,263,61,263,15,0,9,42,24,0,8,30,3.459,51.8,2.18,29.269,1.356,0.492,0.918,0.827,austen
5010,0,335,246,0,0,0,1,0,2.0,356,86,356,13,0,21,68,23,0,7,33,3.256,70.4,1.723,87.208,1.654,0.384,0.942,0.785,shakespeare
5011,0,614,481,0,0,0,0,0,1.0,620,131,620,17,0,6,96,26,3,6,64,3.847,123.2,2.507,74.694,1.472,0.489,0.962,0.853,chesterton
5012,0,1008,791,0,0,1,0,0,0.25,1024,201,1024,36,0,16,131,25,1,12,85,4.204,204.0,2.601,126.9,1.634,0.423,0.975,0.838,austen
5013,0,209,156,0,0,0,0,0,2.0,221,52,221,12,0,12,39,24,0,5,35,3.462,43.4,2.38,58.943,1.238,0.673,0.904,0.9,shakespeare
5014,0,409,320,0,0,1,0,0,0.25,418,88,418,17,0,9,59,24,0,6,45,3.966,82.8,2.735,56.91,1.375,0.511,0.943,0.85,austen
5015,0,586,466,0,0,0,0,0,2.0,595,121,595,12,0,9,82,24,0,8,77,4.025,118.2,2.365,51.819,1.344,0.636,0.959,0.906,chesterton
5016,0,591,450,0,0,1,1,0,5.0,599,129,599,23,0,8,93,25,1,11,65,3.76,119.0,2.294,52.144,1.449,0.504,0.961,0.859,austen
5017,0,269,197,0,0,4,1,2,2.0,279,61,279,23,0,10,42,24,2,17,42,3.934,55.0,3.038,43.497,1.245,0.689,0.918,0.909,chesterton
5018,0,569,411,0,0,2,0,0,0.5,586,145,586,33,0,17,119,24,1,20,60,3.214,116.4,1.959,87.791,1.667,0.414,0.966,0.823,austen
5019,0,635,487,0,0,1,0,0,1.0,646,140,646,25,0,11,95,24,4,13,72,3.764,128.4,2.281,54.811,1.474,0.514,0.964,0.865,chesterton
5020,0,204,154,0,0,0,0,0,2.0,219,49,219,9,0,15,33,23,0,5,35,3.633,43.0,2.186,71.47,1.225,0.714,0.898,0.914,shakespeare
5021,0,108,83,0,0,0,0,0,1.0,120,26,120,4,0,12,17,20,0,2,21,3.808,23.2,2.498,34.896,1.13,0.808,0.808,0.934,shakespeare
5022,0,352,277,0,0,1,1,0,1.0,357,74,357,12,0,5,49,23,0,8,41,4.014,70.6,2.474,59.26,1.396,0.554,0.932,0.863,chesterton
5023,0,677,493,0,0,4,0,0,0.3333333333333333,701,165,701,44,0,24,130,25,1,29,72,3.455,139.4,2.088,53.547,1.634,0.436,0.97,0.838,austen
5024,0,322,248,0,0,1,1,0,2.0,328,72,328,14,0,6,53,26,2,6,35,3.778,64.8,2.144,38.906,1.385,0.486,0.931,0.831,chesterton
5025,0,383,285,0,0,2,0,0,3.0,389,87,389,22,0,6,65,24,0,10,46,3.655,77.0,1.829,19.95,1.403,0.529,0.943,0.857,chesterton
5026,0,497,397,0,0,0,0,0,0.3333333333333333,510,99,510,15,0,13,66,24,0,4,52,4.303,101.2,2.779,72.403,1.435,0.525,0.949,0.86,austen
5027,0,571,444,0,0,1,1,0,2.0,580,122,580,15,0,9,85,25,0,5,72,3.869,115.2,2.185,108.47,1.356,0.59,0.959,0.89,chesterton
5028,0,178,133,0,0,0,1,0,1.0,189,43,189,10,0,11,32,21,0,4,29,3.581,37.0,2.13,31.024,1.229,0.674,0.884,0.895,shakespeare
5029,0,693,524,1,1,3,0,0,1.0,706,152,706,35,0,13,106,25,1,15,59,3.809,140.4,2.654,64.871,1.727,0.388,0.967,0.812,chesterton
5030,0,608,474,0,0,1,1,0,0.5,616,131,616,16,0,8,91,26,0,5,69,3.817,122.4,2.194,117.912,1.424,0.527,0.962,0.868,austen
5031,0,571,433,0,0,1,0,0,4.0,581,135,581,27,0,10,104,24,0,8,60,3.504,115.4,2.171,114.203,1.534,0.444,0.963,0.835,austen
5032,0,537,420,0,0,2,0,0,2.0,546,115,546,19,0,9,78,24,0,7,54,3.93,108.4,2.495,28.867,1.456,0.47,0.957,0.841,austen
5033,0,420,329,0,0,0,0,0,1.0,426,92,426,12,0,6,66,22,0,3,46,3.772,84.4,2.463,23.954,1.373,0.5,0.946,0.847,austen
5034,0,953,743,1,0,0,0,0,0.3333333333333333,966,200,966,37,2,13,139,24,0,16,91,3.975,192.4,2.687,169.264,1.626,0.455,0.975,0.851,austen
5035,0,105,78,0,0,0,0,0,1.0,112,27,112,6,0,7,20,21,1,2,17,3.37,21.6,2.186,30.287,1.286,0.63,0.815,0.86,shakespeare
5036,0,497,385,0,2,1,0,0,1.0,506,106,506,22,0,9,71,24,2,9,67,3.953,100.4,2.702,38.227,1.262,0.632,0.953,0.902,chesterton
5037,0,178,130,0,0,0,0,0,1.0,186,48,186,10,0,8,41,22,0,3,25,3.083,36.4,1.877,57.622,1.371,0.521,0.896,0.831,shakespeare
5038,0,270,199,0,3,1,1,1,0.25,276,64,276,18,0,6,45,23,0,4,36,3.531,54.4,2.594,41.645,1.306,0.562,0.922,0.862,austen
5039,0,190,136,0,0,0,1,0,1.0,202,52,202,11,0,12,46,22,0,5,30,3.058,39.6,1.685,56.584,1.238,0.577,0.904,0.861,shakespeare
5040,0,798,626,0,0,0,0,0,5.0,812,168,812,23,0,14,113,26,1,4,79,3.946,161.6,2.327,50.312,1.556,0.47,0.97,0.853,chesterton
5041,0,535,412,0,0,1,1,2,0.3333333333333333,546,118,546,19,2,11,82,24,1,6,65,3.78,108.4,2.254,93.823,1.439,0.551,0.958,0.875,austen
5042,0,595,446,0,0,3,1,1,1.0,605,138,605,27,0,10,107,25,0,18,65,3.543,120.2,2.368,106.093,1.551,0.471,0.964,0.847,austen
5043,0,297,219,0,0,3,0,1,3.0,310,69,310,21,0,13,50,24,2,10,43,3.768,61.2,2.68,50.692,1.302,0.623,0.928,0.888,chesterton
5044,0,77,57,0,0,0,0,0,1.0,82,21,82,6,0,5,15,17,3,3,16,3.238,15.6,1.895,18.352,1.167,0.762,0.762,0.911,shakespeare
5045,0,281,211,0,0,0,0,0,1.0,295,66,295,16,0,14,45,22,0,5,39,3.652,58.2,2.421,71.939,1.347,0.591,0.924,0.874,shakespeare
5046,0,254,185,0,0,2,0,0,1.0,261,68,261,12,0,7,57,23,0,11,30,3.059,51.4,2.087,16.087,1.545,0.441,0.926,0.806,austen
5047,0,271,198,0,0,2,0,0,2.0,281,72,281,15,0,10,61,23,0,10,42,3.167,55.4,1.95,33.065,1.385,0.583,0.931,0.874,austen
5048,0,231,171,0,0,1,0,0,1.0,241,60,241,14,0,10,45,23,0,6,23,3.3,47.4,2.189,20.611,1.622,0.383,0.917,0.766,austen
5049,0,1160,904,0,0,0,0,0,0.42857142857142855,1176,242,1176,41,0,16,164,25,1,15,93,3.971,234.4,2.601,160.608,1.82,0.384,0.979,0.826,austen
5050,0,263,200,0,0,1,0,3,3.0,270,57,270,11,0,7,37,24,0,3,28,3.877,53.2,2.164,47.039,1.462,0.491,0.912,0.824,chesterton
5051,0,402,298,0,0,3,0,0,1.0,409,98,409,22,0,7,78,23,0,14,50,3.418,81.0,2.187,71.355,1.485,0.51,0.949,0.853,austen
5052,0,151,111,0,0,2,2,0,2.0,158,35,158,9,0,7,24,21,0,4,23,3.743,30.8,2.254,13.084,1.207,0.657,0.857,0.882,chesterton
5053,0,456,365,0,0,0,0,0,4.0,462,92,462,9,0,6,56,23,0,4,49,4.13,91.6,2.317,15.931,1.394,0.533,0.946,0.861,chesterton
5054,0,1026,808,0,0,1,0,0,0.1111111111111111,1034,212,1034,30,0,8,144,26,0,10,89,4.005,206.0,2.79,158.898,1.738,0.42,0.976,0.838,austen
5055,0,363,277,0,0,0,1,0,0.3333333333333333,378,79,378,22,0,15,56,23,2,8,51,3.987,74.8,2.776,64.511,1.274,0.646,0.937,0.9,austen
5056,0,495,385,0,0,0,0,0,2.3333333333333335,500,107,500,18,0,5,73,24,1,5,48,3.832,99.2,2.377,94.006,1.551,0.449,0.953,0.828,austen
5057,0,152,110,0,0,0,0,0,1.0,163,41,163,10,0,11,31,21,0,4,26,3.195,31.8,2.076,52.818,1.242,0.634,0.878,0.877,shakespeare
5058,0,358,255,0,0,2,1,0,1.0,369,92,369,28,0,11,75,24,1,20,41,3.261,73.0,2.353,24.423,1.533,0.446,0.946,0.821,austen
5059,0,361,274,0,0,2,0,1,4.0,369,84,369,19,0,8,63,25,1,8,45,3.631,73.0,2.384,67.602,1.377,0.536,0.94,0.859,austen
5060,0,132,99,0,0,0,1,0,3.0,142,33,142,6,0,10,25,21,0,0,23,3.485,27.6,2.386,28.263,1.222,0.697,0.848,0.897,shakespeare
5061,0,132,85,0,0,0,3,1,2.0,141,40,141,18,0,9,34,22,3,8,21,2.8,27.4,1.951,16.965,1.379,0.525,0.875,0.825,austen
5062,0,498,382,0,0,2,0,0,2.0,503,111,503,17,0,5,82,24,1,10,65,3.685,99.8,2.187,83.152,1.337,0.586,0.955,0.886,chesterton
5063,0,226,162,0,0,2,0,1,1.0,233,59,233,19,0,7,45,21,0,11,29,3.288,45.8,2.259,44.082,1.475,0.492,0.915,0.826,austen
5064,0,151,108,0,0,2,1,2,0.5,156,38,156,13,0,5,28,23,0,8,25,3.421,30.4,2.274,27.97,1.188,0.658,0.868,0.885,austen
5065,0,389,309,0,0,0,0,0,3.0,398,79,398,12,0,9,53,23,0,0,38,4.177,78.8,2.674,28.093,1.436,0.481,0.937,0.833,chesterton
5066,0,713,552,0,0,1,0,1,3.0,719,150,719,31,0,6,103,25,0,8,64,3.947,143.0,2.572,187.305,1.63,0.427,0.967,0.83,austen
5067,0,814,637,0,0,0,0,0,3.0,826,174,826,26,0,12,117,25,5,10,81,3.879,164.4,2.314,83.668,1.596,0.466,0.971,0.852,chesterton
5068,0,309,232,0,0,3,0,0,2.0,318,68,318,18,0,9,45,24,0,11,39,3.912,62.8,2.411,49.307,1.388,0.574,0.926,0.868,chesterton
5069,0,773,601,0,0,3,0,0,2.5,782,161,782,29,0,9,112,24,1,12,73,4.006,155.6,2.423,55.976,1.533,0.453,0.969,0.844,austen
5070,0,628,510,0,0,0,0,0,6.0,637,119,637,10,0,9,76,25,0,5,56,4.445,126.6,2.996,42.98,1.526,0.471,0.958,0.842,chesterton
5071,0,1057,837,0,0,0,0,0,1.0,1075,220,1075,32,0,18,137,25,1,4,107,4.032,214.2,2.485,93.636,1.642,0.486,0.977,0.866,chesterton
5072,0,283,219,0,0,0,0,1,1.0,291,63,291,11,0,8,45,24,0,3,37,3.778,57.4,2.581,29.871,1.286,0.587,0.921,0.872,austen
5073,0,847,673,0,0,0,0,0,3.0,856,174,856,23,0,9,116,26,4,9,82,4.057,170.4,2.367,90.544,1.54,0.471,0.971,0.854,chesterton
